volumen_nominal,ticker,imbalance,precio_settlement_anterior,precio_venta,openInterest,precio_promedio,description,cantidad_operaciones,apertura,tickDirection,securityDesc,securitySubType,fecha_vencimiento,precio_cierre_anterior,tipo_liquidacion,cantidad_venta,maximo,moneda,precio_compra,minimo,mercado,monto_operado,volume,ultimo_precio,dias_al_vencimiento,tipo_instrumento,closingPrice,settlementPrice,cantidad_compra,hora_ultimo_trade,years_to_maturity,spread_abs,spread_pct,liquidity_score,issuer,cuit,sector,is_mapped
26000000.0,VSCQX,0.0,148000.0,0.0,0.0,148377.0,,1,0.0,0,,,2028-07-08,148000.0,1,0.0,148377.0,ARS,0.0,148377.0,BYMA,38578020000.0,26000000.0,148377.0,648,CORP,0.0,148377.0,0.0,12:25:15,1.7741,,,71.0,Vista Oil & Gas Argentina S.A.U.,33515950899,Energía - Petróleo y Gas,True
2900000.0,PN38X,0.0,163500.0,0.0,0.0,165000.0,,1,0.0,0,,,2027-08-11,163500.0,1,0.0,165000.0,ARS,0.0,165000.0,BYMA,4785000000.0,2900000.0,165000.0,316,CORP,0.0,165000.0,0.0,12:17:13,0.8652,,,70.98,Pan American Energy LLC (PAE Sucursal),30714813583,Energía - Petróleo y Gas,True
2576936.0,JNC5X,0.0,148700.0,0.0,0.0,150100.6695484,,4,0.0,-1,,,2026-10-09,148700.0,1,0.0,150100.769,ARS,0.0,150100.272,BYMA,3867998189.83,2576936.0,150100.769,10,CORP,0.0,150100.769,0.0,15:22:04,0.0274,,,72.18,[JNC],,Sin mapear,False
2102282.0,YM44O,-0.0034999999999999996,154150.0,153600.0,0.0,153480.2473074,,349,154200.0,-1,,,2035-06-18,154150.0,2,108657.0,157000.0,ARS,153500.0,152920.0,BYMA,3226587612.7,2102282.0,153600.0,3184,CORP,0.0,153600.0,1000.0,15:44:25,8.7173,100.0,0.0651,99.54,YPF S.A.,30546689979,Energía - Petróleo y Gas,True
1231826.0,CACDX,0.0,160860.0,0.0,0.0,160952.99,,2,0.0,-1,,,2029-06-04,160860.0,1,0.0,160952.99,ARS,0.0,160952.99,BYMA,1982660778.6,1231826.0,160952.99,979,CORP,0.0,160952.99,0.0,12:51:38,2.6804,,,71.53,Capex S.A.,30629827060,Energía - Electricidad,True
1000000.0,AFCQX,0.0,153700.0,0.0,0.0,161700.0,,1,0.0,0,,,2027-12-06,153700.0,1,0.0,161700.0,ARS,0.0,161700.0,BYMA,1617000000.0,1000000.0,161700.0,433,CORP,0.0,161700.0,0.0,13:41:20,1.1855,,,70.89,Banco Comafi S.A.,30604731018,Financiero - Bancos,True
973798.0,YM34O,-0.0033,166000.0,165450.0,0.0,164598.6199705,,1098,166900.0,-1,,,2034-01-17,166000.0,2,1535.0,166900.0,ARS,165250.0,163610.0,BYMA,1602858069.3,973798.0,165450.0,2667,CORP,0.0,165450.0,734.0,15:43:33,7.3018,200.0,0.121,99.17,YPF S.A.,30546689979,Energía - Petróleo y Gas,True
915093.0,YMCXO,-0.0076,166900.0,165970.0,0.0,166487.1215822,,601,168500.0,2,,,2031-09-11,166900.0,2,454.0,169190.0,ARS,165660.0,165630.0,BYMA,1523511995.5,915093.0,165630.0,1808,CORP,0.0,165630.0,498.0,15:43:59,4.95,310.0,0.1871,98.65,YPF S.A.,30546689979,Energía - Petróleo y Gas,True
656000.0,VSCXO,-0.0067,165630.0,164690.0,0.0,164919.3292683,,190,168000.0,-1,,,2038-04-08,165630.0,2,6000.0,168000.0,ARS,164510.0,162740.0,BYMA,1081870800.0,656000.0,164510.0,4209,CORP,0.0,164510.0,2000.0,15:44:54,11.5236,180.0,0.1094,99.0,Vista Oil & Gas Argentina S.A.U.,33515950899,Energía - Petróleo y Gas,True
670000.0,MGCRO,-0.013300000000000001,160100.0,157970.0,0.0,158037.1641791,,60,158720.0,-1,,,2037-11-14,160100.0,2,10000.0,158820.0,ARS,157670.0,157460.0,BYMA,1058849000.0,670000.0,157970.0,4064,CORP,0.0,157970.0,10000.0,15:38:56,11.1266,300.0,0.1903,98.04,Pampa Energía S.A.,30526552659,Energía - Electricidad,True
513874.0,VSCYX,0.0,156110.8,0.0,0.0,157334.1,,1,0.0,0,,,2028-01-16,156110.8,1,0.0,157334.1,ARS,0.0,157334.1,BYMA,808499033.03,513874.0,157334.1,474,CORP,0.0,157334.1,0.0,15:23:48,1.2977,,,70.78,Vista Oil & Gas Argentina S.A.U.,33515950899,Energía - Petróleo y Gas,True
485330.0,IRCPO,-0.004,161328.4,160700.0,0.0,161899.8782272,,670,160000.0,0,,,2035-03-31,161328.4,2,3284.0,165700.0,ARS,160550.0,160000.0,BYMA,785748679.0,485330.0,160670.0,3105,CORP,0.0,160670.0,5774.0,15:43:11,8.501,150.0,0.0934,99.33,IRSA Inversiones y Representaciones S.A.,30524688673,Real Estate,True
480000.0,MGCOO,-0.0003,162900.0,163000.0,0.0,163049.1666667,,47,163000.0,-1,,,2034-12-16,162900.0,2,10000.0,163100.0,ARS,159200.0,162020.0,BYMA,782636000.0,480000.0,162850.0,3000,CORP,0.0,162850.0,50000.0,15:28:00,8.2136,3800.0,2.3869,89.11,Pampa Energía S.A.,30526552659,Energía - Electricidad,True
356839.0,YM39O,-0.009000000000000001,170750.0,169470.0,0.0,170892.7677188,,168,174990.0,-1,,,2030-07-22,170750.0,2,432.0,176400.0,ARS,169210.0,169160.0,BYMA,609812043.4,356839.0,169210.0,1392,CORP,0.0,169210.0,19765.0,15:36:09,3.8111,260.0,0.1537,98.52,YPF S.A.,30546689979,Energía - Petróleo y Gas,True
356000.0,VSCVO,-0.0158,173070.0,170300.0,0.0,171219.9719101,,119,170250.0,2,,,2033-06-10,173070.0,2,5000.0,173500.0,ARS,170250.0,170250.0,BYMA,609543100.0,356000.0,170320.0,2446,CORP,0.0,170320.0,5000.0,15:29:48,6.6968,50.0,0.0294,99.36,Vista Oil & Gas Argentina S.A.U.,33515950899,Energía - Petróleo y Gas,True
361000.0,TTCDO,-0.0124,167670.0,165740.0,0.0,166020.166205,,68,167510.0,0,,,2030-11-03,167670.0,2,34000.0,168740.0,ARS,165120.0,165300.0,BYMA,599332800.0,361000.0,165590.0,1496,CORP,0.0,165590.0,14000.0,15:35:21,4.0958,620.0,0.3755,96.83,Tecpetrol S.A.,30592665472,Energía - Petróleo y Gas,True
361000.0,PLC7O,-0.002,157190.0,156870.0,0.0,156834.0166205,,133,157800.0,-1,,,2037-09-30,157190.0,2,30000.0,157840.0,ARS,156500.0,156110.0,BYMA,566170800.0,361000.0,156870.0,4019,CORP,0.0,156870.0,3000.0,15:44:58,11.0034,370.0,0.2364,97.91,Pluspetrol S.A.,30678224010,Energía - Petróleo y Gas,True
282562.0,YMCJO,-0.0199,159227.35,156260.0,0.0,156528.4358831,,711,157500.0,2,,,2033-09-30,159227.35,2,3846.0,160340.0,ARS,156050.0,155910.0,BYMA,442289879.0,282562.0,156050.0,2558,CORP,0.0,156050.0,900.0,15:44:08,7.0034,210.0,0.1346,98.84,YPF S.A.,30546689979,Energía - Petróleo y Gas,True
207534.0,TLCPO,-0.0212,174980.0,171430.0,0.0,171504.9020401,,359,174990.0,2,,,2033-05-28,174980.0,2,703.0,174990.0,ARS,171260.0,170880.0,BYMA,355930983.4,207534.0,171260.0,2433,CORP,0.0,171260.0,1.0,15:41:26,6.6612,170.0,0.0993,98.94,Telecom Argentina S.A.,30639453738,Telecomunicaciones,True
198000.0,TTCAO,-0.0025,163020.0,162600.0,0.0,162416.6666667,,13,160180.0,-1,,,2033-01-22,163020.0,2,82000.0,162600.0,ARS,161420.0,160180.0,BYMA,321585000.0,198000.0,162600.0,2307,CORP,0.0,162600.0,10000.0,15:25:30,6.3162,1180.0,0.731,92.63,Tecpetrol S.A.,30592665472,Energía - Petróleo y Gas,True
191397.0,RUCDO,-0.009000000000000001,166000.0,164500.0,0.0,164746.0206795,,224,166000.0,-1,,,2030-12-05,166000.0,2,50000.0,167490.0,ARS,163750.0,163740.0,BYMA,315318941.2,191397.0,164500.0,1528,CORP,0.0,164500.0,2306.0,15:42:49,4.1834,750.0,0.458,96.28,CERAMICA RUTA 16 S.R.L.,30710080085,,True
185000.0,TLCMO,-0.0067,171500.0,170390.0,0.0,170412.0540541,,83,172000.0,-1,,,2031-07-18,171500.0,2,5000.0,172000.0,ARS,170010.0,169600.0,BYMA,315262300.0,185000.0,170350.0,1753,CORP,0.0,170350.0,11000.0,15:44:01,4.7995,380.0,0.2235,97.74,Telecom Argentina S.A.,30639453738,Telecomunicaciones,True
185462.0,TLCTO,-0.0125,166900.0,164800.0,0.0,164634.4459782,,486,165860.0,0,,,2036-01-20,166900.0,2,3759.0,166990.0,ARS,164650.0,163510.0,BYMA,305334336.2,185462.0,164800.0,3400,CORP,0.0,164800.0,1506.0,15:43:33,9.3087,150.0,0.0911,99.12,Telecom Argentina S.A.,30639453738,Telecomunicaciones,True
159000.0,PLC5O,0.0084,166600.0,168000.0,0.0,167147.1698113,,46,163680.0,0,,,2031-05-18,166600.0,2,47000.0,168290.0,ARS,167790.0,163680.0,BYMA,265764000.0,159000.0,168000.0,1692,CORP,0.0,168000.0,2000.0,15:36:30,4.6324,210.0,0.1252,98.04,Pluspetrol S.A.,30678224010,Energía - Petróleo y Gas,True
153478.0,YM42O,-0.0062,162890.0,161870.0,0.0,162192.0303887,,152,162820.0,0,,,2029-03-02,162890.0,2,44.0,162820.0,ARS,161700.0,161010.0,BYMA,248929084.4,153478.0,161870.0,885,CORP,0.0,161870.0,188.0,15:42:32,2.423,170.0,0.1051,98.65,YPF S.A.,30546689979,Energía - Petróleo y Gas,True
134000.0,PLC4O,-0.0052,168370.0,167560.0,0.0,167904.9253731,,45,167500.0,2,,,2032-05-30,168370.0,2,4000.0,168180.0,ARS,167320.0,167330.0,BYMA,224992600.0,134000.0,167480.0,2070,CORP,0.0,167480.0,1000.0,15:44:01,5.6674,240.0,0.1434,97.85,Pluspetrol S.A.,30678224010,Energía - Petróleo y Gas,True
129790.0,MCC3O,0.0042,157160.0,157950.0,0.0,157498.0878342,,82,157000.0,0,,,2030-05-11,157160.0,2,12662.0,158020.0,ARS,157370.0,156950.0,BYMA,204416768.2,129790.0,157830.0,1320,CORP,0.0,157830.0,5844.0,15:43:49,3.614,580.0,0.3686,96.73,[MCC],,Sin mapear,False
124895.0,YFCNO,-0.0007000000000000001,159440.0,159800.0,0.0,159272.520197,,6,159710.0,2,,,2026-10-03,159440.0,2,1250.0,159950.0,ARS,159320.0,159270.0,BYMA,198923414.1,124895.0,159320.0,4,CORP,0.0,159320.0,150000.0,15:18:56,0.011,480.0,0.3013,94.89,YPF Energía Eléctrica S.A.,30714128309,Energía - Electricidad,True
118000.0,PN43O,0.0,163610.0,163840.0,0.0,163415.7627119,,30,163510.0,-1,,,2037-01-15,163610.0,2,3000.0,163850.0,ARS,163600.0,162920.0,BYMA,192830600.0,118000.0,163600.0,3761,CORP,0.0,163600.0,2000.0,15:39:31,10.2971,240.0,0.1467,97.42,Pan American Energy LLC (PAE Sucursal),30714813583,Energía - Petróleo y Gas,True
119165.0,CS53O,-0.0063,157000.0,156680.0,0.0,155620.9819158,,57,155690.0,-1,,,2030-04-30,157000.0,2,502.0,157050.0,ARS,155520.0,155200.0,BYMA,185445743.1,119165.0,156000.0,1309,CORP,0.0,156000.0,850.0,15:30:58,3.5838,1160.0,0.7459,93.4,Cresud S.A.C.I.F. y A.,30509300700,Agro - Real Estate,True
115799.0,RC2CO,0.0037,159410.0,160100.0,0.0,159947.4390971,,12,159100.0,0,,,2026-10-06,159410.0,2,5000.0,160000.0,ARS,159500.0,159100.0,BYMA,185217535.0,115799.0,160000.0,7,CORP,0.0,160000.0,89211.0,15:13:29,0.0192,600.0,0.3762,95.12,ARCOR S.A.I.C.,30502793175,,True
101000.0,TSC3O,-0.0013,170700.0,170510.0,0.0,169851.1881188,,10,168970.0,-1,,,2031-07-24,170700.0,2,41000.0,170470.0,ARS,168950.0,168900.0,BYMA,171549700.0,101000.0,170470.0,1759,CORP,0.0,170470.0,10000.0,15:42:49,4.8159,1560.0,0.9234,91.1,[TSC],,Sin mapear,False
111115.0,YMCIO,-0.0086,146230.0,145370.0,0.0,145629.6729514,,283,146440.0,2,,,2029-07-02,146230.0,2,575.0,147390.0,ARS,144950.0,144010.0,BYMA,161816411.1,111115.0,144970.0,1007,CORP,0.0,144970.0,205.0,15:34:43,2.757,420.0,0.2898,97.3,YPF S.A.,30546689979,Energía - Petróleo y Gas,True
99643.0,EAC4O,0.0023,156420.0,156780.0,0.0,156266.0644501,,225,157680.0,-1,,,2036-06-16,156420.0,2,2321.0,157680.0,ARS,156750.0,154500.0,BYMA,155708194.6,99643.0,156780.0,3548,CORP,0.0,156780.0,627.0,15:42:28,9.7139,30.0,0.0191,99.1,MSU GREEN ENERGY S.A.U.,30714155128,,True
97700.0,DNCAO,-0.0168,161350.0,158700.0,0.0,158966.4585466,,130,160000.0,0,,,2033-04-28,161350.0,2,33900.0,160500.0,ARS,158450.0,158090.0,BYMA,155310230.0,97700.0,158630.0,2403,CORP,0.0,158630.0,700.0,15:42:32,6.5791,250.0,0.1578,97.98,EDENOR S.A.,30655116202,,True
94178.0,PN36O,-0.0318,169600.0,164150.0,0.0,164587.6006074,,81,170900.0,0,,,2031-11-13,169600.0,2,9163.0,170900.0,ARS,163500.0,163530.0,BYMA,155005310.5,94178.0,164200.0,1871,CORP,0.0,164200.0,3004.0,14:56:37,5.1225,650.0,0.3976,96.16,Pan American Energy LLC (PAE Sucursal),30714813583,Energía - Petróleo y Gas,True
94000.0,MGCMO,-0.0052,165280.0,164860.0,0.0,164567.4468085,,9,164480.0,-1,,,2031-09-10,165280.0,2,20000.0,165010.0,ARS,164170.0,164260.0,BYMA,154693400.0,94000.0,164420.0,1807,CORP,0.0,164420.0,10000.0,14:02:15,4.9473,690.0,0.4203,94.24,Pampa Energía S.A.,30526552659,Energía - Electricidad,True
98786.0,YM43O,-0.0021,155640.0,155380.0,0.0,155455.7600267,,88,154000.0,2,,,2030-04-14,155640.0,2,4987.0,155850.0,ARS,155100.0,153710.0,BYMA,153568527.1,98786.0,155310.0,1293,CORP,0.0,155310.0,1931.0,15:44:31,3.54,280.0,0.1805,97.74,YPF S.A.,30546689979,Energía - Petróleo y Gas,True
90400.0,YM38O,-0.0019,161800.0,161480.0,0.0,161340.3331858,,72,162030.0,0,,,2027-07-22,161800.0,2,6596.0,162030.0,ARS,161150.0,160310.0,BYMA,145851661.2,90400.0,161490.0,296,CORP,0.0,161490.0,1107.0,15:31:32,0.8104,330.0,0.2048,97.34,YPF S.A.,30546689979,Energía - Petróleo y Gas,True
87335.0,VSCRO,-0.0005,167000.0,167120.0,0.0,166655.8424458,,152,167000.0,-1,,,2031-10-10,167000.0,2,7000.0,169000.0,ARS,166910.0,165820.0,BYMA,145548880.0,87335.0,166900.0,1837,CORP,0.0,166900.0,1.0,15:44:18,5.0294,210.0,0.1258,98.22,Vista Oil & Gas Argentina S.A.U.,33515950899,Energía - Petróleo y Gas,True
93011.0,MIC6O,-0.009899999999999999,155500.0,154400.0,0.0,154260.5510101,,92,156500.0,2,,,2028-05-28,155500.0,2,13482.0,156500.0,ARS,154040.0,153300.0,BYMA,143479281.1,93011.0,153960.0,607,CORP,0.0,153960.0,10000.0,15:36:27,1.6619,360.0,0.2337,97.34,MIRGOR S.A.,30578036071,,True
86120.0,CP36O,0.0019,157570.0,159820.0,0.0,158077.0786112,,7,156560.0,2,,,2027-10-10,157570.0,1,30000.0,159860.0,ARS,153910.0,156560.0,BYMA,136135980.1,86120.0,157870.0,376,CORP,0.0,157870.0,2435.0,14:55:06,1.0294,5910.0,3.8399,84.72,Cía. General de Combustibles S.A.,30506733932,Energía - Gas,True
81964.0,BF48O,-0.0066,161840.0,0.0,0.0,161162.55051,,2,161410.0,2,,,2028-01-24,161840.0,1,0.0,161410.0,ARS,0.0,160760.0,BYMA,132095272.9,81964.0,160760.0,482,CORP,0.0,160760.0,0.0,14:37:58,1.3196,,,70.69,BANCO BBVA ARGENTINA S.A.,30500003193,,True
83584.0,VMC1O,-0.0029,154830.0,154460.0,0.0,154425.3923,,44,154850.0,-1,,,2030-09-22,154830.0,2,30000.0,157690.0,ARS,151570.0,150600.0,BYMA,129074919.9,83584.0,154380.0,1454,CORP,0.0,154380.0,3000.0,15:38:21,3.9808,2890.0,1.9067,89.4,ESTACION DE SERVICIOS 25 DE MAYO SRL,33708128649,,True
74000.0,BACGO,0.013500000000000002,163280.0,165500.0,0.0,165190.6756757,,18,166020.0,0,,,2029-06-23,163280.0,2,14000.0,166020.0,ARS,164490.0,164460.0,BYMA,122241100.0,74000.0,165500.0,998,CORP,0.0,165500.0,2000.0,15:29:15,2.7324,1010.0,0.614,93.21,[BAC],,Sin mapear,False
75459.0,TTCEO,-0.01,157000.0,158380.0,0.0,158483.0537113,,196,158500.0,-1,,,2029-05-21,157000.0,2,3562.0,159000.0,ARS,155550.0,155010.0,BYMA,119589727.5,75459.0,155420.0,965,CORP,0.0,155420.0,1059.0,15:09:23,2.642,2830.0,1.8194,90.27,Tecpetrol S.A.,30592665472,Energía - Petróleo y Gas,True
72000.0,TSC4O,-0.006,163400.0,162870.0,0.0,163080.9722222,,32,167400.0,0,,,2035-11-20,163400.0,2,3000.0,167400.0,ARS,162500.0,161660.0,BYMA,117418300.0,72000.0,162410.0,3339,CORP,0.0,162410.0,7000.0,15:41:49,9.1417,370.0,0.2277,96.56,[TSC],,Sin mapear,False
75000.0,AFCRO,0.0,0.0,0.0,0.0,155300.0,,1,155300.0,0,,,2027-08-26,0.0,2,0.0,155300.0,ARS,0.0,155300.0,BYMA,116475000.0,75000.0,155300.0,331,CORP,0.0,155300.0,0.0,15:31:51,0.9062,,,69.95,Banco Comafi S.A.,30604731018,Financiero - Bancos,True
67384.0,IRCPO,-0.0038,167250.0,167970.0,0.0,166168.2535914,,67,164600.0,-1,,,2035-03-31,167250.0,1,4500.0,168000.0,ARS,166240.0,164600.0,BYMA,111970816.0,67384.0,166600.0,3105,CORP,0.0,166600.0,10000.0,15:34:16,8.501,1730.0,1.0407,91.74,IRSA Inversiones y Representaciones S.A.,30524688673,Real Estate,True
65000.0,VSCTO,-0.0175,164400.0,162290.0,0.0,161873.0769231,,5,161620.0,0,,,2035-12-10,164400.0,2,20000.0,162410.0,ARS,161550.0,161510.0,BYMA,105217500.0,65000.0,161530.0,3359,CORP,0.0,161510.0,10000.0,15:41:58,9.1964,740.0,0.4581,93.07,Vista Oil & Gas Argentina S.A.U.,33515950899,Energía - Petróleo y Gas,True
61000.0,YFCJO,-0.0103,167740.0,166720.0,0.0,166174.5901639,,17,168320.0,0,,,2032-10-16,167740.0,2,3000.0,168320.0,ARS,166000.0,165560.0,BYMA,101366500.0,61000.0,166000.0,2209,CORP,0.0,166000.0,1000.0,15:31:19,6.0479,720.0,0.4337,94.51,YPF Energía Eléctrica S.A.,30714128309,Energía - Electricidad,True
61864.0,PN35O,-0.0179,161990.0,159120.0,0.0,159300.361438,,110,165880.0,0,,,2029-09-27,161990.0,2,11704.0,165880.0,ARS,158740.0,157610.0,BYMA,98549575.6,61864.0,159090.0,1094,CORP,0.0,159090.0,5371.0,15:39:36,2.9952,380.0,0.2394,97.06,Pan American Energy LLC (PAE Sucursal),30714813583,Energía - Petróleo y Gas,True
56676.0,HJCFO,0.003,158620.0,159100.0,0.0,159100.0,,5,159100.0,-1,,,2026-10-21,158620.0,2,14570.0,159100.0,ARS,158500.0,159100.0,BYMA,90171516.0,56676.0,159100.0,22,CORP,0.0,159100.0,10000.0,15:34:54,0.0602,600.0,0.3785,93.78,John Deere Credit Cía. Financiera S.A.,30707024859,Financiero - Crédito Industrial,True
55882.0,CP36O,-0.0012,160130.0,159890.0,0.0,159860.2762965,,16,159920.0,-1,,,2027-10-10,160130.0,2,1968.0,159930.0,ARS,158910.0,159820.0,BYMA,89333119.6,55882.0,159930.0,376,CORP,0.0,159930.0,8834.0,14:16:13,1.0294,980.0,0.6167,92.88,Cía. General de Combustibles S.A.,30506733932,Energía - Gas,True
54110.0,CP41O,-0.025099999999999997,155100.0,152700.0,0.0,153046.3515062,,78,155000.0,-1,,,2029-09-07,155100.0,2,150.0,155000.0,ARS,151200.0,151200.0,BYMA,82813380.8,54110.0,151200.0,1074,CORP,0.0,151200.0,3454.0,15:40:12,2.9405,1500.0,0.9921,91.93,CIA GENERAL DE COMBUSTIBLES S.A.,30506733932,,True
88904.0,SBC1O,0.0,92190.0,93000.0,0.0,91019.423423,,95,91000.0,2,,,2027-09-05,92190.0,2,4059.0,93000.0,ARS,92190.0,91000.0,BYMA,80919908.2,88904.0,92190.0,341,CORP,0.0,92190.0,4152.0,14:42:02,0.9336,810.0,0.8786,92.45,SAN BAUTISTA DEL SUR SA,30715659340,,True
47409.0,YMCXO,-0.006,167000.0,166580.0,0.0,167009.2106984,,52,171180.0,-1,,,2031-09-11,167000.0,1,454.0,171190.0,ARS,165510.0,165220.0,BYMA,79177396.7,47409.0,165990.0,1808,CORP,0.0,165990.0,9996.0,15:43:55,4.95,1070.0,0.6465,93.43,YPF S.A.,30546689979,Energía - Petróleo y Gas,True
47888.0,LOC6O,-0.0063,159000.0,157990.0,0.0,158604.4495489,,64,159990.0,0,,,2029-01-23,159000.0,2,2001.0,159990.0,ARS,157800.0,157440.0,BYMA,75952498.8,47888.0,157990.0,847,CORP,0.0,157990.0,4.0,15:43:31,2.319,190.0,0.1204,97.54,[LOC],,Sin mapear,False
43570.0,OTS6O,0.0121,164990.0,165000.0,0.0,166096.7014,,26,164000.0,-1,,,2029-07-29,164990.0,2,12121.0,167000.0,ARS,161600.0,158920.0,BYMA,72368332.8,43570.0,167000.0,1034,CORP,0.0,167000.0,5000.0,15:43:33,2.8309,3400.0,2.104,88.3,[OTS],,Sin mapear,False
45050.0,VSCYO,-0.008100000000000001,158600.0,159000.0,0.0,157312.7746948,,60,155650.0,-1,,,2028-01-16,158600.0,2,1000.0,157500.0,ARS,156750.0,155650.0,BYMA,70869405.0,45050.0,157300.0,474,CORP,0.0,157300.0,1000.0,14:39:13,1.2977,2250.0,1.4354,90.63,Vista Oil & Gas Argentina S.A.U.,33515950899,Energía - Petróleo y Gas,True
40500.0,CP38O,-0.0028000000000000004,172980.0,172550.0,0.0,172007.4320988,,35,165700.0,2,,,2030-11-28,172980.0,2,1500.0,172570.0,ARS,172000.0,165700.0,BYMA,69663010.0,40500.0,172490.0,1521,CORP,0.0,172490.0,700.0,15:29:29,4.1643,550.0,0.3198,95.74,Cía. General de Combustibles S.A.,30506733932,Energía - Gas,True
41200.0,DNC7O,-0.003,165890.0,165410.0,0.0,165420.0485437,,47,167210.0,0,,,2030-10-24,165890.0,2,400.0,167210.0,ARS,165020.0,165000.0,BYMA,68153060.0,41200.0,165380.0,1486,CORP,0.0,165380.0,800.0,15:02:04,4.0684,390.0,0.2363,96.42,EDENOR S.A.,30655116202,,True
41081.0,YM37O,0.0095,157860.0,159360.0,0.0,159218.8281687,,75,157500.0,-1,,,2027-05-07,157860.0,2,173.0,159500.0,ARS,158720.0,157500.0,BYMA,65408686.8,41081.0,159360.0,220,CORP,0.0,159360.0,7387.0,15:39:17,0.6023,640.0,0.4032,95.4,YPF S.A.,30546689979,Energía - Petróleo y Gas,True
39767.0,TTC9O,-0.0115,166490.0,164540.0,0.0,164420.0885156,,31,164910.0,0,,,2029-10-24,166490.0,2,12155.0,165460.0,ARS,164200.0,162830.0,BYMA,65384936.6,39767.0,164570.0,1121,CORP,0.0,164570.0,6215.0,15:30:14,3.0691,340.0,0.2071,96.19,Tecpetrol S.A.,30592665472,Energía - Petróleo y Gas,True
40973.0,CS50O,-0.011000000000000001,158260.0,158000.0,0.0,157075.9702731,,36,159150.0,2,,,2029-03-10,158260.0,2,129.0,159150.0,ARS,156650.0,156510.0,BYMA,64358737.3,40973.0,156510.0,893,CORP,0.0,156510.0,300.0,13:50:45,2.4449,1350.0,0.8618,91.75,Cresud S.A.C.I.F. y A.,30509300700,Agro - Real Estate,True
39900.0,STCFO,0.0029,154537.9812,155000.0,0.0,155000.0,,2,155000.0,-1,,,2027-02-18,154537.9812,2,29100.0,155000.0,ARS,154000.0,155000.0,BYMA,61845000.0,39900.0,155000.0,142,CORP,0.0,155000.0,10000.0,11:27:41,0.3888,1000.0,0.6494,90.37,[STC],,Sin mapear,False
36925.0,YM34O,-0.0104,167120.0,165380.0,0.0,164486.6838186,,110,164370.0,-1,,,2034-01-17,167120.0,1,173.0,165380.0,ARS,165090.0,163650.0,BYMA,60736708.0,36925.0,165380.0,2667,CORP,0.0,165380.0,565.0,15:43:33,7.3018,290.0,0.1757,97.2,YPF S.A.,30546689979,Energía - Petróleo y Gas,True
36831.0,YMCJO,-0.0206,163680.0,161950.0,0.0,161052.8725802,,34,161500.0,2,,,2033-09-30,163680.0,1,756.0,164990.0,ARS,160310.0,160210.0,BYMA,59317383.5,36831.0,160300.0,2558,CORP,0.0,160300.0,3142.0,15:42:46,7.0034,1640.0,1.023,90.89,YPF S.A.,30546689979,Energía - Petróleo y Gas,True
32000.0,PNXCO,-0.0083,177080.0,176340.0,0.0,175660.3125,,13,176470.0,-1,,,2032-04-30,177080.0,2,1000.0,176470.0,ARS,175390.0,175470.0,BYMA,56211300.0,32000.0,175600.0,2040,CORP,0.0,175600.0,36000.0,14:02:51,5.5852,950.0,0.5417,92.77,Pan American Energy LLC (PAE Sucursal),30714813583,Energía - Petróleo y Gas,True
34600.0,RUCEO,0.0012,157200.0,157500.0,0.0,157677.1676301,,24,157200.0,2,,,2027-10-30,157200.0,2,4000.0,158000.0,ARS,157400.0,157200.0,BYMA,54556300.0,34600.0,157400.0,396,CORP,0.0,157400.0,300.0,15:44:14,1.0842,100.0,0.0635,96.96,CERAMICA RUTA 16 S.R.L.,30710080085,,True
33564.0,DNC5O,-0.005600000000000001,163430.0,162750.0,0.0,162429.7667143,,88,160800.0,-1,,,2028-08-05,163430.0,2,534.0,163450.0,ARS,162510.0,160800.0,BYMA,54517926.9,33564.0,162500.0,676,CORP,0.0,162500.0,10.0,15:37:31,1.8508,240.0,0.1477,97.17,EDENOR S.A.,30655116202,,True
33294.0,IRCJO,-0.0019,158300.0,158000.0,0.0,154703.8874872,,25,158120.0,0,,,2027-02-28,158300.0,2,8636.0,158180.0,ARS,156410.0,154110.0,BYMA,51507112.3,33294.0,157990.0,152,CORP,0.0,157990.0,1382.0,14:15:28,0.4162,1590.0,1.0166,90.64,IRSA Inversiones y Representaciones S.A.,30524688673,Real Estate,True
31064.0,CP40O,-0.0098,159800.0,158220.0,0.0,157891.5210533,,37,157020.0,-1,,,2028-03-09,159800.0,2,13324.0,158220.0,ARS,156510.0,155510.0,BYMA,49047422.1,31064.0,158220.0,527,CORP,0.0,158220.0,1.0,15:30:03,1.4428,1710.0,1.0926,90.67,CIA GENERAL DE COMBUSTIBLES S.A.,30506733932,,True
31055.0,PN34O,0.0134,155710.0,158650.0,0.0,157762.2807921,,47,155190.0,-1,,,2027-09-27,155710.0,2,12606.0,160700.0,ARS,156910.0,155190.0,BYMA,48993076.3,31055.0,157800.0,363,CORP,0.0,157800.0,3000.0,14:36:32,0.9938,1740.0,1.1089,90.74,Pan American Energy LLC (PAE Sucursal),30714813583,Energía - Petróleo y Gas,True
29658.0,OLC6O,-0.0182,164090.0,164540.0,0.0,163042.8609481,,32,166100.0,-1,,,2029-06-05,164090.0,2,12155.0,166100.0,ARS,163160.0,161100.0,BYMA,48355251.7,29658.0,161100.0,980,CORP,0.0,161100.0,36757.0,14:03:17,2.6831,1380.0,0.8458,91.51,OLEODUCTOS DEL VALLE S.A.,30658840165,,True
30155.0,PN37O,0.0143,158480.0,161740.0,0.0,160058.4460289,,29,159800.0,2,,,2028-11-13,158480.0,2,599.0,161750.0,ARS,160050.0,158200.0,BYMA,48265624.4,30155.0,160760.0,776,CORP,0.0,160760.0,2416.0,14:38:53,2.1246,1690.0,1.0559,90.53,Pan American Energy LLC (PAE Sucursal),30714813583,Energía - Petróleo y Gas,True
30000.0,MGCUO,-0.018799999999999997,158490.0,155510.0,0.0,156280.0,,11,158400.0,-1,,,2030-08-21,158490.0,2,3000.0,158400.0,ARS,155500.0,155500.0,BYMA,46884000.0,30000.0,155510.0,1422,CORP,0.0,155510.0,2000.0,14:09:37,3.8932,10.0,0.0064,96.36,Pampa Energía S.A.,30526552659,Energía - Electricidad,True
26654.0,IRCOO,-0.0018,162000.0,161700.0,0.0,161343.206273,,77,161770.0,-1,,,2029-10-23,162000.0,2,951.0,162250.0,ARS,161350.0,160630.0,BYMA,43004418.2,26654.0,161700.0,1120,CORP,0.0,161700.0,809.0,15:44:40,3.0664,350.0,0.2169,96.45,IRSA Inversiones y Representaciones S.A.,30524688673,Real Estate,True
27000.0,LQC1O,-0.053200000000000004,163000.0,157090.0,0.0,155951.8518519,,13,154780.0,2,,,2034-07-28,163000.0,2,1000.0,157510.0,ARS,156000.0,154320.0,BYMA,42107000.0,27000.0,154320.0,2859,CORP,0.0,154320.0,1000.0,15:01:49,7.8275,1090.0,0.6987,91.49,[LQC],,Sin mapear,False
26462.0,MCC3O,0.0022,157420.0,157880.0,0.0,157130.9243443,,24,157010.0,0,,,2030-05-11,157420.0,1,30000.0,157770.0,ARS,157270.0,157010.0,BYMA,41579985.2,26462.0,157770.0,1320,CORP,0.0,157770.0,12.0,15:23:05,3.614,610.0,0.3879,94.59,[MCC],,Sin mapear,False
24700.0,DNCAO,-0.0069,160020.0,160580.0,0.0,159168.7854251,,20,161000.0,2,,,2033-04-28,160020.0,1,10000.0,163820.0,ARS,158130.0,158900.0,BYMA,39314690.0,24700.0,158900.0,2403,CORP,0.0,158900.0,700.0,14:57:38,6.5791,2450.0,1.5494,89.11,EDENOR S.A.,30655116202,,True
23351.0,CS47O,-0.005600000000000001,163230.0,162240.0,0.0,162215.9928911,,20,162460.0,0,,,2028-11-15,163230.0,2,7388.0,162500.0,ARS,160700.0,162100.0,BYMA,37879056.5,23351.0,162310.0,778,CORP,0.0,162310.0,12000.0,14:01:57,2.13,1540.0,0.9583,90.57,Cresud S.A.C.I.F. y A.,30509300700,Agro - Real Estate,True
23237.0,RCCRO,-0.0075,162930.0,162520.0,0.0,161591.6577011,,45,161300.0,0,,,2027-05-09,162930.0,2,6169.0,163990.0,ARS,161700.0,161290.0,BYMA,37549053.5,23237.0,161700.0,222,CORP,0.0,161700.0,5000.0,15:43:30,0.6078,820.0,0.5071,93.73,Arcor S.A.I.C.,30502793175,Consumo - Alimentos,True
29890.0,LMS7O,0.011000000000000001,123630.0,125000.0,0.0,124835.9404483,,26,125120.0,0,,,2028-10-12,123630.0,2,247.0,125320.0,ARS,124500.0,123430.0,BYMA,37313462.6,29890.0,125000.0,744,CORP,0.0,125000.0,6151.0,15:38:44,2.037,500.0,0.4016,94.26,BLM DESARROLLOS SA,30718221516,,True
46063.0,IRCFO,-0.0011,79380.0,79500.0,0.0,79445.41237,,86,79190.0,2,,,2028-06-22,79380.0,2,500.0,80980.0,ARS,79220.0,77180.0,BYMA,36594940.3,46063.0,79290.0,632,CORP,0.0,79290.0,480.0,15:33:45,1.7303,280.0,0.3534,95.51,IRSA Inversiones y Representaciones S.A.,30524688673,Real Estate,True
22200.0,HJCIO,0.0004,161230.0,161300.0,0.0,160524.3243243,,3,160480.0,0,,,2027-05-27,161230.0,2,800.0,161300.0,ARS,160870.0,160480.0,BYMA,35636400.0,22200.0,161300.0,240,CORP,0.0,161300.0,16800.0,15:09:15,0.6571,430.0,0.2673,93.2,John Deere Credit Cía. Financiera S.A.,30707024859,Financiero - Crédito Industrial,True
22000.0,HJCKO,-0.0025,160000.0,160960.0,0.0,159934.5454545,,13,156850.0,0,,,2029-01-16,160000.0,2,3000.0,161000.0,ARS,159000.0,156850.0,BYMA,35185600.0,22000.0,159600.0,840,CORP,0.0,159600.0,2000.0,15:33:32,2.2998,1960.0,1.2327,89.22,John Deere Credit Cía. Financiera S.A.,30707024859,Financiero - Crédito Industrial,True
21616.0,PN41O,-0.0031,164230.0,163700.0,0.0,162675.4256107,,39,162580.0,0,,,2029-08-27,164230.0,2,1147.0,164350.0,ARS,161100.0,161100.0,BYMA,35163920.0,21616.0,163720.0,1063,CORP,0.0,163720.0,1054.0,15:13:53,2.9103,2600.0,1.6139,89.29,Pan American Energy LLC (PAE Sucursal),30714813583,Energía - Petróleo y Gas,True
22161.0,DNCBO,-0.0079,152810.0,151600.0,0.0,152004.8905735,,48,153690.0,-1,,,2029-07-03,152810.0,2,2083.0,153690.0,ARS,151220.0,151400.0,BYMA,33685803.8,22161.0,151600.0,1008,CORP,0.0,151600.0,99.0,15:44:38,2.7598,380.0,0.2513,95.61,EDENOR S.A.,30655116202,,True
20451.0,YM42O,0.0037,161120.0,163330.0,0.0,162960.4420322,,16,161770.0,2,,,2029-03-02,161120.0,1,8044.0,164790.0,ARS,161600.0,161360.0,BYMA,33327040.0,20451.0,161720.0,885,CORP,0.0,161720.0,1.0,15:31:26,2.423,1730.0,1.0705,89.68,YPF S.A.,30546689979,Energía - Petróleo y Gas,True
20243.0,TLCQO,0.0092,162000.0,163000.0,0.0,162495.3727214,,11,164010.0,0,,,2027-07-02,162000.0,2,3000.0,164010.0,ARS,162350.0,161170.0,BYMA,32893938.3,20243.0,163500.0,276,CORP,0.0,163500.0,100000.0,15:05:59,0.7556,650.0,0.4004,93.36,Telecom Argentina S.A.,30639453738,Telecomunicaciones,True
20000.0,MGCMO,-0.012,166000.0,164000.0,0.0,163990.0,,2,163980.0,0,,,2031-09-10,166000.0,1,5000.0,164000.0,ARS,163840.0,163980.0,BYMA,32798000.0,20000.0,164000.0,1807,CORP,0.0,164000.0,30000.0,15:08:47,4.9473,160.0,0.0977,93.99,Pampa Energía S.A.,30526552659,Energía - Electricidad,True
22272.0,MGCEO,-0.0236,146990.0,147150.0,0.0,147182.3006466,,21,143210.0,2,,,2027-12-19,146990.0,2,9998.0,149190.0,ARS,143610.0,143210.0,BYMA,32780442.0,22272.0,143510.0,446,CORP,0.0,143510.0,1895.0,15:23:03,1.2211,3540.0,2.465,86.58,Pampa Energía S.A.,30526552659,Energía - Electricidad,True
19808.0,PN38O,0.004699999999999999,165020.0,165800.0,0.0,165069.7677706,,9,165020.0,0,,,2027-08-11,165020.0,2,5500.0,165890.0,ARS,164750.0,165020.0,BYMA,32697019.6,19808.0,165800.0,316,CORP,0.0,165800.0,22296.0,15:36:42,0.8652,1050.0,0.6373,91.2,Pan American Energy LLC (PAE Sucursal),30714813583,Energía - Petróleo y Gas,True
19709.0,DNC3O,0.0005,161010.0,161190.0,0.0,160969.5915572,,58,163500.0,2,,,2026-11-22,161010.0,2,6989.0,163500.0,ARS,161100.0,160680.0,BYMA,31725496.8,19709.0,161100.0,54,CORP,0.0,161100.0,5312.0,15:21:22,0.1478,90.0,0.0559,97.04,EDENOR S.A.,30655116202,,True
20081.0,MIC3O,0.0051,156700.0,157250.0,0.0,156265.8911409,,7,156700.0,0,,,2026-11-11,156700.0,2,33386.0,157500.0,ARS,156090.0,156230.0,BYMA,31379753.6,20081.0,157500.0,43,CORP,0.0,157500.0,38439.0,14:45:54,0.1177,1160.0,0.7432,90.17,MIRGOR S.A.,30578036071,,True
22868.0,MR46O,0.0245,120640.0,123990.0,0.0,122647.0001749,,30,119850.0,-1,,,2034-12-31,120640.0,2,738.0,124340.0,ARS,123700.0,119550.0,BYMA,28046916.0,22868.0,123600.0,3015,CORP,0.0,123600.0,15866.0,15:35:13,8.2546,290.0,0.2344,95.35,Generación Mediterránea / Central Térmica Roca S.A.,33711944899,Energía - Electricidad,True
17706.0,OTS2O,-0.006999999999999999,158120.0,158120.0,0.0,157768.1780188,,7,158000.0,2,,,2027-04-24,158120.0,2,1327.0,158130.0,ARS,157020.0,157000.0,BYMA,27934433.6,17706.0,157000.0,207,CORP,0.0,157000.0,1000.0,14:19:33,0.5667,1100.0,0.7005,90.43,[OTS],,Sin mapear,False
16917.0,PLC6O,0.0,162000.0,162910.0,0.0,162348.1279187,,20,162000.0,2,,,2029-02-27,162000.0,2,3775.0,163300.0,ARS,162040.0,162000.0,BYMA,27464432.8,16917.0,162000.0,882,CORP,0.0,162000.0,10000.0,15:11:09,2.4148,870.0,0.5369,92.57,Pluspetrol S.A.,30678224010,Energía - Petróleo y Gas,True
16579.0,DNC5O,-0.0013,162620.0,165930.0,0.0,162332.9766572,,23,162000.0,-1,,,2028-08-05,162620.0,1,4913.0,162400.0,ARS,162410.0,161910.0,BYMA,26913184.2,16579.0,162400.0,676,CORP,0.0,162400.0,1.0,13:58:38,1.8508,3520.0,2.1674,87.14,EDENOR S.A.,30655116202,,True
16573.0,MIC4O,0.0077,155800.0,158000.0,0.0,156747.8827008,,7,157780.0,-1,,,2027-07-29,155800.0,2,453.0,157780.0,ARS,157000.0,156100.0,BYMA,25977826.6,16573.0,157000.0,303,CORP,0.0,157000.0,24698.0,15:35:04,0.8296,1000.0,0.6369,90.83,MIRGOR S.A.,30578036071,,True
15813.0,YMCYO,0.0060999999999999995,160500.0,161490.0,0.0,160977.9453614,,40,163490.0,-1,,,2028-10-10,160500.0,2,9997.0,163490.0,ARS,160500.0,159410.0,BYMA,25455442.5,15813.0,161490.0,742,CORP,0.0,161490.0,502.0,15:37:27,2.0315,990.0,0.6168,92.52,YPF S.A.,30546689979,Energía - Petróleo y Gas,True
16000.0,MGCTO,-0.0003,158460.0,158960.0,0.0,158403.75,,6,158400.0,0,,,2029-04-01,158460.0,2,1000.0,158500.0,ARS,158500.0,158160.0,BYMA,25344600.0,16000.0,158400.0,915,CORP,0.0,158400.0,12000.0,14:36:07,2.5051,460.0,0.2902,93.29,Pampa Energía S.A.,30526552659,Energía - Electricidad,True
16284.0,VSCZO,-0.0007000000000000001,154810.0,155500.0,0.0,154786.9571358,,34,155500.0,0,,,2029-07-16,154810.0,2,1063.0,156300.0,ARS,154010.0,153800.0,BYMA,25205508.1,16284.0,154700.0,1021,CORP,0.0,154700.0,1603.0,15:20:06,2.7953,1490.0,0.9675,90.45,Vista Oil & Gas Argentina S.A.U.,33515950899,Energía - Petróleo y Gas,True
15262.0,CS48O,0.0091,161520.0,164170.0,0.0,163333.5375442,,83,163110.0,2,,,2028-07-11,161520.0,2,214.0,164630.0,ARS,162300.0,162180.0,BYMA,24927964.5,15262.0,163000.0,651,CORP,0.0,163000.0,1100.0,15:21:22,1.7823,1870.0,1.1522,90.33,Cresud S.A.C.I.F. y A.,30509300700,Agro - Real Estate,True
15000.0,BACHO,-0.009300000000000001,165500.0,164690.0,0.0,165294.0,,4,165390.0,2,,,2031-01-28,165500.0,2,1000.0,165390.0,ARS,163820.0,163950.0,BYMA,24794100.0,15000.0,163950.0,1582,CORP,0.0,163950.0,32000.0,13:48:47,4.3313,870.0,0.5311,90.91,[BAC],,Sin mapear,False
14486.0,CIC8O,0.021099999999999997,163000.0,166240.0,0.0,166021.8901008,,15,163330.0,0,,,2028-11-12,163000.0,2,1139.0,167320.0,ARS,157950.0,163330.0,BYMA,24049931.0,14486.0,166440.0,775,CORP,0.0,166440.0,1500.0,15:13:54,2.1218,8290.0,5.2485,83.01,CNH INDUSTRIAL CAPITAL ARGENTINA S.A.,30714322938,,True
14786.0,TLCOO,-0.0116,163500.0,161600.0,0.0,161273.1644799,,31,158010.0,0,,,2028-11-28,163500.0,2,1010.0,161800.0,ARS,161590.0,158000.0,BYMA,23845850.1,14786.0,161590.0,791,CORP,0.0,161590.0,58.0,15:43:07,2.1656,10.0,0.0062,96.6,Telecom Argentina S.A.,30639453738,Telecomunicaciones,True
13325.0,NPCDO,-0.005,157790.0,157280.0,0.0,157187.6772983,,14,157640.0,-1,,,2030-04-30,157790.0,2,7625.0,157650.0,ARS,157000.0,157000.0,BYMA,20945258.0,13325.0,157000.0,1309,CORP,0.0,157000.0,504.0,15:37:34,3.5838,280.0,0.1783,94.83,[NPC],,Sin mapear,False
13000.0,HJCJO,-0.0016,161660.0,162680.0,0.0,160674.6153846,,5,160490.0,0,,,2027-07-25,161660.0,2,7000.0,161400.0,ARS,161400.0,160490.0,BYMA,20887700.0,13000.0,161400.0,299,CORP,0.0,161400.0,30000.0,15:14:28,0.8186,1280.0,0.7931,89.35,John Deere Credit Cía. Financiera S.A.,30707024859,Financiero - Crédito Industrial,True
12732.0,TLCTO,0.0026,164410.0,164840.0,0.0,163856.9792648,,28,168000.0,2,,,2036-01-20,164410.0,1,1100.0,168000.0,ARS,164570.0,161980.0,BYMA,20862270.6,12732.0,164840.0,3400,CORP,0.0,164840.0,1.0,15:32:51,9.3087,270.0,0.1641,95.43,Telecom Argentina S.A.,30639453738,Telecomunicaciones,True
12493.0,CICAO,-0.014499999999999999,161550.0,162400.0,0.0,160593.3658849,,17,159320.0,2,,,2028-06-03,161550.0,2,820.0,162490.0,ARS,159230.0,159200.0,BYMA,20062929.2,12493.0,159200.0,613,CORP,0.0,159200.0,39.0,15:17:04,1.6783,3170.0,1.9908,87.06,CNH INDUSTRIAL CAPITAL ARGENTINA S.A.,30714322938,,True
12664.0,RC5CO,0.0038,156900.0,156000.0,0.0,156687.401295,,9,156800.0,0,,,2029-05-21,156900.0,2,4044.0,157500.0,ARS,154660.0,154650.0,BYMA,19842892.5,12664.0,157500.0,965,CORP,0.0,157500.0,537.0,13:31:57,2.642,1340.0,0.8664,89.4,ARCOR S.A.I.C.,30502793175,,True
12439.0,PQCSO,0.0017000000000000001,157270.0,159140.0,0.0,157536.1829729,,34,158000.0,2,,,2031-02-17,157270.0,2,2036.0,159480.0,ARS,158330.0,156300.0,BYMA,19595925.8,12439.0,157540.0,1602,CORP,0.0,157540.0,802.0,15:39:49,4.386,810.0,0.5116,92.8,Petroquímica Comodoro Rivadavia S.A.,30563598111,Industria - Petroquímica,True
12161.0,PLC3O,0.006,160530.0,161520.0,0.0,160253.4511964,,14,158830.0,0,,,2028-04-30,160530.0,2,65.0,161500.0,ARS,160700.0,158830.0,BYMA,19488422.2,12161.0,161500.0,579,CORP,0.0,161500.0,37336.0,15:06:21,1.5852,820.0,0.5103,92.06,Pluspetrol S.A.,30678224010,Energía - Petróleo y Gas,True
18356.0,SNEBO,-0.016200000000000003,102500.0,100830.0,0.0,101096.8206581,,64,103800.0,-1,,,2029-07-14,102500.0,2,1576.0,103800.0,ARS,100400.0,98010.0,BYMA,18557332.4,18356.0,100830.0,1019,CORP,0.0,100830.0,7759.0,15:34:09,2.7899,430.0,0.4283,94.07,SION S.A.,30690076043,,True
11000.0,ARC1O,-0.0040999999999999995,162770.0,162880.0,0.0,162225.4545455,,7,164220.0,-1,,,2031-08-01,162770.0,2,3000.0,164220.0,ARS,162110.0,161300.0,BYMA,17844800.0,11000.0,162100.0,1767,CORP,0.0,162100.0,41000.0,15:36:06,4.8378,770.0,0.475,91.69,Aeropuertos Argentina 2000 S.A.,30696170580,Infraestructura - Aeropuertos,True
10731.0,MGCNO,0.0036,161990.0,162680.0,0.0,162704.7153108,,17,163810.0,-1,,,2028-10-04,161990.0,2,12294.0,163810.0,ARS,161270.0,161430.0,BYMA,17459843.0,10731.0,162580.0,736,CORP,0.0,162580.0,1000.0,15:31:41,2.0151,1410.0,0.8743,89.92,Pampa Energía S.A.,30526552659,Energía - Electricidad,True
10721.0,TTCBO,-0.0024,162300.0,161900.0,0.0,162152.4577931,,14,162500.0,-1,,,2027-10-16,162300.0,2,5248.0,162500.0,ARS,160100.0,161900.0,BYMA,17384365.0,10721.0,161900.0,382,CORP,0.0,161900.0,7262.0,15:28:49,1.0459,1800.0,1.1243,88.78,Tecpetrol S.A.,30592665472,Energía - Petróleo y Gas,True
10357.0,CACDO,-0.0018,160000.0,159700.0,0.0,159489.9971034,,16,159300.0,-1,,,2029-06-04,160000.0,2,595.0,160000.0,ARS,158530.0,159300.0,BYMA,16518379.0,10357.0,159700.0,979,CORP,0.0,159700.0,14616.0,15:42:13,2.6804,1170.0,0.738,90.54,Capex S.A.,30629827060,Energía - Electricidad,True
10000.0,PLC1O,-0.0192,164570.0,161360.0,0.0,161163.545,,12,165990.0,0,,,2028-01-27,164570.0,2,2441.0,165990.0,ARS,160230.0,158200.0,BYMA,16116354.5,10000.0,161410.0,485,CORP,0.0,161410.0,774.0,15:28:13,1.3279,1130.0,0.7052,90.42,Pluspetrol S.A.,30678224010,Energía - Petróleo y Gas,True
10561.0,ZPC5O,-0.018600000000000002,155500.0,155050.0,0.0,152523.6114004,,5,153500.0,0,,,2029-06-26,155500.0,2,500.0,153500.0,ARS,152600.0,146060.0,BYMA,16108018.6,10561.0,152600.0,1001,CORP,0.0,152600.0,4570.0,14:54:49,2.7406,2450.0,1.6055,86.71,PLAZA LOGISTICA S.R.L.,30655942382,,True
9376.0,TLCPO,0.0018,171550.0,171870.0,0.0,171652.1619027,,59,170430.0,-1,,,2033-05-28,171550.0,1,1267.0,171960.0,ARS,170790.0,170430.0,BYMA,16094106.7,9376.0,171860.0,2433,CORP,0.0,171860.0,1.0,15:39:08,6.6612,1080.0,0.6324,92.22,Telecom Argentina S.A.,30639453738,Telecomunicaciones,True
9750.0,LOC5O,-0.0038,161520.0,161510.0,0.0,160841.2820513,,24,160000.0,-1,,,2027-07-24,161520.0,2,8400.0,161550.0,ARS,161050.0,160000.0,BYMA,15682025.0,9750.0,160900.0,298,CORP,0.0,160900.0,7100.0,15:32:55,0.8159,460.0,0.2856,94.25,[LOC],,Sin mapear,False
10000.0,HJCMO,0.0,0.0,154650.0,0.0,154800.0,,1,154800.0,0,,,2029-03-28,0.0,2,5000.0,154800.0,ARS,149830.0,154800.0,BYMA,15480000.0,10000.0,154800.0,911,CORP,0.0,154800.0,3000.0,15:39:54,2.4942,4820.0,3.217,81.69,John Deere Credit Cía. Financiera S.A.,30707024859,Financiero - Crédito Industrial,True
9000.0,PLC5O,0.013000000000000001,166040.0,168200.0,0.0,167963.3333333,,3,167840.0,0,,,2031-05-18,166040.0,1,1000.0,168210.0,ARS,165580.0,167840.0,BYMA,15116700.0,9000.0,168210.0,1692,CORP,0.0,168210.0,1000.0,13:13:22,4.6324,2620.0,1.5823,86.26,Pluspetrol S.A.,30678224010,Energía - Petróleo y Gas,True
9600.0,YM44O,-0.0129,155950.0,153930.0,0.0,155841.6666667,,6,154490.0,2,,,2035-06-18,155950.0,1,30000.0,159000.0,ARS,153080.0,153930.0,BYMA,14960800.0,9600.0,153930.0,3184,CORP,0.0,153930.0,1000.0,15:44:36,8.7173,850.0,0.5553,90.64,YPF S.A.,30546689979,Energía - Petróleo y Gas,True
9000.0,VSCXO,-0.0015,164810.0,165160.0,0.0,164881.1111111,,9,165050.0,2,,,2038-04-08,164810.0,1,1000.0,165220.0,ARS,164200.0,164310.0,BYMA,14839300.0,9000.0,164560.0,4209,CORP,0.0,164560.0,3000.0,14:50:15,11.5236,960.0,0.5847,90.85,Vista Oil & Gas Argentina S.A.U.,33515950899,Energía - Petróleo y Gas,True
8000.0,TT1AO,0.0,163000.0,162830.0,0.0,163000.0,,6,164500.0,0,,,2033-01-22,163000.0,2,30000.0,164500.0,ARS,160000.0,160000.0,BYMA,13040000.0,8000.0,163000.0,2307,CORP,0.0,163000.0,2000.0,15:17:59,6.3162,2830.0,1.7688,86.12,[TT1],,Sin mapear,False
8102.0,YM40O,0.0048,161440.0,162230.0,0.0,160853.2103184,,16,160120.0,-1,,,2028-08-28,161440.0,2,5090.0,162230.0,ARS,161260.0,160120.0,BYMA,13032327.1,8102.0,162230.0,699,CORP,0.0,162230.0,20000.0,13:52:05,1.9138,970.0,0.6015,91.26,YPF S.A.,30546689979,Energía - Petróleo y Gas,True
7955.0,OLC5O,-0.008,165530.0,164200.0,0.0,163456.0037712,,21,162190.0,-1,,,2028-06-12,165530.0,2,3411.0,164720.0,ARS,163090.0,162190.0,BYMA,13002925.1,7955.0,164200.0,622,CORP,0.0,164200.0,1001.0,15:28:57,1.7029,1110.0,0.6806,90.89,OLEODUCTOS DEL VALLE S.A.,30658840165,,True
8202.0,CP40O,-0.005600000000000001,158500.0,162800.0,0.0,157125.3657644,,8,155510.0,0,,,2028-03-09,158500.0,1,2135.0,157600.0,ARS,157430.0,155510.0,BYMA,12887422.5,8202.0,157600.0,527,CORP,0.0,157600.0,1.0,12:45:53,1.4428,5370.0,3.411,83.3,CIA GENERAL DE COMBUSTIBLES S.A.,30506733932,,True
7516.0,GN48O,0.0172,156100.0,159190.0,0.0,156134.1671102,,4,156000.0,0,,,2028-03-05,156100.0,2,4731.0,158800.0,ARS,155830.0,156000.0,BYMA,11735044.0,7516.0,158800.0,523,CORP,0.0,158800.0,3034.0,13:55:31,1.4319,3360.0,2.1562,84.79,Genneia S.A.,30665234114,Energía - Renovable,True
12832.0,PECNO,0.0026,87250.0,89000.0,0.0,89602.3223192,,12,89000.0,2,,,2032-08-25,87250.0,2,1000.0,89800.0,ARS,87500.0,87480.0,BYMA,11497770.0,12832.0,87480.0,2157,CORP,0.0,87480.0,3450.0,14:17:06,5.9055,1500.0,1.7143,86.91,PETROLERA ACONCAGUA ENERGIA S.A.,30714814229,,True
17000.0,PNDCO,-0.011899999999999999,67050.0,67470.0,0.0,67595.2941176,,8,67140.0,-1,,,2027-04-30,67050.0,2,22000.0,69100.0,ARS,66500.0,66250.0,BYMA,11491200.0,17000.0,66250.0,213,CORP,0.0,66250.0,17000.0,14:44:08,0.5832,970.0,1.4586,87.24,Pan American Energy LLC (PAE Sucursal),30714813583,Energía - Petróleo y Gas,True
6831.0,PLC2O,-0.0005,165490.0,165640.0,0.0,165162.482799,,27,165540.0,-1,,,2030-01-27,165490.0,2,200.0,165750.0,ARS,165300.0,164720.0,BYMA,11282249.2,6831.0,165400.0,1216,CORP,0.0,165400.0,1.0,15:44:48,3.3292,340.0,0.2057,94.52,Pluspetrol S.A.,30678224010,Energía - Petróleo y Gas,True
7000.0,HJCLO,0.0025,157400.0,157790.0,0.0,157800.0,,2,157800.0,-1,,,2028-12-06,157400.0,2,3000.0,157800.0,ARS,156430.0,157800.0,BYMA,11046000.0,7000.0,157800.0,799,CORP,0.0,157800.0,14000.0,13:52:46,2.1875,1360.0,0.8694,87.5,John Deere Credit Cía. Financiera S.A.,30707024859,Financiero - Crédito Industrial,True
6638.0,RUCDO,-0.012199999999999999,165970.0,164430.0,0.0,165478.2238626,,25,165880.0,2,,,2030-12-05,165970.0,1,1000.0,165880.0,ARS,163620.0,163930.0,BYMA,10984444.5,6638.0,163930.0,1528,CORP,0.0,163930.0,1000.0,15:29:11,4.1834,810.0,0.495,92.19,CERAMICA RUTA 16 S.R.L.,30710080085,,True
7000.0,VBC1O,-0.0025,157910.0,158800.0,0.0,156521.4285714,,5,156320.0,0,,,2027-03-11,157910.0,2,3000.0,157500.0,ARS,156160.0,153010.0,BYMA,10956500.0,7000.0,157500.0,163,CORP,0.0,157500.0,11000.0,15:30:23,0.4463,2640.0,1.6906,86.05,[VBC],,Sin mapear,False
30197.0,MR43O,-0.0086,35995.0,35685.0,0.0,35028.1681955,,46,36020.0,0,,,2036-06-30,35995.0,2,16349.0,36020.0,ARS,35000.0,35000.0,BYMA,10577455.95,30197.0,35685.0,3562,CORP,0.0,35685.0,1715.0,15:27:35,9.7522,685.0,1.9571,87.21,Generación Mediterránea / Central Térmica Roca S.A.,33711944899,Energía - Electricidad,True
6719.0,GYC4O,-0.015700000000000002,157990.0,158400.0,0.0,157046.0425659,,11,156900.0,0,,,2027-10-30,157990.0,2,4180.0,158500.0,ARS,155500.0,155100.0,BYMA,10551923.6,6719.0,155500.0,396,CORP,0.0,155500.0,3367.0,15:34:30,1.0842,2900.0,1.865,86.25,[GYC],,Sin mapear,False
6740.0,AEC3O,-0.0074,156610.0,155450.0,0.0,155014.4614243,,23,156990.0,-1,,,2028-08-06,156610.0,2,1042.0,156990.0,ARS,152800.0,153130.0,BYMA,10447974.7,6740.0,155450.0,677,CORP,0.0,155450.0,9200.0,15:36:41,1.8535,2650.0,1.7343,87.25,[AEC],,Sin mapear,False
6710.0,MTC2O,-0.0025,154900.0,154500.0,0.0,154517.8017884,,14,155000.0,-1,,,2028-06-22,154900.0,2,11362.0,155000.0,ARS,154130.0,154100.0,BYMA,10368144.5,6710.0,154500.0,632,CORP,0.0,154500.0,207.0,14:32:09,1.7303,370.0,0.2401,93.62,Mastellone Hermanos S.A.,30547242331,Alimentos - Lácteos,True
6000.0,VSCVO,-0.0083,172300.0,170650.0,0.0,171203.3333333,,4,171520.0,2,,,2033-06-10,172300.0,1,2000.0,171940.0,ARS,170150.0,170690.0,BYMA,10272200.0,6000.0,170860.0,2446,CORP,0.0,170860.0,30000.0,14:59:38,6.6968,500.0,0.2939,91.96,Vista Oil & Gas Argentina S.A.U.,33515950899,Energía - Petróleo y Gas,True
6000.0,YFCJO,0.0212,165000.0,167110.0,0.0,168100.0,,3,167900.0,0,,,2032-10-16,165000.0,1,3000.0,168500.0,ARS,164950.0,167900.0,BYMA,10086000.0,6000.0,168500.0,2209,CORP,0.0,168500.0,2000.0,14:14:20,6.0479,2160.0,1.3095,86.43,YPF Energía Eléctrica S.A.,30714128309,Energía - Electricidad,True
28532.0,MR44O,0.0108,35150.0,35500.0,0.0,34591.3335904,,69,34975.0,0,,,2036-06-30,35150.0,2,514.0,36600.0,ARS,33715.0,33985.0,BYMA,9869599.3,28532.0,35530.0,3562,CORP,0.0,35530.0,257.0,15:28:04,9.7522,1785.0,5.2944,83.25,Generación Mediterránea / Central Térmica Roca S.A.,33711944899,Energía - Electricidad,True
6000.0,GN49O,-0.0204,166100.0,162680.0,0.0,163216.6666667,,6,163450.0,2,,,2033-12-02,166100.0,2,1000.0,164140.0,ARS,161350.0,162700.0,BYMA,9793000.0,6000.0,162700.0,2621,CORP,0.0,162700.0,3000.0,15:28:20,7.1759,1330.0,0.8243,88.5,Genneia S.A.,30665234114,Energía - Renovable,True
6002.0,YFCMO,0.0025,158590.0,159000.0,0.0,158700.0999667,,13,158600.0,-1,,,2027-05-20,158590.0,2,933.0,159000.0,ARS,158500.0,158600.0,BYMA,9525180.0,6002.0,159000.0,233,CORP,0.0,159000.0,104361.0,15:44:48,0.6379,500.0,0.3155,92.96,YPF Energía Eléctrica S.A.,30714128309,Energía - Electricidad,True
5473.0,YM41O,0.0159,158270.0,160790.0,0.0,159476.2177965,,18,160680.0,-1,,,2027-01-08,158270.0,2,1.0,161000.0,ARS,157730.0,157700.0,BYMA,8728133.4,5473.0,160800.0,101,CORP,0.0,160800.0,2000.0,14:45:33,0.2765,3060.0,1.94,86.37,YPF S.A.,30546689979,Energía - Petróleo y Gas,True
5471.0,SIC2O,-0.0054,156850.0,159900.0,0.0,158227.0151709,,8,154600.0,-1,,,2029-06-19,156850.0,2,2900.0,160000.0,ARS,156020.0,154600.0,BYMA,8656600.0,5471.0,156000.0,994,CORP,0.0,156000.0,824.0,13:46:56,2.7214,3880.0,2.4869,84.32,[SIC],,Sin mapear,False
5502.0,LUC5O,-0.0129,159550.0,157480.0,0.0,156354.2239186,,18,159500.0,0,,,2029-02-26,159550.0,2,702.0,159500.0,ARS,154080.0,155500.0,BYMA,8602609.4,5502.0,157480.0,881,CORP,0.0,157480.0,4677.0,15:36:39,2.412,3400.0,2.2066,85.75,[LUC],,Sin mapear,False
5382.0,MCC2O,0.0087,158120.0,160000.0,0.0,159640.2675585,,6,160310.0,-1,,,2027-06-03,158120.0,2,19898.0,160310.0,ARS,159080.0,159500.0,BYMA,8591839.2,5382.0,159500.0,247,CORP,0.0,159500.0,6550.0,15:43:06,0.6762,920.0,0.5783,89.98,[MCC],,Sin mapear,False
5269.0,OTS3O,-0.0313,162500.0,0.0,0.0,157613.5130006,,4,163000.0,2,,,2028-11-01,162500.0,2,0.0,163000.0,ARS,158010.0,157400.0,BYMA,8304656.0,5269.0,157400.0,764,CORP,0.0,157400.0,69.0,15:33:57,2.0917,,,68.84,[OTS],,Sin mapear,False
6367.0,TLCFO,0.0542,127100.0,134000.0,0.0,128440.0659651,,25,127100.0,-1,,,2028-02-10,127100.0,2,1862.0,134000.0,ARS,131000.0,127100.0,BYMA,8177779.0,6367.0,134000.0,499,CORP,0.0,134000.0,810.0,15:40:13,1.3662,3000.0,2.2901,85.76,Telecom Argentina S.A.,30639453738,Telecomunicaciones,True
5139.0,CICBO,-0.0077,159000.0,159200.0,0.0,158591.3251605,,6,158000.0,2,,,2029-02-09,159000.0,2,875.0,159230.0,ARS,157780.0,157760.0,BYMA,8150008.2,5139.0,157760.0,864,CORP,0.0,157760.0,23202.0,15:16:13,2.3655,1420.0,0.9,87.95,CNH INDUSTRIAL CAPITAL ARGENTINA S.A.,30714322938,,True
5084.0,LDCGO,0.011000000000000001,155290.0,156990.0,0.0,155717.8992919,,4,155400.0,0,,,2027-10-04,155290.0,2,3856.0,157000.0,ARS,155700.0,155400.0,BYMA,7916698.0,5084.0,157000.0,370,CORP,0.0,157000.0,4485.0,14:54:02,1.013,1290.0,0.8285,87.91,[LDC],,Sin mapear,False
5047.0,YFCKO,-0.0049,156810.0,157100.0,0.0,156053.2633247,,4,158760.0,2,,,2026-11-21,156810.0,2,12730.0,158760.0,ARS,155920.0,155900.0,BYMA,7876008.2,5047.0,156040.0,53,CORP,0.0,156040.0,100000.0,15:25:33,0.1451,1180.0,0.7568,88.23,YPF Energía Eléctrica S.A.,30714128309,Energía - Electricidad,True
5000.0,PLC7O,0.0026,157640.0,157590.0,0.0,157238.0,,5,157640.0,0,,,2037-09-30,157640.0,1,30000.0,158050.0,ARS,156540.0,156830.0,BYMA,7861900.0,5000.0,158050.0,4019,CORP,0.0,158050.0,1000.0,13:50:57,11.0034,1050.0,0.6708,89.02,Pluspetrol S.A.,30678224010,Energía - Petróleo y Gas,True
4812.0,DEC4O,-0.008100000000000001,158290.0,157000.0,0.0,154751.641729,,15,155000.0,-1,,,2028-07-03,158290.0,2,13174.0,157000.0,ARS,154010.0,154600.0,BYMA,7446649.0,4812.0,157000.0,643,CORP,0.0,157000.0,580.0,15:32:42,1.7604,2990.0,1.9414,85.97,Empresa Distrib. de Electricidad Salta S.A.,30690633635,Energía - Electricidad,True
4549.0,XMC1O,0.0329,157010.0,162140.0,0.0,162141.9916465,,2,162040.0,0,,,2027-11-11,157010.0,1,1000.0,162180.0,ARS,159920.0,162040.0,BYMA,7375839.2,4549.0,162180.0,408,CORP,0.0,162180.0,100.0,13:21:48,1.117,2220.0,1.3882,85.57,Minera Exar S.A.,30709667587,Minería - Litio,True
4646.0,MSSFO,-0.005,157000.0,160400.0,0.0,156029.8105898,,5,161000.0,0,,,2027-07-23,157000.0,2,2526.0,161000.0,ARS,156200.0,155300.0,BYMA,7249145.0,4646.0,156200.0,297,CORP,0.0,156200.0,10000.0,13:22:35,0.8131,4200.0,2.6889,83.22,MSU S.A.,30607597193,Energía,True
4000.0,BYCHO,0.0,168700.0,168400.0,0.0,168700.0,,1,168700.0,-1,,,2028-10-10,168700.0,2,14200.0,168700.0,ARS,167130.0,168700.0,BYMA,6748000.0,4000.0,168700.0,742,CORP,0.0,168700.0,8000.0,12:40:48,2.0315,1270.0,0.7599,86.88,Banco de Galicia y Buenos Aires S.A.,30500001735,Financiero - Bancos,True
4310.0,YMCIO,-0.005600000000000001,145650.0,145310.0,0.0,145265.9443155,,37,144910.0,2,,,2029-07-02,145650.0,1,2.0,147150.0,ARS,144840.0,144830.0,BYMA,6260962.2,4310.0,144830.0,1007,CORP,0.0,144830.0,386.0,15:34:43,2.757,470.0,0.3245,93.5,YPF S.A.,30546689979,Energía - Petróleo y Gas,True
4000.0,TLCWO,-0.057,165360.0,165000.0,0.0,155930.0,,4,155930.0,-1,,,2030-05-29,165360.0,1,4424.0,155930.0,ARS,156070.0,155930.0,BYMA,6237200.0,4000.0,155930.0,1338,CORP,0.0,155930.0,100.0,13:52:27,3.6632,8930.0,5.7218,80.17,Telecom Argentina S.A.,30639453738,Telecomunicaciones,True
4973.0,SNSBO,-0.08789999999999999,125000.0,125000.0,0.0,124213.5551981,,16,126000.0,2,,,2026-10-14,125000.0,2,14577.0,126000.0,ARS,115010.0,114010.0,BYMA,6177140.1,4973.0,114010.0,15,CORP,0.0,114010.0,3533.0,12:17:39,0.0411,9990.0,8.6862,80.79,SION S.A.,30690076043,,True
3828.0,OZC3O,0.0,161000.0,161000.0,0.0,160615.3343783,,16,159200.0,0,,,2027-11-29,161000.0,2,2000.0,162050.0,ARS,160280.0,159200.0,BYMA,6148355.0,3828.0,160990.0,426,CORP,0.0,160990.0,1716.0,15:38:41,1.1663,720.0,0.4492,91.69,EMPRESA DISTRIB DE ELECTRICIDAD DE MENDOZA S.A.,30699542454,,True
3925.0,EAC4O,-0.005699999999999999,156170.0,157490.0,0.0,156224.7974522,,25,153320.0,2,,,2036-06-16,156170.0,1,995.0,157980.0,ARS,156750.0,153320.0,BYMA,6131823.3,3925.0,155270.0,3548,CORP,0.0,155270.0,1.0,15:10:35,9.7139,740.0,0.4721,91.83,MSU GREEN ENERGY S.A.U.,30714155128,,True
4000.0,LQC1O,-0.0294,157730.0,158000.0,0.0,153277.5,,2,153340.0,2,,,2034-07-28,157730.0,1,2000.0,153340.0,ARS,153860.0,153090.0,BYMA,6131100.0,4000.0,153090.0,2859,CORP,0.0,153090.0,1000.0,14:22:41,7.8275,4140.0,2.6908,82.24,[LQC],,Sin mapear,False
3886.0,ZPC3O,0.0003,154200.0,161810.0,0.0,154250.0,,2,154250.0,-1,,,2027-09-03,154200.0,2,300.0,154250.0,ARS,154510.0,154250.0,BYMA,5994155.0,3886.0,154250.0,339,CORP,0.0,154250.0,1114.0,12:38:46,0.9281,7300.0,4.7246,79.99,PLAZA LOGISTICA S.R.L.,30655942382,,True
3714.0,OLC7O,0.0029,158120.0,158650.0,0.0,157829.3403339,,11,158590.0,-1,,,2030-02-23,158120.0,2,2933.0,158590.0,ARS,157930.0,156620.0,BYMA,5861781.7,3714.0,158590.0,1243,CORP,0.0,158590.0,2000.0,15:30:32,3.4031,720.0,0.4559,91.17,OLEODUCTOS DEL VALLE S.A.,30658840165,,True
3700.0,EAC3O,0.0062,157400.0,158390.0,0.0,158280.2702703,,5,154900.0,2,,,2028-12-20,157400.0,2,14400.0,158590.0,ARS,156600.0,154900.0,BYMA,5856370.0,3700.0,158390.0,813,CORP,0.0,158390.0,7600.0,15:05:15,2.2259,1790.0,1.143,86.59,MSU GREEN ENERGY S.A.U.,30714155128,,True
3661.0,IRCNO,0.013500000000000002,157240.0,159370.0,0.0,159262.9745971,,6,154650.0,-1,,,2027-10-23,157240.0,2,34.0,159370.0,ARS,158700.0,154650.0,BYMA,5830617.5,3661.0,159370.0,389,CORP,0.0,159370.0,540.0,15:38:51,1.065,670.0,0.4222,90.84,IRSA Inversiones y Representaciones S.A.,30524688673,Real Estate,True
3186.0,DNC3O,-0.005600000000000001,161860.0,161250.0,0.0,161125.1914626,,7,161400.0,2,,,2026-11-22,161860.0,1,1935.0,161400.0,ARS,161010.0,160950.0,BYMA,5133448.6,3186.0,160950.0,54,CORP,0.0,160950.0,1.0,14:59:27,0.1478,240.0,0.1491,92.82,EDENOR S.A.,30655116202,,True
3070.0,NPCCO,-0.002,166150.0,165790.0,0.0,166579.2508143,,9,167630.0,0,,,2029-08-25,166150.0,2,4767.0,167630.0,ARS,164460.0,164440.0,BYMA,5113983.0,3070.0,165810.0,1061,CORP,0.0,165810.0,1305.0,14:01:04,2.9049,1330.0,0.8087,88.37,[NPC],,Sin mapear,False
3057.0,VSCRO,0.0049,166050.0,168840.0,0.0,166105.1422964,,25,166890.0,0,,,2031-10-10,166050.0,1,1287.0,166890.0,ARS,166790.0,165330.0,BYMA,5077834.2,3057.0,166880.0,1837,CORP,0.0,166880.0,2.0,14:48:27,5.0294,2050.0,1.2291,87.88,Vista Oil & Gas Argentina S.A.U.,33515950899,Energía - Petróleo y Gas,True
3322.0,OTS7O,-0.0025,154400.0,157990.0,0.0,152243.4075858,,6,150010.0,-1,,,2030-09-25,154400.0,2,100000.0,154000.0,ARS,154000.0,150010.0,BYMA,5057526.0,3322.0,154000.0,1457,CORP,0.0,154000.0,3138.0,15:42:24,3.989,3990.0,2.5909,83.24,[OTS],,Sin mapear,False
2941.0,YM39O,-0.0131,171860.0,170450.0,0.0,170262.3631418,,16,171860.0,2,,,2030-07-22,171860.0,1,432.0,171860.0,ARS,169060.0,169600.0,BYMA,5007416.1,2941.0,169600.0,1392,CORP,0.0,169600.0,9957.0,15:23:39,3.8111,1390.0,0.8222,88.85,YPF S.A.,30546689979,Energía - Petróleo y Gas,True
9512.0,CLI1O,-0.0163,51850.0,51790.0,0.0,51097.2802775,,14,52000.0,2,,,2034-12-10,51850.0,2,5208.0,52000.0,ARS,50850.0,51000.0,BYMA,4860373.3,9512.0,51000.0,2994,CORP,0.0,51000.0,5000.0,15:36:25,8.1971,940.0,1.8486,85.73,[CLI],,Sin mapear,False
2946.0,OT42O,-0.0039000000000000003,165590.0,164920.0,0.0,164375.7569586,,5,165490.0,-1,,,2030-01-17,165590.0,2,604.0,165490.0,ARS,163350.0,162880.0,BYMA,4842509.8,2946.0,164930.0,1206,CORP,0.0,164930.0,476.0,15:26:18,3.3018,1570.0,0.9611,87.06,[OT4],,Sin mapear,False
2991.0,PN37O,-0.0184,163000.0,162900.0,0.0,156780.9729188,,4,158180.0,0,,,2028-11-13,163000.0,1,1473.0,160000.0,ARS,158710.0,156010.0,BYMA,4689318.9,2991.0,160000.0,776,CORP,0.0,160000.0,2416.0,12:31:01,2.1246,4190.0,2.64,82.65,Pan American Energy LLC (PAE Sucursal),30714813583,Energía - Petróleo y Gas,True
2905.0,YM37O,0.009899999999999999,157730.0,159510.0,0.0,159200.8605852,,6,157860.0,-1,,,2027-05-07,157730.0,1,184.0,159300.0,ARS,159300.0,157860.0,BYMA,4624785.0,2905.0,159300.0,220,CORP,0.0,159300.0,16129.0,15:34:57,0.6023,210.0,0.1318,92.73,YPF S.A.,30546689979,Energía - Petróleo y Gas,True
2617.0,PN41O,-0.0202,165000.0,0.0,0.0,161322.911731,,22,161100.0,0,,,2029-08-27,165000.0,1,0.0,162730.0,ARS,161660.0,160500.0,BYMA,4221820.6,2617.0,161660.0,1063,CORP,0.0,161660.0,1118.0,15:38:34,2.9103,,,69.8,Pan American Energy LLC (PAE Sucursal),30714813583,Energía - Petróleo y Gas,True
2523.0,ZZC1O,-0.0069,157730.0,158000.0,0.0,156589.4133967,,4,155000.0,0,,,2027-02-21,157730.0,2,2000.0,156640.0,ARS,156750.0,155000.0,BYMA,3950750.9,2523.0,156640.0,145,CORP,0.0,156640.0,4759.0,15:19:29,0.397,1250.0,0.7974,87.46,[ZZC],,Sin mapear,False
2494.0,PQCSO,0.0182,154690.0,0.0,0.0,156406.1106656,,4,155410.0,2,,,2031-02-17,154690.0,1,0.0,157890.0,ARS,157370.0,155410.0,BYMA,3900768.4,2494.0,157510.0,1602,CORP,0.0,157510.0,995.0,15:00:15,4.386,,,68.15,Petroquímica Comodoro Rivadavia S.A.,30563598111,Industria - Petroquímica,True
6168.0,MR47O,-0.0155,68060.0,67980.0,0.0,63015.9792477,,34,68060.0,-1,,,2036-06-30,68060.0,2,29.0,68060.0,ARS,67000.0,60010.0,BYMA,3886825.6,6168.0,67000.0,3562,CORP,0.0,67000.0,9270.0,15:40:40,9.7522,980.0,1.4627,87.4,Generación Mediterránea / Central Térmica Roca S.A.,33711944899,Energía - Electricidad,True
2380.0,TLCUO,0.0019,156490.0,156860.0,0.0,156559.8067227,,9,155500.0,-1,,,2029-03-05,156490.0,2,1384.0,156860.0,ARS,156800.0,155500.0,BYMA,3726123.4,2380.0,156800.0,888,CORP,0.0,156800.0,2352.0,15:10:56,2.4312,60.0,0.0383,93.62,Telecom Argentina S.A.,30639453738,Telecomunicaciones,True
2380.0,VSCQO,0.0129,144130.0,151900.0,0.0,148843.9033613,,7,149000.0,0,,,2028-07-08,144130.0,2,103.0,149000.0,ARS,146000.0,145000.0,BYMA,3542484.9,2380.0,146000.0,648,CORP,0.0,146000.0,600.0,15:10:14,1.7741,5900.0,4.0411,81.27,Vista Oil & Gas Argentina S.A.U.,33515950899,Energía - Petróleo y Gas,True
2274.0,AEC3O,-0.0051,155800.0,157500.0,0.0,155000.0,,7,155000.0,-1,,,2028-08-06,155800.0,1,5892.0,155000.0,ARS,151200.0,155000.0,BYMA,3524700.0,2274.0,155000.0,677,CORP,0.0,155000.0,5000.0,13:22:12,1.8535,6300.0,4.1667,81.11,[AEC],,Sin mapear,False
2000.0,TLCMO,-0.003,171520.0,170300.0,0.0,171000.0,,1,171000.0,2,,,2031-07-18,171520.0,1,1000.0,171000.0,ARS,169880.0,171000.0,BYMA,3420000.0,2000.0,171000.0,1753,CORP,0.0,171000.0,10000.0,12:07:36,4.7995,420.0,0.2472,90.03,Telecom Argentina S.A.,30639453738,Telecomunicaciones,True
2250.0,EOC1O,-0.0087,149300.0,155390.0,0.0,149209.1866667,,7,149350.0,0,,,2028-02-28,149300.0,2,997.0,149350.0,ARS,149010.0,146660.0,BYMA,3357206.7,2250.0,148000.0,517,CORP,0.0,148000.0,49.0,12:15:23,1.4155,6380.0,4.2816,80.97,[EOC],,Sin mapear,False
2000.0,BACGO,0.0149,162210.0,165460.0,0.0,164640.0,,1,164640.0,0,,,2029-06-23,162210.0,1,2000.0,164640.0,ARS,164390.0,164640.0,BYMA,3292800.0,2000.0,164640.0,998,CORP,0.0,164640.0,31000.0,13:46:52,2.7324,1070.0,0.6509,86.95,[BAC],,Sin mapear,False
2000.0,RC1CO,-0.0025,164500.0,164770.0,0.0,164070.0,,2,164060.0,0,,,2033-07-31,164500.0,2,12000.0,164080.0,ARS,161210.0,164060.0,BYMA,3281400.0,2000.0,164080.0,2497,CORP,0.0,164080.0,4000.0,15:23:02,6.8364,3560.0,2.2083,82.77,ARCOR S.A.I.C.,30502793175,,True
2000.0,HJCHO,-0.0207,158810.0,0.0,0.0,155520.0,,1,155520.0,2,,,2028-01-17,158810.0,2,0.0,155520.0,ARS,158280.0,155520.0,BYMA,3110400.0,2000.0,155520.0,475,CORP,0.0,155520.0,14400.0,11:03:45,1.3005,,,66.73,John Deere Credit Cía. Financiera S.A.,30707024859,Financiero - Crédito Industrial,True
2914000.0,MGCRZ,0.0,102.32,0.0,0.0,104.3543034,,2,0.0,2,,,2037-11-14,102.32,2,0.0,105.46,EXT,0.0,102.238,BYMA,3040884.4,2914000.0,102.238,4064,CORP,0.0,102.238,0.0,11:50:27,11.1266,,,67.33,Pampa Energía S.A.,30526552659,Energía - Electricidad,True
2914000.0,MGCRZ,0.0,104.928,0.0,0.0,104.327617,,2,0.0,2,,,2037-11-14,104.928,1,0.0,105.434,EXT,0.0,102.21,BYMA,3040106.76,2914000.0,102.21,4064,CORP,0.0,102.21,0.0,11:50:31,11.1266,,,67.3,Pampa Energía S.A.,30526552659,Energía - Electricidad,True
1757.0,YFCGO,-0.0155,159800.0,157020.0,0.0,161672.2253842,,10,161570.0,0,,,2027-02-27,159800.0,2,2003.0,162670.0,ARS,155370.0,154300.0,BYMA,2840581.0,1757.0,157320.0,151,CORP,0.0,157320.0,9917.0,14:39:13,0.4134,1650.0,1.062,86.84,YPF Energía Eléctrica S.A.,30714128309,Energía - Electricidad,True
1943.0,SBC2O,0.0134,143700.0,145940.0,0.0,144757.9979413,,8,139800.0,0,,,2029-01-16,143700.0,2,1053.0,145630.0,ARS,143640.0,139800.0,BYMA,2812647.9,1943.0,145630.0,840,CORP,0.0,145630.0,1000.0,15:09:29,2.2998,2300.0,1.6012,85.5,SAN BAUTISTA DEL SUR SA,30715659340,,True
1694.0,MGCQO,-0.0052,166390.0,165450.0,0.0,165414.4214876,,18,165750.0,0,,,2028-08-06,166390.0,2,26.0,166240.0,ARS,164900.0,164790.0,BYMA,2802120.3,1694.0,165520.0,677,CORP,0.0,165520.0,800.0,14:45:36,1.8535,550.0,0.3335,92.04,Pampa Energía S.A.,30526552659,Energía - Electricidad,True
3772.0,CLSIO,-0.0132,68900.0,68490.0,0.0,68108.7778367,,20,67510.0,2,,,2027-07-26,68900.0,2,97.0,68500.0,ARS,67510.0,67500.0,BYMA,2569063.1,3772.0,67990.0,300,CORP,0.0,67990.0,597.0,15:33:27,0.8214,980.0,1.4516,86.72,[CLS],,Sin mapear,False
1572.0,MCC2O,0.0118,158120.0,0.0,0.0,160389.821883,,2,160400.0,2,,,2027-06-03,158120.0,1,0.0,160400.0,ARS,157210.0,160000.0,BYMA,2521328.0,1572.0,160000.0,247,CORP,0.0,160000.0,3180.0,12:41:59,0.6762,,,67.19,[MCC],,Sin mapear,False
1571.0,TLCVO,-0.057,162500.0,160000.0,0.0,159844.8631445,,6,160000.0,2,,,2027-05-29,162500.0,2,50.0,160000.0,ARS,153620.0,153230.0,BYMA,2511162.8,1571.0,153230.0,242,CORP,0.0,153230.0,964.0,14:48:00,0.6626,6380.0,4.1531,80.67,Telecom Argentina S.A.,30639453738,Telecomunicaciones,True
2576936.0,JNC5Y,0.0,100.9,0.0,0.0,97.0143935,,4,0.0,-1,,,2026-10-09,100.9,1,0.0,97.027,USD,0.0,96.964,BYMA,2499998.83,2576936.0,97.027,10,CORP,0.0,97.027,0.0,15:22:05,0.0274,,,67.75,[JNC],,Sin mapear,False
1422.0,YFCLO,0.019299999999999998,158540.0,161580.0,0.0,162047.8199719,,7,158520.0,2,,,2028-11-21,158540.0,2,1590.0,165870.0,ARS,158320.0,158520.0,BYMA,2304320.0,1422.0,161610.0,784,CORP,0.0,161610.0,1000.0,13:49:52,2.1465,3260.0,2.0591,84.03,YPF Energía Eléctrica S.A.,30714128309,Energía - Electricidad,True
1415.0,PLC3O,-0.0203,162000.0,163500.0,0.0,158710.0,,4,158710.0,-1,,,2028-04-30,162000.0,1,800.0,158710.0,ARS,161500.0,158710.0,BYMA,2245746.5,1415.0,158710.0,579,CORP,0.0,158710.0,1.0,10:42:34,1.5852,2000.0,1.2384,85.48,Pluspetrol S.A.,30678224010,Energía - Petróleo y Gas,True
1361.0,IRCOO,-0.0039000000000000003,162770.0,164100.0,0.0,158678.7435709,,4,158610.0,0,,,2029-10-23,162770.0,1,4925.0,164800.0,ARS,161440.0,158610.0,BYMA,2159617.7,1361.0,162120.0,1120,CORP,0.0,162120.0,1.0,14:17:23,3.0664,2660.0,1.6477,84.53,IRSA Inversiones y Representaciones S.A.,30524688673,Real Estate,True
2095.0,RZBBO,0.0,100010.0,101500.0,0.0,100131.3603819,,4,102000.0,2,,,2029-09-03,100010.0,2,500.0,102000.0,ARS,100000.0,100000.0,BYMA,2097752.0,2095.0,100000.0,1070,CORP,0.0,100000.0,500.0,14:00:59,2.9295,1500.0,1.5,84.86,RIZOBACTER ARGENTINA S.A.,30593174057,,True
5115.0,MR45O,-0.011899999999999999,42000.0,42500.0,0.0,40746.686217,,4,40740.0,-1,,,2036-06-30,42000.0,2,99.0,41500.0,ARS,40740.0,40740.0,BYMA,2084193.0,5115.0,41500.0,3562,CORP,0.0,41500.0,7001.0,15:17:12,9.7522,1760.0,4.3201,80.04,Generación Mediterránea / Central Térmica Roca S.A.,33711944899,Energía - Electricidad,True
1200.0,T641O,-0.0134,163000.0,163340.0,0.0,160800.0,,1,160800.0,2,,,2027-04-30,163000.0,2,85000.0,160800.0,ARS,160800.0,160800.0,BYMA,1929600.0,1200.0,160800.0,213,CORP,0.0,160800.0,8800.0,15:20:00,0.5832,2540.0,1.5796,83.49,Tarjeta Naranja S.A.,30685376349,Financiero - Crédito Consumo,True
1200.0,BF45O,0.0,0.0,0.0,0.0,155620.0,,1,155620.0,0,,,2027-05-08,0.0,2,0.0,155620.0,ARS,0.0,155620.0,BYMA,1867440.0,1200.0,155620.0,221,CORP,0.0,155620.0,0.0,15:06:18,0.6051,,,66.37,BANCO BBVA ARGENTINA S.A.,30500003193,,True
1188.0,IES1M,0.0029,155000.0,0.0,0.0,155450.0,,2,155450.0,-1,,,2027-08-10,155000.0,2,0.0,155450.0,ARS,150500.0,155450.0,BYMA,1846746.0,1188.0,155450.0,315,CORP,0.0,155450.0,1600.0,11:32:35,0.8624,,,66.97,[IES],,Sin mapear,False
1144.0,XMC1O,0.0003,161000.0,162500.0,0.0,160219.8951049,,9,160000.0,-1,,,2027-11-11,161000.0,2,9876.0,162600.0,ARS,161020.0,159370.0,BYMA,1832915.6,1144.0,161060.0,408,CORP,0.0,161060.0,4849.0,15:30:02,1.117,1480.0,0.9191,87.02,Minera Exar S.A.,30709667587,Minería - Litio,True
1100.0,BPCWO,0.0,152500.0,0.0,0.0,152500.0,,1,152500.0,-1,,,2028-08-07,152500.0,2,0.0,152500.0,ARS,0.0,152500.0,BYMA,1677500.0,1100.0,152500.0,678,CORP,0.0,152500.0,0.0,12:18:43,1.8563,,,66.3,Banco Supervielle S.A.,33500005179,Financiero - Bancos,True
1005.0,OTS6O,0.0009,164820.0,165080.0,0.0,164991.9402985,,3,165030.0,0,,,2029-07-29,164820.0,1,1201.0,165030.0,ARS,159120.0,164910.0,BYMA,1658169.0,1005.0,164980.0,1034,CORP,0.0,164980.0,100.0,15:43:33,2.8309,5960.0,3.7456,80.23,[OTS],,Sin mapear,False
1000.0,TTCAO,-0.0163,167750.0,163300.0,0.0,165000.0,,1,165000.0,2,,,2033-01-22,167750.0,1,12000.0,165000.0,ARS,159130.0,165000.0,BYMA,1650000.0,1000.0,165000.0,2307,CORP,0.0,165000.0,4000.0,10:41:14,6.3162,4170.0,2.6205,80.72,Tecpetrol S.A.,30592665472,Energía - Petróleo y Gas,True
1045.0,CACBO,-0.0002,156030.0,155990.0,0.0,156019.4736842,,8,156100.0,-1,,,2028-06-17,156030.0,2,43955.0,156100.0,ARS,155000.0,155990.0,BYMA,1630403.5,1045.0,155990.0,627,CORP,0.0,155990.0,4040.0,15:16:27,1.7166,990.0,0.6387,88.37,Capex S.A.,30629827060,Energía - Electricidad,True
1000.0,CIC9O,0.0062,160000.0,163000.0,0.0,161000.0,,1,161000.0,0,,,2027-05-21,160000.0,2,1889.0,161000.0,ARS,160000.0,161000.0,BYMA,1610000.0,1000.0,161000.0,234,CORP,0.0,161000.0,2209.0,11:41:38,0.6407,3000.0,1.875,82.36,CNH INDUSTRIAL CAPITAL ARGENTINA S.A.,30714322938,,True
1000.0,MGCTO,0.0148,156750.0,159040.0,0.0,159080.0,,1,159080.0,0,,,2029-04-01,156750.0,1,30000.0,159080.0,ARS,158160.0,159080.0,BYMA,1590800.0,1000.0,159080.0,915,CORP,0.0,159080.0,3000.0,11:12:47,2.5051,880.0,0.5564,87.03,Pampa Energía S.A.,30526552659,Energía - Electricidad,True
993.0,MCC1O,0.0034000000000000002,156670.0,156940.0,0.0,156569.0936556,,10,157500.0,-1,,,2029-03-10,156670.0,2,5470.0,157500.0,ARS,154380.0,155200.0,BYMA,1554731.1,993.0,157210.0,893,CORP,0.0,157210.0,2412.0,13:52:10,2.4449,2560.0,1.6582,85.03,[MCC],,Sin mapear,False
1505000.0,MCC3Y,0.0,103.85,0.0,0.0,101.95,,2,0.0,-1,,,2030-05-11,103.85,2,0.0,101.95,USD,0.0,101.95,BYMA,1534347.5,1505000.0,101.95,1320,CORP,0.0,101.95,0.0,13:50:54,3.614,,,66.77,[MCC],,Sin mapear,False
944.0,PFC3O,0.018600000000000002,156090.0,158670.0,0.0,159299.0466102,,2,159300.0,2,,,2029-11-08,156090.0,2,12601.0,159300.0,ARS,155850.0,159000.0,BYMA,1503783.0,944.0,159000.0,1136,CORP,0.0,159000.0,7000.0,12:06:58,3.1102,2820.0,1.8094,83.08,PATAGONIA FRUITS TRADE S.A,30690967541,,True
1539.0,MR49O,0.0,94000.0,98000.0,0.0,94035.7374919,,4,94000.0,2,,,2034-12-31,94000.0,2,1275.0,95000.0,ARS,95000.0,94000.0,BYMA,1447210.0,1539.0,94000.0,3015,CORP,0.0,94000.0,28.0,12:35:21,8.2546,3000.0,3.1579,80.83,Generación Mediterránea / Central Térmica Roca S.A.,33711944899,Energía - Electricidad,True
849.0,VSCUO,0.0037,166000.0,166840.0,0.0,167045.9010601,,10,167750.0,2,,,2030-03-07,166000.0,2,6192.0,167750.0,ARS,164000.0,166500.0,BYMA,1418219.7,849.0,166630.0,1255,CORP,0.0,166630.0,2000.0,12:58:29,3.436,2840.0,1.7317,84.7,Vista Oil & Gas Argentina S.A.U.,33515950899,Energía - Petróleo y Gas,True
800.0,CP38O,-0.0101,173070.0,173050.0,0.0,170880.0,,2,167870.0,0,,,2030-11-28,173070.0,1,700.0,171310.0,ARS,171710.0,167870.0,BYMA,1367040.0,800.0,171310.0,1521,CORP,0.0,171310.0,700.0,14:02:04,4.1643,1340.0,0.7804,86.08,Cía. General de Combustibles S.A.,30506733932,Energía - Gas,True
742.0,VSCPO,-0.0055000000000000005,168450.0,167500.0,0.0,167414.8113208,,4,166360.0,0,,,2029-05-03,168450.0,2,23221.0,167510.0,ARS,166910.0,166360.0,BYMA,1242217.9,742.0,167510.0,947,CORP,0.0,167510.0,5366.0,13:22:58,2.5927,590.0,0.3535,89.85,Vista Oil & Gas Argentina S.A.U.,33515950899,Energía - Petróleo y Gas,True
1112000.0,DNC3Y,0.0,104.203,0.0,0.0,104.204,,1,0.0,0,,,2026-11-22,104.203,2,0.0,104.204,USD,0.0,104.204,BYMA,1158748.48,1112000.0,104.204,54,CORP,0.0,104.204,0.0,15:23:30,0.1478,,,66.01,EDENOR S.A.,30655116202,,True
1112000.0,DNC3Y,0.0,104.2,0.0,0.0,104.2,,1,0.0,-1,,,2026-11-22,104.2,1,0.0,104.2,USD,0.0,104.2,BYMA,1158704.0,1112000.0,104.2,54,CORP,0.0,104.2,0.0,15:23:27,0.1478,,,65.99,EDENOR S.A.,30655116202,,True
700.0,TTC9O,-0.0177,162900.0,0.0,0.0,160013.3,,2,162320.0,2,,,2029-10-24,162900.0,1,0.0,162320.0,ARS,163130.0,160010.0,BYMA,1120093.1,700.0,160010.0,1121,CORP,0.0,160010.0,3065.0,10:57:07,3.0691,,,66.59,Tecpetrol S.A.,30592665472,Energía - Petróleo y Gas,True
1046006.0,YM34D,0.0009,106.8,106.95,0.0,106.3631885,,875,105.8,-1,,,2034-01-17,106.8,2,46156.0,106.95,USD,106.9,105.8,BYMA,1112565.72,1046006.0,106.9,2667,CORP,0.0,106.9,110.0,15:38:48,7.3018,0.05,0.0468,94.78,YPF S.A.,30546689979,Energía - Petróleo y Gas,True
702.0,DNCBO,-0.008,152000.0,151740.0,0.0,151996.5242165,,3,152000.0,2,,,2029-07-03,152000.0,1,9264.0,152000.0,ARS,150790.0,150780.0,BYMA,1067015.6,702.0,150780.0,1008,CORP,0.0,150780.0,99.0,14:12:33,2.7598,950.0,0.63,87.3,EDENOR S.A.,30655116202,,True
1043134.0,YM44D,-0.0052,99.77,99.25,0.0,99.4584907,,345,99.77,2,,,2035-06-18,99.77,2,3250.0,101.55,USD,99.22,98.89,BYMA,1037485.38,1043134.0,99.25,3184,CORP,0.0,99.25,500.0,15:44:54,8.7173,0.03,0.0302,94.72,YPF S.A.,30546689979,Energía - Petróleo y Gas,True
1000000.0,AFCQZ,0.0,100.0,0.0,0.0,100.0,,1,0.0,-1,,,2027-12-06,100.0,1,0.0,100.0,EXT,0.0,100.0,BYMA,1000000.0,1000000.0,100.0,433,CORP,0.0,100.0,0.0,13:41:20,1.1855,,,65.88,Banco Comafi S.A.,30604731018,Financiero - Bancos,True
947000.0,MGCOZ,0.0,108.394,0.0,0.0,105.48,,1,0.0,2,,,2034-12-16,108.394,2,0.0,105.48,EXT,0.0,105.48,BYMA,998895.6,947000.0,105.48,3000,CORP,0.0,105.48,0.0,11:16:30,8.2136,,,65.86,Pampa Energía S.A.,30526552659,Energía - Electricidad,True
947000.0,MGCOZ,0.0,108.379,0.0,0.0,105.454,,1,0.0,2,,,2034-12-16,108.379,1,0.0,105.454,EXT,0.0,105.454,BYMA,998649.38,947000.0,105.454,3000,CORP,0.0,105.454,0.0,11:16:33,8.2136,,,65.84,Pampa Energía S.A.,30526552659,Energía - Electricidad,True
1000000.0,YM44Z,0.0,0.0,0.0,0.0,94.831,,1,0.0,0,,,2035-06-18,0.0,1,0.0,94.831,EXT,0.0,94.831,BYMA,948310.0,1000000.0,94.831,3184,CORP,0.0,94.831,0.0,13:39:38,8.7173,,,65.81,YPF S.A.,30546689979,Energía - Petróleo y Gas,True
1002719.0,BF46O,-0.0053,93.502,0.0,0.0,93.0,,1,93.0,2,,,2027-05-21,93.502,2,0.0,93.0,ARS,50.0,93.0,BYMA,932528.67,1002719.0,93.0,234,CORP,0.0,93.0,1000000.0,14:24:13,0.6407,,,65.79,BANCO BBVA ARGENTINA S.A.,30500003193,,True
2669.0,MR44O,-0.1026,38000.0,36460.0,0.0,34151.9295616,,4,35150.0,-1,,,2036-06-30,38000.0,1,4500.0,35150.0,ARS,33115.0,34100.0,BYMA,911515.0,2669.0,34100.0,3562,CORP,0.0,34100.0,1000.0,15:24:29,9.7522,3345.0,10.1012,77.74,Generación Mediterránea / Central Térmica Roca S.A.,33711944899,Energía - Electricidad,True
787423.0,YMCXD,-0.0046,107.6,107.15,0.0,107.4381329,,438,108.9,0,,,2031-09-11,107.6,2,17001.0,108.9,USD,107.1,106.9,BYMA,845992.7,787423.0,107.1,1808,CORP,0.0,107.1,15564.0,15:44:42,4.95,0.05,0.0467,94.57,YPF S.A.,30546689979,Energía - Petróleo y Gas,True
500.0,CACDO,0.0425,160040.0,165050.0,0.0,166850.0,,1,166850.0,0,,,2029-06-04,160040.0,1,500.0,166850.0,ARS,159300.0,166850.0,BYMA,834250.0,500.0,166850.0,979,CORP,0.0,166850.0,1.0,12:21:40,2.6804,5750.0,3.6095,78.83,Capex S.A.,30629827060,Energía - Electricidad,True
824643.0,SXC3O,0.0,101.0,105.9,0.0,101.0,,3,101.0,-1,,,2027-02-23,101.0,2,365733.0,101.0,ARS,101.0,101.0,BYMA,832889.43,824643.0,101.0,147,CORP,0.0,101.0,600000.0,10:40:04,0.4025,4.9,4.8515,78.71,MERCADO PAGO SERVICIOS DE PROCESAMIENTO S.R.L.,30716999498,,True
990.0,CAC5O,-0.015300000000000001,82350.0,82350.0,0.0,82870.4242424,,7,81110.0,2,,,2028-08-25,82350.0,2,14442.0,84720.0,ARS,81160.0,81090.0,BYMA,820417.2,990.0,81090.0,696,CORP,0.0,81090.0,2000.0,15:29:43,1.9055,1190.0,1.4662,84.72,Capex S.A.,30629827060,Energía - Electricidad,True
487.0,VMC1O,-0.0027,154750.0,154360.0,0.0,157295.5646817,,3,157690.0,2,,,2030-09-22,154750.0,1,30000.0,157690.0,ARS,148910.0,154320.0,BYMA,766029.4,487.0,154320.0,1454,CORP,0.0,154320.0,2000.0,11:53:30,3.9808,5450.0,3.6599,79.65,ESTACION DE SERVICIOS 25 DE MAYO SRL,33708128649,,True
742000.0,MGCRD,-0.0101,103.1,102.0,0.0,102.0831536,,56,103.0,-1,,,2037-11-14,103.1,2,10000.0,103.0,USD,101.9,101.5,BYMA,757457.0,742000.0,102.05,4064,CORP,0.0,102.05,20000.0,15:44:43,11.1266,0.1,0.0981,93.5,Pampa Energía S.A.,30526552659,Energía - Electricidad,True
718000.0,TTCAD,-0.0019,105.15,104.95,0.0,104.8768802,,38,105.05,-1,,,2033-01-22,105.15,2,7000.0,105.9,USD,104.6,104.05,BYMA,753016.0,718000.0,104.95,2307,CORP,0.0,104.95,5000.0,14:53:07,6.3162,0.35,0.3346,91.61,Tecpetrol S.A.,30592665472,Energía - Petróleo y Gas,True
728009.0,PN35D,-0.0048,103.2,102.7,0.0,102.716076,,223,103.5,-1,,,2029-09-27,103.2,2,11704.0,103.6,USD,102.65,102.35,BYMA,747782.33,728009.0,102.7,1094,CORP,0.0,102.7,5000.0,15:44:18,2.9952,0.05,0.0487,94.21,Pan American Energy LLC (PAE Sucursal),30714813583,Energía - Petróleo y Gas,True
842.0,PECNO,-0.0040999999999999995,87010.0,90490.0,0.0,86659.5011876,,2,86660.0,2,,,2032-08-25,87010.0,1,800.0,86660.0,ARS,86290.0,86650.0,BYMA,729673.0,842.0,86650.0,2157,CORP,0.0,86650.0,3450.0,11:26:13,5.9055,4200.0,4.8673,78.2,PETROLERA ACONCAGUA ENERGIA S.A.,30714814229,,True
662000.0,BACGD,0.0113,105.5,106.9,0.0,106.7316465,,58,106.8,-1,,,2029-06-23,105.5,2,29000.0,106.9,USD,106.35,106.5,BYMA,706563.5,662000.0,106.7,998,CORP,0.0,106.7,1000.0,15:29:05,2.7324,0.55,0.5172,90.18,[BAC],,Sin mapear,False
642290.0,YM34Z,0.0,109.015,0.0,0.0,109.015,,1,0.0,-1,,,2034-01-17,109.015,2,0.0,109.015,EXT,0.0,109.015,BYMA,700192.44,642290.0,109.015,2667,CORP,0.0,109.015,0.0,11:51:45,7.3018,,,65.52,YPF S.A.,30546689979,Energía - Petróleo y Gas,True
642290.0,YM34Z,0.0,108.985,0.0,0.0,108.985,,1,0.0,-1,,,2034-01-17,108.985,1,0.0,108.985,EXT,0.0,108.985,BYMA,699999.76,642290.0,108.985,2667,CORP,0.0,108.985,0.0,11:51:49,7.3018,,,65.5,YPF S.A.,30546689979,Energía - Petróleo y Gas,True
434.0,YFCIO,0.0008,155820.0,159070.0,0.0,157904.7695853,,4,151620.0,2,,,2027-06-13,155820.0,2,297.0,159190.0,ARS,155950.0,151620.0,BYMA,685306.7,434.0,155960.0,257,CORP,0.0,155960.0,7234.0,13:32:26,0.7036,3120.0,2.0006,82.58,YPF Energía Eléctrica S.A.,30714128309,Energía - Electricidad,True
400.0,YM38O,0.005,160000.0,161580.0,0.0,160800.0,,2,160800.0,-1,,,2027-07-22,160000.0,1,13377.0,160800.0,ARS,160010.0,160800.0,BYMA,643200.0,400.0,160800.0,296,CORP,0.0,160800.0,1107.0,12:59:04,0.8104,1570.0,0.9812,84.59,YPF S.A.,30546689979,Energía - Petróleo y Gas,True
400.0,RUCEO,-0.0060999999999999995,155270.0,160000.0,0.0,154315.0,,3,154310.0,-1,,,2027-10-30,155270.0,1,600.0,154320.0,ARS,154330.0,154310.0,BYMA,617260.0,400.0,154320.0,396,CORP,0.0,154320.0,600.0,14:38:39,1.0842,5670.0,3.6739,79.41,CERAMICA RUTA 16 S.R.L.,30710080085,,True
387.0,GN47O,0.005600000000000001,158500.0,159000.0,0.0,159360.2067183,,4,159380.0,0,,,2028-10-17,158500.0,2,596.0,159400.0,ARS,158360.0,159320.0,BYMA,616724.0,387.0,159400.0,749,CORP,0.0,159400.0,1049.0,13:53:26,2.0507,640.0,0.4041,88.73,Genneia S.A.,30665234114,Energía - Renovable,True
397.0,TLCUO,-0.0095,157000.0,161640.0,0.0,155191.6624685,,13,155500.0,-1,,,2029-03-05,157000.0,1,501.0,155520.0,ARS,155330.0,149910.0,BYMA,616110.9,397.0,155500.0,888,CORP,0.0,155500.0,4352.0,11:44:54,2.4312,6310.0,4.0623,80.34,Telecom Argentina S.A.,30639453738,Telecomunicaciones,True
406.0,CP41O,-0.0323,155010.0,157000.0,0.0,149536.1083744,,4,153300.0,2,,,2029-09-07,155010.0,1,2000.0,153300.0,ARS,148950.0,148040.0,BYMA,607116.6,406.0,150000.0,1074,CORP,0.0,150000.0,500.0,15:35:12,2.9405,8050.0,5.4045,78.37,CIA GENERAL DE COMBUSTIBLES S.A.,30506733932,,True
593000.0,ZZC1Y,0.0,101.903,0.0,0.0,101.903,,1,0.0,-1,,,2027-02-21,101.903,2,0.0,101.903,USD,0.0,101.903,BYMA,604284.79,593000.0,101.903,145,CORP,0.0,101.903,0.0,15:23:29,0.397,,,65.35,[ZZC],,Sin mapear,False
593000.0,ZZC1Y,0.0,101.9,0.0,0.0,101.9,,1,0.0,-1,,,2027-02-21,101.9,1,0.0,101.9,USD,0.0,101.9,BYMA,604267.0,593000.0,101.9,145,CORP,0.0,101.9,0.0,15:23:27,0.397,,,65.32,[ZZC],,Sin mapear,False
350.0,YMCZO,0.008,167220.0,167000.0,0.0,168560.0,,1,168560.0,0,,,2028-10-10,167220.0,2,400.0,168560.0,ARS,164340.0,168560.0,BYMA,589960.0,350.0,168560.0,742,CORP,0.0,168560.0,24538.0,13:38:04,2.0315,2660.0,1.6186,82.23,YPF S.A.,30546689979,Energía - Petróleo y Gas,True
360.0,PN35O,0.0294,159090.0,163780.0,0.0,163780.0,,1,163780.0,0,,,2029-09-27,159090.0,1,3953.0,163780.0,ARS,158010.0,163780.0,BYMA,589608.0,360.0,163780.0,1094,CORP,0.0,163780.0,3164.0,13:36:53,2.9952,5770.0,3.6517,78.32,Pan American Energy LLC (PAE Sucursal),30714813583,Energía - Petróleo y Gas,True
366.0,PQCRO,0.0028000000000000004,156050.0,160200.0,0.0,156540.4371585,,2,160200.0,2,,,2028-10-22,156050.0,2,1013.0,160200.0,ARS,156500.0,156500.0,BYMA,572938.0,366.0,156500.0,754,CORP,0.0,156500.0,438.0,15:35:27,2.0643,3700.0,2.3642,80.95,Petroquímica Comodoro Rivadavia S.A.,30563598111,Industria - Petroquímica,True
330.0,YMCYO,-0.032400000000000005,164500.0,163590.0,0.0,159365.9090909,,4,163680.0,0,,,2028-10-10,164500.0,1,785.0,163680.0,ARS,159170.0,159160.0,BYMA,525907.5,330.0,159170.0,742,CORP,0.0,159170.0,1367.0,14:55:02,2.0315,4420.0,2.7769,80.7,YPF S.A.,30546689979,Energía - Petróleo y Gas,True
576.0,SNEAO,-0.0054,90490.0,90500.0,0.0,90533.4722222,,6,90490.0,2,,,2029-07-14,90490.0,2,10000.0,92480.0,ARS,90000.0,89990.0,BYMA,521472.8,576.0,90000.0,1019,CORP,0.0,90000.0,55.0,15:37:22,2.7899,500.0,0.5556,87.64,SION S.A.,30690076043,,True
500000.0,BYCXY,0.0,102.503,0.0,0.0,102.504,,1,0.0,0,,,2026-12-30,102.503,2,0.0,102.504,USD,0.0,102.504,BYMA,512520.0,500000.0,102.504,92,CORP,0.0,102.504,0.0,15:23:30,0.2519,,,65.19,Banco de Galicia y Buenos Aires S.A.,30500001735,Financiero - Bancos,True
500000.0,BYCXY,0.0,102.5,0.0,0.0,102.5,,1,0.0,-1,,,2026-12-30,102.5,1,0.0,102.5,USD,0.0,102.5,BYMA,512500.0,500000.0,102.5,92,CORP,0.0,102.5,0.0,15:23:28,0.2519,,,65.17,Banco de Galicia y Buenos Aires S.A.,30500001735,Financiero - Bancos,True
300.0,DNC7O,0.0161,165950.0,168630.0,0.0,165946.6666667,,3,164010.0,0,,,2030-10-24,165950.0,1,800.0,168630.0,ARS,164900.0,164010.0,BYMA,497840.0,300.0,168630.0,1486,CORP,0.0,168630.0,100.0,15:44:17,4.0684,3730.0,2.262,81.4,EDENOR S.A.,30655116202,,True
307.0,GN43O,0.018500000000000003,155120.0,158000.0,0.0,158000.0,,1,158000.0,0,,,2027-03-08,155120.0,2,43.0,158000.0,ARS,155500.0,158000.0,BYMA,485060.0,307.0,158000.0,160,CORP,0.0,158000.0,4000.0,11:58:51,0.4381,2500.0,1.6077,82.08,Genneia S.A.,30665234114,Energía - Renovable,True
306.0,IRCJO,-0.0003,155060.0,161000.0,0.0,155000.0,,1,155000.0,2,,,2027-02-28,155060.0,1,6100.0,155000.0,ARS,154490.0,155000.0,BYMA,474300.0,306.0,155000.0,152,CORP,0.0,155000.0,100.0,13:41:36,0.4162,6510.0,4.2139,77.57,IRSA Inversiones y Representaciones S.A.,30524688673,Real Estate,True
436000.0,TTCDD,-0.0124,108.3,107.0,0.0,107.2644495,,70,108.05,-1,,,2030-11-03,108.3,2,22000.0,108.9,USD,106.9,106.75,BYMA,467673.0,436000.0,106.95,1496,CORP,0.0,106.95,20000.0,15:43:18,4.0958,0.1,0.0935,93.2,Tecpetrol S.A.,30592665472,Energía - Petróleo y Gas,True
289.0,CS48O,0.0037,160770.0,166360.0,0.0,161391.3148789,,4,163100.0,2,,,2028-07-11,160770.0,1,300.0,163100.0,ARS,163530.0,161380.0,BYMA,466420.9,289.0,161380.0,651,CORP,0.0,161380.0,1.0,13:19:15,1.7823,2830.0,1.7306,82.86,Cresud S.A.C.I.F. y A.,30509300700,Agro - Real Estate,True
276.0,TTC8O,-0.0021,160530.0,160180.0,0.0,159314.4202899,,8,160600.0,-1,,,2027-10-24,160530.0,2,6477.0,160600.0,ARS,158950.0,158820.0,BYMA,439707.8,276.0,160180.0,390,CORP,0.0,160180.0,9856.0,15:29:50,1.0678,1230.0,0.7738,86.33,Tecpetrol S.A.,30592665472,Energía - Petróleo y Gas,True
409000.0,VSCXD,-0.0046,106.9,106.4,0.0,106.5773839,,142,107.65,0,,,2038-04-08,106.9,2,2000.0,107.65,USD,106.3,106.3,BYMA,435901.5,409000.0,106.4,4209,CORP,0.0,106.4,14000.0,15:44:54,11.5236,0.1,0.0941,93.37,Vista Oil & Gas Argentina S.A.U.,33515950899,Energía - Petróleo y Gas,True
275.0,DEC2O,0.001,156990.0,157150.0,0.0,157151.0909091,,3,157210.0,2,,,2027-02-24,156990.0,2,4.0,157210.0,ARS,155910.0,157150.0,BYMA,432165.5,275.0,157150.0,148,CORP,0.0,157150.0,3223.0,14:53:30,0.4052,1240.0,0.7953,85.28,Empresa Distrib. de Electricidad Salta S.A.,30690633635,Energía - Electricidad,True
1527728.0,RVS1O,0.0039000000000000003,25.6,25.7,0.0,25.6232414,,14,25.74,-1,,,2027-02-27,25.6,2,674037.0,25.75,ARS,25.05,25.0,BYMA,391453.45,1527728.0,25.7,151,CORP,0.0,25.7,2000000.0,15:41:58,0.4134,0.65,2.5948,81.94,[RVS],,Sin mapear,False
368000.0,BACHD,0.0009,106.2,106.3,0.0,106.2373641,,36,106.6,-1,,,2031-01-28,106.2,2,1000.0,106.85,USD,106.0,106.1,BYMA,390953.5,368000.0,106.3,1582,CORP,0.0,106.3,10000.0,15:37:42,4.3313,0.3,0.283,91.27,[BAC],,Sin mapear,False
348951.0,YM39D,-0.0068000000000000005,110.2,109.45,0.0,109.9516306,,169,109.9,-1,,,2030-07-22,110.2,2,56280.0,110.55,USD,109.35,109.3,BYMA,383677.33,348951.0,109.45,1392,CORP,0.0,109.45,100.0,15:44:43,3.8111,0.1,0.0914,93.39,YPF S.A.,30546689979,Energía - Petróleo y Gas,True
370000.0,TTCDC,-0.012,103.6,102.6,0.0,102.6374324,,50,104.2,-1,,,2030-11-03,103.6,2,20000.0,104.45,EXT,102.15,102.15,BYMA,379758.5,370000.0,102.35,1496,CORP,0.0,102.35,8000.0,15:43:23,4.0958,0.45,0.4405,90.27,Tecpetrol S.A.,30592665472,Energía - Petróleo y Gas,True
231.0,OLC7O,0.0506,151340.0,160960.0,0.0,158233.7662338,,3,157230.0,0,,,2030-02-23,151340.0,1,4000.0,159000.0,ARS,158590.0,157230.0,BYMA,365520.0,231.0,159000.0,1243,CORP,0.0,159000.0,1.0,15:16:42,3.4031,2370.0,1.4944,83.06,OLEODUCTOS DEL VALLE S.A.,30658840165,,True
227.0,YFCOO,0.016200000000000003,156960.0,162390.0,0.0,159828.722467,,5,159710.0,2,,,2028-12-15,156960.0,2,1486.0,162390.0,ARS,157550.0,157500.0,BYMA,362811.2,227.0,159510.0,808,CORP,0.0,159510.0,8290.0,13:51:53,2.2122,4840.0,3.072,79.91,YPF Energía Eléctrica S.A.,30714128309,Energía - Electricidad,True
317000.0,PNXCD,-0.0039000000000000003,113.85,114.0,0.0,113.3600946,,39,114.0,-1,,,2032-04-30,113.85,2,10000.0,114.0,USD,113.4,113.3,BYMA,359351.5,317000.0,113.4,2040,CORP,0.0,113.4,6000.0,14:17:50,5.5852,0.6,0.5291,89.16,Pan American Energy LLC (PAE Sucursal),30714813583,Energía - Petróleo y Gas,True
416.0,CAC5O,0.036000000000000004,81080.0,84000.0,0.0,84000.0,,2,84000.0,-1,,,2028-08-25,81080.0,1,6944.0,84000.0,ARS,81160.0,84000.0,BYMA,349440.0,416.0,84000.0,696,CORP,0.0,84000.0,1.0,13:02:45,1.9055,2840.0,3.4993,78.63,Capex S.A.,30629827060,Energía - Electricidad,True
227.0,MTC2O,0.0007000000000000001,153990.0,158500.0,0.0,151494.4933921,,3,154000.0,0,,,2028-06-22,153990.0,1,5856.0,154110.0,ARS,154100.0,149900.0,BYMA,343892.5,227.0,154110.0,632,CORP,0.0,154110.0,1.0,11:51:32,1.7303,4400.0,2.8553,79.86,Mastellone Hermanos S.A.,30547242331,Alimentos - Lácteos,True
285.0,SNSDO,0.0,119900.0,119900.0,0.0,119900.0,,1,119900.0,-1,,,2027-02-06,119900.0,2,2912.0,119900.0,ARS,108010.0,119900.0,BYMA,341715.0,285.0,119900.0,130,CORP,0.0,119900.0,180.0,15:38:05,0.3559,11890.0,11.0082,75.4,SION S.A.,30690076043,,True
200.0,YMCZO,0.1137,153000.0,169150.0,0.0,170400.0,,1,170400.0,0,,,2028-10-10,153000.0,1,5800.0,170400.0,ARS,158370.0,170400.0,BYMA,340800.0,200.0,170400.0,742,CORP,0.0,170400.0,493.0,13:14:46,2.0315,10780.0,6.8068,76.0,YPF S.A.,30546689979,Energía - Petróleo y Gas,True
304055.0,TLCPD,-0.0027,111.0,110.7,0.0,110.7353806,,263,110.4,-1,,,2033-05-28,111.0,2,7963.0,112.0,USD,110.6,110.3,BYMA,336696.5,304055.0,110.7,2433,CORP,0.0,110.7,4777.0,15:39:08,6.6612,0.1,0.0904,93.29,Telecom Argentina S.A.,30639453738,Telecomunicaciones,True
301000.0,VSCVD,-0.0058,110.85,110.15,0.0,110.6928571,,132,112.15,0,,,2033-06-10,110.85,2,5000.0,112.2,USD,110.0,109.8,BYMA,333185.5,301000.0,110.2,2446,CORP,0.0,110.2,30000.0,15:27:47,6.6968,0.15,0.1364,92.71,Vista Oil & Gas Argentina S.A.U.,33515950899,Energía - Petróleo y Gas,True
200.0,TTCEO,0.0661,152880.0,0.0,0.0,163000.0,,1,163000.0,0,,,2029-05-21,152880.0,1,0.0,163000.0,ARS,154220.0,163000.0,BYMA,326000.0,200.0,163000.0,965,CORP,0.0,163000.0,100.0,12:10:50,2.642,,,64.68,Tecpetrol S.A.,30592665472,Energía - Petróleo y Gas,True
305956.0,TLCTD,-0.0069,107.15,106.4,0.0,106.4137097,,420,108.0,0,,,2036-01-20,107.15,2,2419.0,108.0,USD,106.3,104.5,BYMA,325579.1,305956.0,106.4,3400,CORP,0.0,106.4,13599.0,15:43:42,9.3087,0.1,0.0941,93.16,Telecom Argentina S.A.,30639453738,Telecomunicaciones,True
203.0,YM41O,-0.037599999999999995,166410.0,163900.0,0.0,160137.9310345,,2,157700.0,0,,,2027-01-08,166410.0,1,1000.0,160150.0,ARS,157610.0,157700.0,BYMA,325080.0,203.0,160150.0,101,CORP,0.0,160150.0,1.0,12:37:38,0.2765,6290.0,3.9909,77.99,YPF S.A.,30546689979,Energía - Petróleo y Gas,True
204.0,AERBO,-0.0235,160980.0,158000.0,0.0,158004.0686275,,5,161090.0,2,,,2026-12-15,160980.0,2,1.0,161090.0,ARS,157200.0,157190.0,BYMA,322328.3,204.0,157190.0,77,CORP,0.0,157190.0,10062.0,13:46:16,0.2108,800.0,0.5089,87.22,[AER],,Sin mapear,False
291077.0,VSCRD,0.0013,107.55,107.9,0.0,107.534953,,106,108.9,0,,,2031-10-10,107.55,2,244.0,108.95,USD,107.7,106.0,BYMA,313009.56,291077.0,107.7,1837,CORP,0.0,107.7,8561.0,15:44:18,5.0294,0.2,0.1857,92.15,Vista Oil & Gas Argentina S.A.U.,33515950899,Energía - Petróleo y Gas,True
308000.0,PLC7D,-0.0024,101.75,101.5,0.0,101.4993506,,127,100.7,0,,,2037-09-30,101.75,2,13000.0,102.0,USD,101.0,100.7,BYMA,312618.0,308000.0,101.5,4019,CORP,0.0,101.5,10000.0,15:40:05,11.0034,0.5,0.495,89.73,Pluspetrol S.A.,30678224010,Energía - Petróleo y Gas,True
296000.0,VSCVC,-0.0014000000000000002,106.0,105.45,0.0,105.5820946,,35,105.85,0,,,2033-06-10,106.0,2,5000.0,106.1,EXT,105.35,105.5,BYMA,312523.0,296000.0,105.85,2446,CORP,0.0,105.85,30000.0,15:11:27,6.6968,0.1,0.0949,92.18,Vista Oil & Gas Argentina S.A.U.,33515950899,Energía - Petróleo y Gas,True
272000.0,PLC4D,-0.0004,108.15,108.35,0.0,108.3965074,,78,108.3,-1,,,2032-05-30,108.15,2,14000.0,108.7,USD,108.05,108.1,BYMA,294838.5,272000.0,108.1,2070,CORP,0.0,108.1,40000.0,15:43:43,5.6674,0.3,0.2776,91.33,Pluspetrol S.A.,30678224010,Energía - Petróleo y Gas,True
265423.0,YM42D,-0.0038,104.9,104.55,0.0,104.699326,,206,104.95,2,,,2029-03-02,104.9,2,986.0,105.0,USD,104.5,104.5,BYMA,277896.21,265423.0,104.5,885,CORP,0.0,104.5,6501.0,15:36:53,2.423,0.05,0.0478,93.17,YPF S.A.,30546689979,Energía - Petróleo y Gas,True
264524.0,MCC3D,-0.0004,101.95,101.95,0.0,101.8507665,,84,101.65,0,,,2030-05-11,101.95,2,21884.0,102.0,USD,101.85,101.65,BYMA,269419.74,264524.0,101.9,1320,CORP,0.0,101.9,3422.0,15:43:49,3.614,0.1,0.0982,92.57,[MCC],,Sin mapear,False
257400.0,DNCAD,-0.0096,103.45,102.45,0.0,102.6933178,,163,103.0,-1,,,2033-04-28,103.45,2,21300.0,103.45,USD,102.35,102.35,BYMA,264332.6,257400.0,102.45,2403,CORP,0.0,102.45,1400.0,15:42:32,6.5791,0.1,0.0977,92.78,EDENOR S.A.,30655116202,,True
215.0,MR46O,0.0008,122500.0,124320.0,0.0,122600.0,,2,122600.0,-1,,,2034-12-31,122500.0,1,2600.0,122600.0,ARS,123470.0,122600.0,BYMA,263590.0,215.0,122600.0,3015,CORP,0.0,122600.0,4049.0,14:26:50,8.2546,850.0,0.6884,85.02,Generación Mediterránea / Central Térmica Roca S.A.,33711944899,Energía - Electricidad,True
227000.0,TLCMD,0.0031,109.65,110.0,0.0,110.0590308,,78,109.85,-1,,,2031-07-18,109.65,2,5000.0,110.45,USD,109.85,109.8,BYMA,249834.0,227000.0,110.0,1753,CORP,0.0,110.0,2000.0,15:44:01,4.7995,0.15,0.1365,92.22,Telecom Argentina S.A.,30639453738,Telecomunicaciones,True
230604.0,RUCDD,-0.0195,107.3,106.25,0.0,106.242207,,151,107.4,2,,,2030-12-05,107.3,2,500.0,107.65,USD,105.3,105.2,BYMA,244998.86,230604.0,105.2,1528,CORP,0.0,105.2,4701.0,15:44:16,4.1834,0.95,0.9022,87.06,CERAMICA RUTA 16 S.R.L.,30710080085,,True
230353.0,YMCJD,-0.0146,102.3447,100.85,0.0,101.5665446,,316,103.55,2,,,2033-09-30,102.3447,2,3846.0,104.6,USD,100.75,100.65,BYMA,233961.54,230353.0,100.85,2558,CORP,0.0,100.85,414.0,15:42:34,7.0034,0.1,0.0993,92.69,YPF S.A.,30546689979,Energía - Petróleo y Gas,True
272.0,IRCFO,-0.0148,80310.0,79470.0,0.0,79185.6985294,,8,80100.0,0,,,2028-06-22,80310.0,1,140.0,80100.0,ARS,79160.0,77900.0,BYMA,215385.1,272.0,79120.0,632,CORP,0.0,79120.0,480.0,13:42:17,1.7303,310.0,0.3916,88.55,IRSA Inversiones y Representaciones S.A.,30524688673,Real Estate,True
213956.0,VMC1D,-0.0025,99.6,99.35,0.0,99.4697711,,76,99.6,-1,,,2030-09-22,99.6,2,4655.0,99.8,USD,99.25,99.01,BYMA,212821.55,213956.0,99.35,1454,CORP,0.0,99.35,37313.0,15:42:43,3.9808,0.1,0.1008,92.28,ESTACION DE SERVICIOS 25 DE MAYO SRL,33708128649,,True
201355.0,OLC6D,0.0004,105.65,106.2,0.0,105.3201775,,69,106.9,-1,,,2029-06-05,105.65,2,22191.0,106.95,USD,105.7,104.6,BYMA,212067.47,201355.0,105.7,980,CORP,0.0,105.7,25900.0,15:08:17,2.6831,0.5,0.473,89.5,OLEODUCTOS DEL VALLE S.A.,30658840165,,True
137.0,NPCEO,-0.0225,156450.0,156090.0,0.0,153181.3138686,,3,156500.0,-1,,,2029-07-27,156450.0,2,1114.0,156500.0,ARS,153330.0,152920.0,BYMA,209858.4,137.0,152920.0,1032,CORP,0.0,152920.0,400.0,13:35:36,2.8255,2760.0,1.8,81.59,[NPC],,Sin mapear,False
197000.0,TSC4D,-0.0018,105.35,105.15,0.0,105.0279188,,61,106.55,0,,,2035-11-20,105.35,2,9000.0,106.55,USD,104.85,104.3,BYMA,206905.0,197000.0,105.15,3339,CORP,0.0,105.15,14000.0,15:42:21,9.1417,0.3,0.2861,90.87,[TSC],,Sin mapear,False
126.0,PLC2O,-0.0535,172110.0,169520.0,0.0,162900.0,,1,162900.0,2,,,2030-01-27,172110.0,1,1961.0,162900.0,ARS,165190.0,162900.0,BYMA,205254.0,126.0,162900.0,1216,CORP,0.0,162900.0,2.0,11:11:17,3.3292,4330.0,2.6212,78.68,Pluspetrol S.A.,30678224010,Energía - Petróleo y Gas,True
190590.0,YM43D,-0.0014000000000000002,100.4,100.25,0.0,100.3819406,,85,100.2,-1,,,2030-04-14,100.4,2,21107.0,100.95,USD,100.1,100.0,BYMA,191317.98,190590.0,100.25,1293,CORP,0.0,100.25,9000.0,15:44:32,3.54,0.15,0.1499,91.86,YPF S.A.,30546689979,Energía - Petróleo y Gas,True
175990.0,PN36D,-0.0116,107.0,106.1,0.0,106.2251046,,108,107.0,-1,,,2031-11-13,107.0,2,10000.0,107.0,USD,105.75,105.75,BYMA,186945.64,175990.0,105.75,1871,CORP,0.0,105.75,1502.0,15:14:17,5.1225,0.35,0.331,90.79,Pan American Energy LLC (PAE Sucursal),30714813583,Energía - Petróleo y Gas,True
174000.0,MGCMD,-0.0037,106.8,106.4,0.0,106.3770115,,13,106.4,0,,,2031-09-10,106.8,2,10000.0,106.4,USD,106.05,106.1,BYMA,185096.0,174000.0,106.4,1807,CORP,0.0,106.4,10000.0,15:44:06,4.9473,0.35,0.33,89.31,Pampa Energía S.A.,30526552659,Energía - Electricidad,True
165908.0,PLC3D,0.0028000000000000004,104.0,104.3,0.0,103.8940768,,45,103.6,0,,,2028-04-30,104.0,2,220.0,104.3,USD,104.0,103.6,BYMA,172368.58,165908.0,104.3,579,CORP,0.0,104.3,46505.0,15:06:21,1.5852,0.3,0.2885,90.52,Pluspetrol S.A.,30678224010,Energía - Petróleo y Gas,True
175335.0,DNCBD,-0.0064,98.43,97.8,0.0,97.9947786,,56,98.67,-1,,,2029-07-03,98.43,2,1851.0,98.67,USD,97.78,97.8,BYMA,171819.16,175335.0,97.8,1008,CORP,0.0,97.8,200.0,15:44:38,2.7598,0.02,0.0205,92.45,EDENOR S.A.,30655116202,,True
110.0,VSCZO,0.0,152010.0,155500.0,0.0,152000.0,,1,152000.0,2,,,2029-07-16,152010.0,1,1430.0,152000.0,ARS,154000.0,152000.0,BYMA,167200.0,110.0,152000.0,1021,CORP,0.0,152000.0,2.0,11:15:02,2.7953,1500.0,0.974,82.64,Vista Oil & Gas Argentina S.A.U.,33515950899,Energía - Petróleo y Gas,True
100.0,MGCNO,0.039599999999999996,159670.0,166000.0,0.0,166000.0,,1,166000.0,0,,,2028-10-04,159670.0,1,1040.0,166000.0,ARS,155160.0,166000.0,BYMA,166000.0,100.0,166000.0,736,CORP,0.0,166000.0,4100.0,13:15:10,2.0151,10840.0,6.9863,75.23,Pampa Energía S.A.,30526552659,Energía - Electricidad,True
150000.0,TSC3D,0.0,110.0,110.05,0.0,109.27,,15,110.25,0,,,2031-07-24,110.0,2,30000.0,110.25,USD,109.15,109.0,BYMA,163905.0,150000.0,110.0,1759,CORP,0.0,110.0,10000.0,15:04:03,4.8159,0.9,0.8246,85.72,[TSC],,Sin mapear,False
157219.0,ZZC1D,-0.0044,101.95,102.15,0.0,101.5,,10,101.5,-1,,,2027-02-21,101.95,2,2416.0,101.5,USD,101.5,101.5,BYMA,159577.3,157219.0,101.5,145,CORP,0.0,101.5,2881.0,15:31:41,0.397,0.65,0.6404,86.36,[ZZC],,Sin mapear,False
147000.0,PN43D,-0.0009,105.7,106.0,0.0,105.8622449,,19,105.55,-1,,,2037-01-15,105.7,2,42000.0,106.0,USD,105.6,105.4,BYMA,155617.5,147000.0,105.6,3761,CORP,0.0,105.6,4000.0,15:39:31,10.2971,0.4,0.3788,89.21,Pan American Energy LLC (PAE Sucursal),30714813583,Energía - Petróleo y Gas,True
100.0,SBC4O,0.0086,150700.0,0.0,0.0,152000.0,,1,152000.0,0,,,2029-09-08,150700.0,2,0.0,152000.0,ARS,148030.0,152000.0,BYMA,152000.0,100.0,152000.0,1075,CORP,0.0,152000.0,2000.0,13:14:42,2.9432,,,63.99,SAN BAUTISTA DEL SUR SA,30715659340,,True
141350.0,PN38D,0.0,106.5,107.05,0.0,106.6763955,,16,106.5,-1,,,2027-08-11,106.5,2,2880.0,107.6,USD,106.5,106.5,BYMA,150787.1,141350.0,106.5,316,CORP,0.0,106.5,110000.0,15:08:07,0.8652,0.55,0.5164,87.68,Pan American Energy LLC (PAE Sucursal),30714813583,Energía - Petróleo y Gas,True
92.0,MIC6O,0.0552,152100.0,158990.0,0.0,160500.0,,2,160500.0,-1,,,2028-05-28,152100.0,1,6000.0,160500.0,ARS,151260.0,160500.0,BYMA,147660.0,92.0,160500.0,607,CORP,0.0,160500.0,1003.0,13:57:15,1.6619,7730.0,5.1104,76.49,MIRGOR S.A.,30578036071,,True
98.0,YMCRO,0.0,149000.0,148990.0,0.0,148990.0,,1,148990.0,2,,,2028-09-12,149000.0,2,2.0,148990.0,ARS,135000.0,148990.0,BYMA,146010.2,98.0,148990.0,714,CORP,0.0,148990.0,6000.0,14:13:02,1.9548,13990.0,10.363,74.66,YPF S.A.,30546689979,Energía - Petróleo y Gas,True
95.0,CICBO,-0.0223,156500.0,160000.0,0.0,153010.0,,1,153010.0,2,,,2029-02-09,156500.0,1,1115.0,153010.0,ARS,154100.0,153010.0,BYMA,145359.5,95.0,153010.0,864,CORP,0.0,153010.0,3500.0,13:31:21,2.3655,5900.0,3.8287,76.82,CNH INDUSTRIAL CAPITAL ARGENTINA S.A.,30714322938,,True
87.0,TLCWO,0.0,160000.0,158580.0,0.0,160000.0,,2,160000.0,-1,,,2030-05-29,160000.0,2,2806.0,160000.0,ARS,156100.0,160000.0,BYMA,139200.0,87.0,160000.0,1338,CORP,0.0,160000.0,6008.0,13:26:58,3.6632,2480.0,1.5887,81.55,Telecom Argentina S.A.,30639453738,Telecomunicaciones,True
139359.0,CP36C,-0.019,100.0,101.0,0.0,99.481341,,13,100.4,0,,,2027-10-10,100.0,1,30000.0,101.5,EXT,0.0,97.0,BYMA,138636.21,139359.0,98.1,376,CORP,0.0,98.1,0.0,14:55:29,1.0294,,,66.2,Cía. General de Combustibles S.A.,30506733932,Energía - Gas,True
127166.0,YM37D,0.0073,102.25,103.0,0.0,102.7529092,,94,102.3,0,,,2027-05-07,102.25,2,2949.0,103.05,USD,102.8,102.1,BYMA,130666.76,127166.0,103.0,220,CORP,0.0,103.0,4835.0,15:30:54,0.6023,0.2,0.1946,91.24,YPF S.A.,30546689979,Energía - Petróleo y Gas,True
79.0,PN42O,-0.0031,160500.0,167500.0,0.0,160000.0,,1,160000.0,2,,,2027-04-17,160500.0,2,2901.0,160000.0,ARS,160400.0,160000.0,BYMA,126400.0,79.0,160000.0,200,CORP,0.0,160000.0,6011.0,14:27:35,0.5476,7100.0,4.4264,76.17,Pan American Energy LLC (PAE Sucursal),30714813583,Energía - Petróleo y Gas,True
122000.0,WBS3D,0.0115,100.9877,101.4,0.0,102.15,,2,102.15,-1,,,2027-07-06,100.9877,2,25000.0,102.15,USD,100.5,102.15,BYMA,124623.0,122000.0,102.15,280,CORP,0.0,102.15,500000.0,10:35:01,0.7666,0.9,0.8955,83.22,BANCO MARIVA S.A.,30516420444,,True
122757.0,CS53D,-0.0034000000000000002,101.5,101.35,0.0,101.0009417,,109,101.3,-1,,,2030-04-30,101.5,2,1502.0,101.6,USD,100.75,99.6,BYMA,123985.76,122757.0,101.15,1309,CORP,0.0,101.15,600.0,15:34:38,3.5838,0.6,0.5955,88.2,Cresud S.A.C.I.F. y A.,30509300700,Agro - Real Estate,True
118000.0,MGCTD,0.0024,102.25,102.6,0.0,102.4631356,,22,102.15,-1,,,2029-04-01,102.25,2,1000.0,102.6,USD,102.35,102.15,BYMA,120906.5,118000.0,102.5,915,CORP,0.0,102.5,10000.0,15:28:11,2.5051,0.25,0.2443,89.83,Pampa Energía S.A.,30526552659,Energía - Electricidad,True
114000.0,PLC4C,-0.0019,104.05,103.75,0.0,103.8692982,,11,104.1,-1,,,2032-05-30,104.05,2,8000.0,104.1,EXT,103.55,103.85,BYMA,118411.0,114000.0,103.85,2070,CORP,0.0,103.85,30000.0,15:30:14,5.6674,0.2,0.1931,89.54,Pluspetrol S.A.,30678224010,Energía - Petróleo y Gas,True
110000.0,VSCTD,-0.008,105.0,104.65,0.0,104.8045455,,11,106.0,0,,,2035-12-10,105.0,2,10000.0,106.0,USD,104.15,104.1,BYMA,115285.0,110000.0,104.5,3359,CORP,0.0,104.15,10000.0,15:43:11,9.1964,0.5,0.4801,87.38,Vista Oil & Gas Argentina S.A.U.,33515950899,Energía - Petróleo y Gas,True
105907.0,MGCQD,-0.006,107.25,107.0,0.0,107.0518785,,36,107.25,-1,,,2028-08-06,107.25,2,100.0,107.35,USD,106.65,106.6,BYMA,113375.47,105907.0,106.6,677,CORP,0.0,106.6,400.0,15:16:54,1.8535,0.35,0.3282,89.74,Pampa Energía S.A.,30526552659,Energía - Electricidad,True
104000.0,MGCOD,-0.008,105.25,105.3,0.0,105.2288462,,9,105.85,2,,,2034-12-16,105.25,2,10000.0,105.85,USD,102.8,104.4,BYMA,109438.0,104000.0,104.4,3000,CORP,0.0,104.4,50000.0,15:43:09,8.2136,2.5,2.4319,80.55,Pampa Energía S.A.,30526552659,Energía - Electricidad,True
105706.0,MIC4D,0.0079,101.0,101.85,0.0,100.9905199,,35,102.0,0,,,2027-07-29,101.0,2,200.0,102.0,USD,101.0,100.8,BYMA,106753.04,105706.0,101.8,303,CORP,0.0,101.8,31438.0,15:12:16,0.8296,0.85,0.8416,85.89,MIRGOR S.A.,30578036071,,True
62.0,MGCQO,0.0,166890.0,166890.0,0.0,165877.5806452,,6,166390.0,0,,,2028-08-06,166890.0,1,1297.0,166890.0,ARS,164810.0,165210.0,BYMA,102844.1,62.0,166890.0,677,CORP,0.0,166890.0,2.0,15:40:52,1.8535,2080.0,1.2621,82.92,Pampa Energía S.A.,30526552659,Energía - Electricidad,True
100.0,RZBCO,0.0089,101000.0,101750.0,0.0,101900.0,,1,101900.0,0,,,2029-09-03,101000.0,2,2800.0,101900.0,ARS,100100.0,101900.0,BYMA,101900.0,100.0,101900.0,1070,CORP,0.0,101900.0,100.0,11:18:31,2.9295,1650.0,1.6484,80.41,RIZOBACTER ARGENTINA S.A.,30593174057,,True
100984.0,MIC6D,-0.0069,100.4,99.99,0.0,99.8397909,,119,100.3,-1,,,2028-05-28,100.4,2,25575.0,100.3,USD,99.6,99.5,BYMA,100822.2,100984.0,99.7,607,CORP,0.0,99.7,10000.0,15:43:22,1.6619,0.39,0.3916,89.76,MIRGOR S.A.,30578036071,,True
63.0,CS52O,-0.0031,156500.0,156000.0,0.0,156000.0,,1,156000.0,2,,,2028-04-30,156500.0,2,4805.0,156000.0,ARS,154860.0,156000.0,BYMA,98280.0,63.0,156000.0,579,CORP,0.0,156000.0,7478.0,14:28:12,1.5852,1140.0,0.7361,83.18,Cresud S.A.C.I.F. y A.,30509300700,Agro - Real Estate,True
85300.0,DNC7D,-0.0023,107.0,106.75,0.0,106.7936694,,69,107.8,0,,,2030-10-24,107.0,2,1300.0,107.8,USD,106.7,106.65,BYMA,91095.0,85300.0,106.75,1486,CORP,0.0,106.75,1000.0,15:40:28,4.0684,0.05,0.0469,91.88,EDENOR S.A.,30655116202,,True
83000.0,YFCJD,-0.0078000000000000005,108.0,107.8,0.0,107.3801205,,26,108.3,0,,,2032-10-16,108.0,2,7000.0,108.35,USD,107.15,106.85,BYMA,89125.5,83000.0,107.15,2209,CORP,0.0,107.15,24000.0,15:41:29,6.0479,0.65,0.6066,87.01,YPF Energía Eléctrica S.A.,30714128309,Energía - Electricidad,True
81000.0,PLC5D,0.0046,108.0,108.65,0.0,108.2166667,,35,108.0,2,,,2031-05-18,108.0,2,11000.0,108.6,USD,108.5,107.4,BYMA,87655.5,81000.0,108.5,1692,CORP,0.0,108.5,1000.0,15:35:38,4.6324,0.15,0.1382,90.77,Pluspetrol S.A.,30678224010,Energía - Petróleo y Gas,True
92025.0,YMCID,-0.0029,94.0,93.82,0.0,94.0364285,,237,93.71,-1,,,2029-07-02,94.0,2,288.0,94.74,USD,93.72,93.7,BYMA,86537.04,92025.0,93.72,1007,CORP,0.0,93.72,1210.0,15:27:22,2.757,0.1,0.1067,91.7,YPF S.A.,30546689979,Energía - Petróleo y Gas,True
80708.0,TTC9D,0.0,106.2,106.2,0.0,106.4436159,,31,106.45,-1,,,2029-10-24,106.2,2,42569.0,106.75,USD,106.0,106.2,BYMA,85908.52,80708.0,106.2,1121,CORP,0.0,106.2,500.0,15:30:14,3.0691,0.2,0.1887,90.24,Tecpetrol S.A.,30592665472,Energía - Petróleo y Gas,True
81964.0,BF48C,-0.0098,101.6,100.75,0.0,100.2284149,,2,100.0,0,,,2028-01-24,101.6,1,10000.0,100.6,EXT,0.0,100.0,BYMA,82151.22,81964.0,100.6,482,CORP,0.0,100.6,0.0,14:38:27,1.3196,,,64.03,BANCO BBVA ARGENTINA S.A.,30500003193,,True
78000.0,HJCJD,-0.0014000000000000002,104.45,105.0,0.0,104.3871795,,9,104.2,-1,,,2027-07-25,104.45,2,7000.0,104.6,USD,104.3,103.85,BYMA,81422.0,78000.0,104.3,299,CORP,0.0,104.3,1000.0,15:33:27,0.8186,0.7,0.6711,85.41,John Deere Credit Cía. Financiera S.A.,30707024859,Financiero - Crédito Industrial,True
50.0,VSCPO,-0.0026,162700.0,171000.0,0.0,162270.0,,1,162270.0,2,,,2029-05-03,162700.0,1,2509.0,162270.0,ARS,166940.0,162270.0,BYMA,81135.0,50.0,162270.0,947,CORP,0.0,162270.0,1.0,10:34:47,2.5927,4060.0,2.432,78.28,Vista Oil & Gas Argentina S.A.U.,33515950899,Energía - Petróleo y Gas,True
76957.0,RCCRD,-0.0038,104.9,104.9,0.0,104.5226919,,49,104.4,-1,,,2027-05-09,104.9,2,1169.0,105.5,USD,104.5,104.4,BYMA,80437.55,76957.0,104.5,222,CORP,0.0,104.5,10000.0,15:30:08,0.6078,0.4,0.3828,89.22,Arcor S.A.I.C.,30502793175,Consumo - Alimentos,True
50.0,TLCOO,-0.0187,163050.0,163600.0,0.0,160000.0,,1,160000.0,2,,,2028-11-28,163050.0,1,2600.0,160000.0,ARS,160060.0,160000.0,BYMA,80000.0,50.0,160000.0,791,CORP,0.0,160000.0,58.0,10:48:07,2.1656,3540.0,2.2117,78.7,Telecom Argentina S.A.,30639453738,Telecomunicaciones,True
78390.0,PQCSD,0.0118,101.3,102.9,0.0,101.7247009,,67,101.75,2,,,2031-02-17,101.3,2,3391.0,102.95,USD,102.5,101.2,BYMA,79742.04,78390.0,102.5,1602,CORP,0.0,102.5,401.0,15:41:42,4.386,0.4,0.3902,89.29,Petroquímica Comodoro Rivadavia S.A.,30563598111,Industria - Petroquímica,True
50.0,GYC5O,0.0063,157000.0,157950.0,0.0,158000.0,,2,158000.0,-1,,,2027-09-05,157000.0,2,608.0,158000.0,ARS,153520.0,158000.0,BYMA,79000.0,50.0,158000.0,341,CORP,0.0,158000.0,466.0,10:59:27,0.9336,4430.0,2.8856,77.91,[GYC],,Sin mapear,False
75886.0,YMCXC,-0.008199999999999999,103.6,102.65,0.0,103.2507946,,114,103.7,-1,,,2031-09-11,103.6,2,2.0,103.9,EXT,102.35,102.7,BYMA,78352.88,75886.0,102.75,1808,CORP,0.0,102.75,8306.0,15:41:35,4.95,0.3,0.2931,90.04,YPF S.A.,30546689979,Energía - Petróleo y Gas,True
76000.0,HJCMD,0.0,0.0,100.1,0.0,99.9736842,,9,100.0,-1,,,2029-03-28,0.0,2,5000.0,100.0,USD,98.0,99.9,BYMA,75980.0,76000.0,99.9,911,CORP,0.0,99.9,18000.0,15:39:54,2.4942,2.1,2.1429,80.72,John Deere Credit Cía. Financiera S.A.,30707024859,Financiero - Crédito Industrial,True
72014.0,TTCED,0.0118,101.05,102.0,0.0,102.1189588,,199,102.2,-1,,,2029-05-21,101.05,2,1688.0,102.3,USD,100.6,101.75,BYMA,73539.76,72014.0,102.25,965,CORP,0.0,102.25,520.0,14:42:19,2.642,1.4,1.3917,84.64,Tecpetrol S.A.,30592665472,Energía - Petróleo y Gas,True
71620.0,ZPC5D,0.005,99.0,100.0,0.0,98.7298827,,84,99.0,0,,,2029-06-26,99.0,2,500.0,99.5,USD,98.21,98.0,BYMA,70710.34,71620.0,99.5,1001,CORP,0.0,99.5,6580.0,15:32:45,2.7406,1.79,1.8226,83.22,PLAZA LOGISTICA S.R.L.,30655942382,,True
68916.0,CP40D,0.0009,101.9,102.0,0.0,101.5002046,,64,101.75,-1,,,2028-03-09,101.9,2,9646.0,102.0,USD,101.15,100.0,BYMA,69949.9,68916.0,102.0,527,CORP,0.0,102.0,25150.0,15:30:03,1.4428,0.85,0.8403,85.83,CIA GENERAL DE COMBUSTIBLES S.A.,30506733932,,True
66000.0,TLCMC,-0.0060999999999999995,106.1,105.65,0.0,105.45,,28,105.5,-1,,,2031-07-18,106.1,2,35000.0,105.5,EXT,105.45,105.4,BYMA,69597.0,66000.0,105.45,1753,CORP,0.0,105.45,5000.0,15:44:01,4.7995,0.2,0.1897,89.88,Telecom Argentina S.A.,30639453738,Telecomunicaciones,True
61000.0,GN49D,-0.0163,106.75,105.0,0.0,105.2508197,,32,106.05,2,,,2033-12-02,106.75,2,1000.0,106.05,USD,104.6,105.0,BYMA,64203.0,61000.0,105.0,2621,CORP,0.0,105.0,1000.0,15:20:23,7.1759,0.4,0.3824,88.72,Genneia S.A.,30665234114,Energía - Renovable,True
62626.0,LOC6D,-0.0058,102.45,102.0,0.0,102.4919035,,61,102.6,0,,,2029-01-23,102.45,2,2000.0,102.65,USD,101.85,101.7,BYMA,64186.61,62626.0,101.85,847,CORP,0.0,101.85,104.0,15:40:10,2.319,0.15,0.1473,90.63,[LOC],,Sin mapear,False
62187.0,EAC4D,-0.0009,101.5,101.4,0.0,100.9570811,,75,101.8,-1,,,2036-06-16,101.5,2,6359.0,101.8,USD,101.0,100.15,BYMA,62782.2,62187.0,101.4,3548,CORP,0.0,101.4,76392.0,15:33:51,9.7139,0.4,0.396,88.98,MSU GREEN ENERGY S.A.U.,30714155128,,True
58907.0,YM38D,-0.0019,104.4,104.2,0.0,104.171135,,50,104.2,-1,,,2027-07-22,104.4,2,3500.0,104.3,USD,103.95,103.75,BYMA,61364.12,58907.0,104.2,296,CORP,0.0,104.2,1107.0,15:31:32,0.8104,0.25,0.2405,89.81,YPF S.A.,30546689979,Energía - Petróleo y Gas,True
56587.0,NPCCD,0.0004,106.95,107.0,0.0,106.9758779,,38,107.0,0,,,2029-08-25,106.95,2,4667.0,107.45,USD,106.65,106.7,BYMA,60534.44,56587.0,107.0,1061,CORP,0.0,107.0,500.0,15:32:34,2.9049,0.35,0.3282,89.13,[NPC],,Sin mapear,False
56476.0,PLC2D,0.0018,106.7,106.9,0.0,106.8197925,,60,107.0,-1,,,2030-01-27,106.7,2,198.0,107.0,USD,106.55,106.5,BYMA,60327.6,56476.0,106.9,1216,CORP,0.0,106.9,300.0,15:44:48,3.3292,0.35,0.3285,89.37,Pluspetrol S.A.,30678224010,Energía - Petróleo y Gas,True
62552.0,YM44C,-0.0179,96.74,95.13,0.0,95.6956885,,28,97.4,-1,,,2035-06-18,96.74,2,30000.0,97.4,EXT,94.75,94.75,BYMA,59859.57,62552.0,95.0,3184,CORP,0.0,95.0,30000.0,15:43:52,8.7173,0.38,0.4011,88.19,YPF S.A.,30546689979,Energía - Petróleo y Gas,True
54356.0,OLC5D,-0.0009,106.2,106.1,0.0,106.0581601,,34,106.15,-1,,,2028-06-12,106.2,2,239.0,106.2,USD,105.45,105.35,BYMA,57648.97,54356.0,106.1,622,CORP,0.0,106.1,1000.0,15:39:57,1.7029,0.65,0.6164,86.63,OLEODUCTOS DEL VALLE S.A.,30658840165,,True
54969.0,MU32D,0.0014000000000000002,102.75,0.0,0.0,102.9,,1,102.9,0,,,2027-12-19,102.75,1,0.0,102.9,USD,0.0,102.9,BYMA,56563.1,54969.0,102.9,446,CORP,0.0,102.9,0.0,14:16:01,1.2211,,,62.94,[MU3],,Sin mapear,False
55684.0,CS50D,0.0,102.0,102.0,0.0,101.5089047,,52,102.45,-1,,,2029-03-10,102.0,2,7506.0,102.45,USD,101.5,101.15,BYMA,56524.24,55684.0,102.0,893,CORP,0.0,102.0,300.0,14:49:36,2.4449,0.5,0.4926,87.72,Cresud S.A.C.I.F. y A.,30509300700,Agro - Real Estate,True
53393.0,PN37D,0.0063,103.0,104.5,0.0,103.422384,,39,103.65,-1,,,2028-11-13,103.0,2,600.0,103.65,USD,103.65,103.0,BYMA,55220.34,53393.0,103.65,776,CORP,0.0,103.65,1208.0,14:49:18,2.1246,0.85,0.8201,85.38,Pan American Energy LLC (PAE Sucursal),30714813583,Energía - Petróleo y Gas,True
53439.0,CP36D,0.0414,98.9,103.25,0.0,102.9818372,,4,102.9,-1,,,2027-10-10,98.9,1,30000.0,103.1,USD,100.05,102.9,BYMA,55032.47,53439.0,103.0,376,CORP,0.0,103.0,2435.0,14:48:40,1.0294,3.2,3.1984,77.56,Cía. General de Combustibles S.A.,30506733932,Energía - Gas,True
54969.0,MU32C,0.0,100.0,0.0,0.0,100.0,,1,100.0,-1,,,2027-12-19,100.0,1,0.0,100.0,EXT,0.0,100.0,BYMA,54969.0,54969.0,100.0,446,CORP,0.0,100.0,0.0,14:15:46,1.2211,,,62.85,[MU3],,Sin mapear,False
53000.0,MGCUD,0.0009,100.3,100.5,0.0,100.55,,16,100.6,2,,,2030-08-21,100.3,2,1000.0,100.6,USD,99.81,100.4,BYMA,53291.5,53000.0,100.4,1422,CORP,0.0,100.4,1000.0,14:09:37,3.8932,0.69,0.6913,85.34,Pampa Energía S.A.,30526552659,Energía - Electricidad,True
51050.0,LOC5D,-0.0004,104.25,104.25,0.0,104.1323702,,38,103.75,-1,,,2027-07-24,104.25,2,8400.0,104.25,USD,104.2,103.75,BYMA,53159.6,51050.0,104.2,298,CORP,0.0,104.2,3550.0,15:32:55,0.8159,0.05,0.048,90.75,[LOC],,Sin mapear,False
52000.0,LQC1D,-0.0098,102.0,101.0,0.0,101.3086538,,24,102.0,-1,,,2034-07-28,102.0,2,3000.0,102.0,USD,100.8,100.6,BYMA,52680.5,52000.0,101.0,2859,CORP,0.0,101.0,2000.0,15:43:03,7.8275,0.2,0.1984,89.25,[LQC],,Sin mapear,False
88727.0,SBC1D,-0.0016,59.2,59.58,0.0,59.0512815,,97,59.7,2,,,2027-09-05,59.2,2,4000.0,59.7,USD,59.25,59.04,BYMA,52394.42,88727.0,59.1,341,CORP,0.0,59.1,5839.0,14:07:10,0.9336,0.33,0.557,87.39,SAN BAUTISTA DEL SUR SA,30715659340,,True
50267.0,TLCTC,-0.0009,102.15,102.05,0.0,101.9055703,,61,101.9,0,,,2036-01-20,102.15,2,5926.0,102.1,EXT,101.7,101.65,BYMA,51224.94,50267.0,102.05,3400,CORP,0.0,102.05,1806.0,15:41:59,9.3087,0.35,0.3441,88.98,Telecom Argentina S.A.,30639453738,Telecomunicaciones,True
193147.0,RVS1O,-0.003,24.976,0.0,0.0,24.9,,2,24.9,-1,,,2027-02-27,24.976,1,0.0,24.9,ARS,24.9,24.9,BYMA,48093.6,193147.0,24.9,151,CORP,0.0,24.9,438.0,12:40:59,0.4134,,,63.34,[RVS],,Sin mapear,False
44081.0,YMCXD,-0.0051,107.6,107.6,0.0,107.6742485,,24,107.5,2,,,2031-09-11,107.6,1,18587.0,108.0,USD,107.1,107.05,BYMA,47463.88,44081.0,107.05,1808,CORP,0.0,107.05,9000.0,15:05:46,4.95,0.5,0.4669,87.29,YPF S.A.,30546689979,Energía - Petróleo y Gas,True
46357.0,YFCOD,0.0173,101.15,102.85,0.0,102.1086632,,6,102.9,0,,,2028-12-15,101.15,2,1042.0,102.9,USD,102.1,102.1,BYMA,47334.52,46357.0,102.9,808,CORP,0.0,102.9,4145.0,14:54:16,2.2122,0.75,0.7346,83.92,YPF Energía Eléctrica S.A.,30714128309,Energía - Electricidad,True
30.0,IRCQO,-0.0438,161700.0,161700.0,0.0,154610.0,,1,154610.0,2,,,2027-06-08,161700.0,2,3914.0,154610.0,ARS,154610.0,154610.0,BYMA,46383.0,30.0,154610.0,252,CORP,0.0,154610.0,70.0,14:30:44,0.6899,7090.0,4.5857,74.84,IRSA Inversiones y Representaciones S.A.,30524688673,Real Estate,True
69908.0,SNEBD,-0.0152,66.02,65.01,0.0,65.4143842,,47,66.0,0,,,2029-07-14,66.02,2,309.0,67.24,USD,65.0,64.0,BYMA,45729.87,69908.0,65.01,1019,CORP,0.0,65.01,7509.0,15:16:54,2.7899,0.01,0.0154,90.87,SION S.A.,30690076043,,True
44299.0,RC2CD,-0.0038,103.4,103.45,0.0,103.0466207,,10,102.9,-1,,,2026-10-06,103.4,2,35200.0,103.5,USD,103.0,102.9,BYMA,45648.63,44299.0,103.0,7,CORP,0.0,103.0,30000.0,15:00:04,0.0192,0.45,0.4369,86.65,ARCOR S.A.I.C.,30502793175,,True
43353.0,VSCYC,-0.009899999999999999,98.48,98.48,0.0,97.3778278,,51,97.46,-1,,,2028-01-16,98.48,2,1523.0,97.5,EXT,97.5,97.25,BYMA,42216.26,43353.0,97.5,474,CORP,0.0,97.5,12946.0,14:39:13,1.2977,0.98,1.0051,84.41,Vista Oil & Gas Argentina S.A.U.,33515950899,Energía - Petróleo y Gas,True
39098.0,TLCQD,0.0070999999999999995,104.25,105.45,0.0,104.9192798,,15,105.7,0,,,2027-07-02,104.25,2,5131.0,107.0,USD,104.85,104.2,BYMA,41021.32,39098.0,105.0,276,CORP,0.0,105.0,100000.0,14:49:28,0.7556,0.6,0.5722,85.85,Telecom Argentina S.A.,30639453738,Telecomunicaciones,True
38769.0,OZC3D,0.0062,103.3,104.0,0.0,103.6262091,,24,104.3,-1,,,2027-11-29,103.3,2,6704.0,104.3,USD,103.95,103.5,BYMA,40174.87,38769.0,103.95,426,CORP,0.0,103.95,765.0,15:44:32,1.1663,0.05,0.0481,90.11,EMPRESA DISTRIB DE ELECTRICIDAD DE MENDOZA S.A.,30699542454,,True
38605.0,DNC3D,0.0009,104.05,104.15,0.0,104.0341653,,41,104.45,-1,,,2026-11-22,104.05,2,9402.0,104.45,USD,104.05,104.0,BYMA,40162.41,38605.0,104.15,54,CORP,0.0,104.15,6.0,14:39:20,0.1478,0.1,0.0961,90.25,EDENOR S.A.,30655116202,,True
37239.0,OTS6D,0.0042,105.8,106.3,0.0,105.8172091,,25,105.8,2,,,2029-07-29,105.8,2,31035.0,106.5,USD,105.35,105.2,BYMA,39405.26,37239.0,106.25,1034,CORP,0.0,106.25,7916.0,15:43:33,2.8309,0.95,0.9018,84.22,[OTS],,Sin mapear,False
76126.0,IRCFD,0.0034999999999999996,51.15,51.42,0.0,51.1753457,,144,51.16,-1,,,2028-06-22,51.15,2,609.0,51.5,USD,51.18,50.85,BYMA,38957.74,76126.0,51.33,632,CORP,0.0,51.33,12.0,15:38:51,1.7303,0.24,0.4689,88.05,IRSA Inversiones y Representaciones S.A.,30524688673,Real Estate,True
38000.0,VSCXC,-0.0019,102.35,102.0,0.0,102.0289474,,10,102.05,-1,,,2038-04-08,102.35,2,10000.0,102.15,EXT,101.75,102.0,BYMA,38771.0,38000.0,102.15,4209,CORP,0.0,102.15,4000.0,14:40:59,11.5236,0.25,0.2457,87.76,Vista Oil & Gas Argentina S.A.U.,33515950899,Energía - Petróleo y Gas,True
37190.0,HJCID,0.0019,104.05,104.7,0.0,104.0716053,,7,103.35,0,,,2027-05-27,104.05,2,6180.0,104.5,USD,104.25,103.35,BYMA,38704.23,37190.0,104.25,240,CORP,0.0,104.25,17800.0,15:09:15,0.6571,0.45,0.4317,86.17,John Deere Credit Cía. Financiera S.A.,30707024859,Financiero - Crédito Industrial,True
38173.0,VSCZD,0.0005,99.8,99.85,0.0,99.8399638,,55,100.3,0,,,2029-07-16,99.8,2,1063.0,100.5,USD,99.65,99.31,BYMA,38111.93,38173.0,99.85,1021,CORP,0.0,99.85,100.0,15:28:06,2.7953,0.2,0.2007,89.44,Vista Oil & Gas Argentina S.A.U.,33515950899,Energía - Petróleo y Gas,True
38469.0,PN35C,-0.0388,103.0,102.0,0.0,98.6864275,,8,98.7,0,,,2029-09-27,103.0,2,7065.0,99.0,EXT,98.0,98.64,BYMA,37963.67,38469.0,99.0,1094,CORP,0.0,99.0,5381.0,15:42:49,2.9952,4.0,4.0816,76.83,Pan American Energy LLC (PAE Sucursal),30714813583,Energía - Petróleo y Gas,True
35033.0,CICAD,0.0019,104.0,104.2,0.0,104.197588,,21,104.0,-1,,,2028-06-03,104.0,2,410.0,104.9,USD,104.0,104.0,BYMA,36503.56,35033.0,104.2,613,CORP,0.0,104.2,39.0,15:17:04,1.6783,0.2,0.1923,88.81,CNH INDUSTRIAL CAPITAL ARGENTINA S.A.,30714322938,,True
73716.0,IRCFC,-0.016,49.1,0.0,0.0,49.2864637,,48,49.288,2,,,2028-06-22,49.1,2,0.0,49.288,EXT,0.0,48.311,BYMA,36332.03,73716.0,48.311,632,CORP,0.0,48.311,0.0,14:05:31,1.7303,,,65.75,IRSA Inversiones y Representaciones S.A.,30524688673,Real Estate,True
35052.0,OTS2D,-0.0044,102.2,102.15,0.0,102.0385342,,27,102.25,-1,,,2027-04-24,102.2,2,2000.0,102.25,USD,101.8,101.5,BYMA,35766.55,35052.0,101.75,207,CORP,0.0,101.75,500.0,14:19:54,0.5667,0.35,0.3438,88.01,[OTS],,Sin mapear,False
34272.0,YM34C,0.0014000000000000002,102.15,102.3,0.0,101.8541579,,49,104.8,-1,,,2034-01-17,102.15,2,29989.0,104.8,EXT,102.1,101.4,BYMA,34907.48,34272.0,102.3,2667,CORP,0.0,102.3,1315.0,15:41:51,7.3018,0.2,0.1959,89.3,YPF S.A.,30546689979,Energía - Petróleo y Gas,True
33924.0,PN34D,0.0128,101.0,102.3,0.0,102.2660462,,53,100.5,2,,,2027-09-27,101.0,2,22473.0,104.15,USD,101.6,100.5,BYMA,34692.76,33924.0,102.3,363,CORP,0.0,102.3,2338.0,15:03:10,0.9938,0.7,0.689,85.7,Pan American Energy LLC (PAE Sucursal),30714813583,Energía - Petróleo y Gas,True
32787.0,TLCOD,-0.0009,104.5,104.4,0.0,104.2841538,,31,104.4,-1,,,2028-11-28,104.5,2,9843.0,104.45,USD,104.25,104.0,BYMA,34191.64,32787.0,104.4,791,CORP,0.0,104.4,69.0,15:28:31,2.1656,0.15,0.1439,89.39,Telecom Argentina S.A.,30639453738,Telecomunicaciones,True
34359.0,CP41D,-0.0194,99.94,99.4,0.0,99.4988934,,75,100.0,2,,,2029-09-07,99.94,2,3000.0,100.0,USD,96.2,98.0,BYMA,34186.85,34359.0,98.0,1074,CORP,0.0,98.0,3000.0,15:31:11,2.9405,3.2,3.3264,79.26,CIA GENERAL DE COMBUSTIBLES S.A.,30506733932,,True
32746.0,YMCYD,0.0033,103.95,104.35,0.0,104.0597905,,48,104.75,0,,,2028-10-10,103.95,2,4401.0,104.75,USD,103.7,103.45,BYMA,34075.46,32746.0,104.3,742,CORP,0.0,104.3,614.0,15:33:50,2.0315,0.65,0.6268,86.06,YPF S.A.,30546689979,Energía - Petróleo y Gas,True
33000.0,BACHC,0.0078000000000000005,101.35,101.85,0.0,102.15,,2,102.15,-1,,,2031-01-28,101.35,2,16000.0,102.15,EXT,101.4,102.15,BYMA,33709.5,33000.0,102.15,1582,CORP,0.0,102.15,30000.0,10:53:03,4.3313,0.45,0.4438,84.7,[BAC],,Sin mapear,False
31723.0,YM42D,-0.005699999999999999,104.5,105.0,0.0,104.5525139,,54,104.5,2,,,2029-03-02,104.5,1,8000.0,105.05,USD,104.15,103.9,BYMA,33167.36,31723.0,103.9,885,CORP,0.0,103.9,500.0,14:26:04,2.423,0.85,0.8161,84.88,YPF S.A.,30546689979,Energía - Petróleo y Gas,True
32000.0,MGCMC,0.0,102.4,102.15,0.0,102.4,,3,102.4,-1,,,2031-09-10,102.4,2,20000.0,102.4,EXT,101.5,102.4,BYMA,32768.0,32000.0,102.4,1807,CORP,0.0,102.4,10000.0,12:27:08,4.9473,0.65,0.6404,83.36,Pampa Energía S.A.,30526552659,Energía - Electricidad,True
31000.0,TSC3C,-0.0009,105.4,105.3,0.0,105.2677419,,3,105.25,0,,,2031-07-24,105.4,2,30000.0,105.3,EXT,104.15,105.25,BYMA,32633.0,31000.0,105.3,1759,CORP,0.0,105.3,20000.0,15:04:42,4.8159,1.15,1.1042,81.08,[TSC],,Sin mapear,False
20.0,TTC8O,0.0,162000.0,162000.0,0.0,162000.0,,1,162000.0,-1,,,2027-10-24,162000.0,1,3257.0,162000.0,ARS,153450.0,162000.0,BYMA,32400.0,20.0,162000.0,390,CORP,0.0,162000.0,2000.0,14:13:51,1.0678,8550.0,5.5718,73.74,Tecpetrol S.A.,30592665472,Energía - Petróleo y Gas,True
30182.0,YM34D,-0.0023,106.75,106.95,0.0,106.2663574,,35,107.3,0,,,2034-01-17,106.75,1,30000.0,107.3,USD,106.45,105.9,BYMA,32073.33,30182.0,106.5,2667,CORP,0.0,106.5,18788.0,14:51:06,7.3018,0.5,0.4697,86.91,YPF S.A.,30546689979,Energía - Petróleo y Gas,True
30885.0,IRCJD,-0.0058,102.1,102.05,0.0,101.5107269,,22,102.15,-1,,,2027-02-28,102.1,2,1336.0,102.15,USD,101.5,101.5,BYMA,31351.66,30885.0,101.5,152,CORP,0.0,101.5,382.0,15:08:43,0.4162,0.55,0.5419,85.8,IRSA Inversiones y Representaciones S.A.,30524688673,Real Estate,True
31300.0,AEC3D,-0.0039000000000000003,100.3,99.9,0.0,99.8422192,,51,100.1,-1,,,2028-08-06,100.3,2,400.0,100.1,USD,99.65,99.5,BYMA,31250.63,31300.0,99.9,677,CORP,0.0,99.9,1000.0,15:31:33,1.8535,0.25,0.2509,88.65,[AEC],,Sin mapear,False
30400.0,RUCED,0.0069,101.2,101.9,0.0,101.9804276,,27,101.2,-1,,,2027-10-30,101.2,2,8500.0,102.2,USD,101.5,101.2,BYMA,31002.05,30400.0,101.9,396,CORP,0.0,101.9,1800.0,15:25:26,1.0842,0.4,0.3941,87.3,CERAMICA RUTA 16 S.R.L.,30710080085,,True
20.0,MUC4O,0.0,155000.0,155000.0,0.0,155000.0,,1,155000.0,-1,,,2027-10-27,155000.0,2,593.0,155000.0,ARS,152500.0,155000.0,BYMA,31000.0,20.0,155000.0,393,CORP,0.0,155000.0,20.0,13:07:40,1.076,2500.0,1.6393,78.88,[MUC],,Sin mapear,False
29330.0,PLC6D,0.0062,104.5,105.15,0.0,105.1771752,,30,104.45,0,,,2029-02-27,104.5,2,3775.0,105.65,USD,105.1,104.45,BYMA,30848.5,29330.0,105.15,882,CORP,0.0,105.15,5000.0,15:41:05,2.4148,0.05,0.0476,89.74,Pluspetrol S.A.,30678224010,Energía - Petróleo y Gas,True
30594.0,TLCUD,0.0029,101.0,101.4,0.0,100.7226433,,39,100.7,-1,,,2029-03-05,101.0,2,1984.0,101.5,USD,101.0,100.6,BYMA,30815.08,30594.0,101.3,888,CORP,0.0,101.3,2452.0,15:19:35,2.4312,0.4,0.396,87.47,Telecom Argentina S.A.,30639453738,Telecomunicaciones,True
29119.0,DNC5D,0.0023,105.05,105.5,0.0,105.0909303,,27,104.8,-1,,,2028-08-05,105.05,1,4013.0,105.3,USD,104.5,104.8,BYMA,30601.43,29119.0,105.3,676,CORP,0.0,105.3,3000.0,14:54:32,1.8508,1.0,0.9569,83.56,EDENOR S.A.,30655116202,,True
28000.0,VSCXD,-0.0009,106.85,106.7,0.0,106.4678571,,13,106.8,0,,,2038-04-08,106.85,1,20000.0,106.8,USD,106.3,106.05,BYMA,29811.0,28000.0,106.75,4209,CORP,0.0,106.75,1000.0,14:46:08,11.5236,0.4,0.3763,86.75,Vista Oil & Gas Argentina S.A.U.,33515950899,Energía - Petróleo y Gas,True
29161.0,CICBD,-0.0043,102.5,102.75,0.0,102.1814821,,22,102.0,-1,,,2029-02-09,102.5,2,875.0,102.8,USD,102.05,102.0,BYMA,29797.15,29161.0,102.05,864,CORP,0.0,102.05,11601.0,15:40:54,2.3655,0.7,0.6859,84.68,CNH INDUSTRIAL CAPITAL ARGENTINA S.A.,30714322938,,True
30000.0,MGCRC,-0.0147,99.0,97.9,0.0,98.1466667,,3,99.0,2,,,2037-11-14,99.0,2,20000.0,99.0,EXT,97.54,97.54,BYMA,29444.0,30000.0,97.54,4064,CORP,0.0,97.54,30000.0,15:07:31,11.1266,0.36,0.3691,85.38,Pampa Energía S.A.,30526552659,Energía - Electricidad,True
28000.0,ARC1D,-0.0014000000000000002,105.2,105.15,0.0,104.9125,,18,104.75,-1,,,2031-08-01,105.2,2,2000.0,105.8,USD,105.0,104.7,BYMA,29375.5,28000.0,105.05,1767,CORP,0.0,105.05,41000.0,15:39:05,4.8378,0.15,0.1429,88.58,Aeropuertos Argentina 2000 S.A.,30696170580,Infraestructura - Aeropuertos,True
28000.0,HJCKD,-0.0105,104.1,103.7,0.0,103.9678571,,19,104.0,-1,,,2029-01-16,104.1,2,1000.0,105.1,USD,100.9,102.05,BYMA,29111.0,28000.0,103.0,840,CORP,0.0,103.0,3000.0,15:35:29,2.2998,2.8,2.775,78.78,John Deere Credit Cía. Financiera S.A.,30707024859,Financiero - Crédito Industrial,True
27778.0,CS47D,-0.0004,104.75,104.7,0.0,104.5964216,,27,104.5,-1,,,2028-11-15,104.75,2,7653.0,104.95,USD,104.35,104.05,BYMA,29054.79,27778.0,104.7,778,CORP,0.0,104.7,200.0,14:01:57,2.13,0.35,0.3354,87.51,Cresud S.A.C.I.F. y A.,30509300700,Agro - Real Estate,True
26000.0,CP38D,-0.0075,112.35,111.5,0.0,111.2861538,,31,111.0,-1,,,2030-11-28,112.35,2,17000.0,111.95,USD,111.0,110.9,BYMA,28934.4,26000.0,111.5,1521,CORP,0.0,111.5,29500.0,15:13:43,4.1643,0.5,0.4505,86.62,Cía. General de Combustibles S.A.,30506733932,Energía - Gas,True
26991.0,DNC5D,-0.0066,105.9,105.2,0.0,104.9733374,,45,104.6,-1,,,2028-08-05,105.9,2,5607.0,105.3,USD,104.9,104.6,BYMA,28333.34,26991.0,105.2,676,CORP,0.0,105.2,52.0,15:39:31,1.8508,0.3,0.286,88.15,EDENOR S.A.,30655116202,,True
28000.0,PN43C,0.0014000000000000002,100.85,101.45,0.0,101.0,,9,101.0,-1,,,2037-01-15,100.85,2,6000.0,101.0,EXT,101.05,101.0,BYMA,28280.0,28000.0,101.0,3761,CORP,0.0,101.0,4000.0,11:40:49,10.2971,0.4,0.3958,85.95,Pan American Energy LLC (PAE Sucursal),30714813583,Energía - Petróleo y Gas,True
27540.0,HJCFD,0.0019,102.35,102.55,0.0,102.5347495,,4,102.35,-1,,,2026-10-21,102.35,2,69860.0,102.55,USD,102.4,102.35,BYMA,28238.08,27540.0,102.55,22,CORP,0.0,102.55,93800.0,15:34:54,0.0602,0.15,0.1465,86.92,John Deere Credit Cía. Financiera S.A.,30707024859,Financiero - Crédito Industrial,True
27626.0,AERBD,0.0014000000000000002,101.85,102.4,0.0,101.9542315,,12,102.0,-1,,,2026-12-15,101.85,2,12.0,102.4,USD,102.0,101.8,BYMA,28165.88,27626.0,102.0,77,CORP,0.0,102.0,6159.0,14:11:09,0.2108,0.4,0.3922,86.24,[AER],,Sin mapear,False
25238.0,PN41D,-0.0184,105.95,104.85,0.0,105.0275081,,56,105.2,-1,,,2029-08-27,105.95,2,1.0,105.6,USD,104.3,104.0,BYMA,26506.87,25238.0,104.0,1063,CORP,0.0,104.0,527.0,15:01:23,2.9103,0.55,0.5273,86.21,Pan American Energy LLC (PAE Sucursal),30714813583,Energía - Petróleo y Gas,True
33496.0,MR46D,0.0191,78.5,80.0,0.0,78.7705777,,32,78.5,0,,,2034-12-31,78.5,2,663.0,80.0,USD,79.38,78.02,BYMA,26384.98,33496.0,80.0,3015,CORP,0.0,80.0,16270.0,14:47:57,8.2546,0.62,0.7811,84.14,Generación Mediterránea / Central Térmica Roca S.A.,33711944899,Energía - Electricidad,True
17.0,OTS7O,0.0075,153450.0,154410.0,0.0,154610.0,,1,154610.0,0,,,2030-09-25,153450.0,1,100000.0,154610.0,ARS,154000.0,154610.0,BYMA,26283.7,17.0,154610.0,1457,CORP,0.0,154610.0,1.0,15:01:27,3.989,410.0,0.2662,84.75,[OTS],,Sin mapear,False
394.0,CRCJO,-0.0254,6721.0,7050.0,0.0,6670.6903553,,4,6700.0,2,,,2028-05-16,6721.0,2,94.0,6700.0,ARS,6550.0,6550.0,BYMA,26282.52,394.0,6550.0,595,CORP,0.0,6550.0,32.0,15:36:42,1.629,500.0,7.6336,73.81,[CRC],,Sin mapear,False
25495.0,HJCHD,0.0009,102.5,104.1,0.0,102.7568935,,4,102.6,-1,,,2028-01-17,102.5,2,6800.0,103.0,USD,102.6,102.6,BYMA,26197.87,25495.0,102.6,475,CORP,0.0,102.6,15000.0,13:23:15,1.3005,1.5,1.462,80.13,John Deere Credit Cía. Financiera S.A.,30707024859,Financiero - Crédito Industrial,True
24964.0,IRCOD,0.0014000000000000002,104.4,104.55,0.0,104.3229571,,80,104.4,-1,,,2029-10-23,104.4,2,2130.0,104.75,USD,104.35,103.8,BYMA,26043.2,24964.0,104.55,1120,CORP,0.0,104.55,769.0,15:30:17,3.0664,0.2,0.1917,88.92,IRSA Inversiones y Representaciones S.A.,30524688673,Real Estate,True
25532.0,CS52D,0.0111,98.9,102.15,0.0,100.0,,1,100.0,0,,,2028-04-30,98.9,1,1684.0,100.0,USD,99.47,100.0,BYMA,25532.0,25532.0,100.0,579,CORP,0.0,100.0,1495.0,11:55:41,1.5852,2.68,2.6943,75.84,Cresud S.A.C.I.F. y A.,30509300700,Agro - Real Estate,True
25138.0,MSSFD,-0.0097,102.5,101.9,0.0,101.0666958,,9,101.0,2,,,2027-07-23,102.5,2,2026.0,101.9,USD,101.2,101.0,BYMA,25406.14,25138.0,101.5,297,CORP,0.0,101.5,10000.0,15:25:00,0.8131,0.7,0.6917,83.37,MSU S.A.,30607597193,Energía,True
24659.0,MIC3D,0.0,101.25,101.5,0.0,101.1776248,,14,101.0,0,,,2026-11-11,101.25,2,8935.0,101.7,USD,101.15,100.95,BYMA,24949.4,24659.0,101.25,43,CORP,0.0,101.25,70000.0,14:45:54,0.1177,0.35,0.346,86.55,MIRGOR S.A.,30578036071,,True
27255.0,YMCIC,-0.0006,90.0,89.96,0.0,90.1437865,,31,90.0,0,,,2029-07-02,90.0,2,575.0,90.93,EXT,89.58,89.92,BYMA,24568.71,27255.0,89.94,1007,CORP,0.0,89.94,837.0,15:03:46,2.757,0.38,0.4242,86.59,YPF S.A.,30546689979,Energía - Petróleo y Gas,True
24000.0,BACGC,0.0034000000000000002,101.95,102.3,0.0,102.2666667,,2,101.9,0,,,2029-06-23,101.95,2,29000.0,102.3,EXT,101.8,101.9,BYMA,24544.0,24000.0,102.3,998,CORP,0.0,102.3,30000.0,15:34:29,2.7324,0.5,0.4912,83.43,[BAC],,Sin mapear,False
24358.0,OTS7D,0.0068000000000000005,98.81,99.49,0.0,98.9771923,,17,98.8,-1,,,2030-09-25,98.81,2,451.0,99.59,USD,99.25,98.8,BYMA,24108.86,24358.0,99.49,1457,CORP,0.0,99.49,1020.0,15:42:05,3.989,0.24,0.2418,87.34,[OTS],,Sin mapear,False
22679.0,PLC1D,0.0004,104.1,104.15,0.0,103.8365801,,15,103.6,0,,,2028-01-27,104.1,2,2441.0,104.2,USD,103.65,103.55,BYMA,23549.08,22679.0,104.15,485,CORP,0.0,104.15,387.0,15:28:13,1.3279,0.5,0.4824,85.38,Pluspetrol S.A.,30678224010,Energía - Petróleo y Gas,True
14.0,TLCQO,0.0089,165000.0,166470.0,0.0,166470.0,,1,166470.0,0,,,2027-07-02,165000.0,1,605.0,166470.0,ARS,162350.0,166470.0,BYMA,23305.8,14.0,166470.0,276,CORP,0.0,166470.0,1.0,14:09:46,0.7556,4120.0,2.5377,76.04,Telecom Argentina S.A.,30639453738,Telecomunicaciones,True
21084.0,VSCPD,-0.0046,108.6,108.1,0.0,107.9546955,,14,107.05,-1,,,2029-05-03,108.6,2,1107.0,108.2,USD,107.9,107.05,BYMA,22761.17,21084.0,108.1,947,CORP,0.0,108.1,4362.0,14:36:25,2.5927,0.2,0.1854,87.54,Vista Oil & Gas Argentina S.A.U.,33515950899,Energía - Petróleo y Gas,True
23361.0,YMCJC,-0.0067,97.2,96.71,0.0,97.1026767,,359,97.26,-1,,,2033-09-30,97.2,2,7743.0,97.59,EXT,96.54,96.22,BYMA,22684.32,23361.0,96.54,2558,CORP,0.0,96.54,4.0,15:12:38,7.0034,0.17,0.1761,89.17,YPF S.A.,30546689979,Energía - Petróleo y Gas,True
23000.0,PLC7C,-0.0046,97.62,97.33,0.0,97.2026087,,14,97.26,-1,,,2037-09-30,97.62,2,16000.0,97.33,EXT,96.7,96.85,BYMA,22356.6,23000.0,97.17,4019,CORP,0.0,97.17,3000.0,15:06:08,11.0034,0.63,0.6515,83.89,Pluspetrol S.A.,30678224010,Energía - Petróleo y Gas,True
22062.0,DEC4D,-0.0073,101.75,101.0,0.0,100.0194379,,12,100.5,0,,,2028-07-03,101.75,2,15229.0,101.0,USD,99.63,99.62,BYMA,22066.3,22062.0,101.0,643,CORP,0.0,101.0,265.0,15:23:39,1.7604,1.37,1.3751,81.05,Empresa Distrib. de Electricidad Salta S.A.,30690633635,Energía - Electricidad,True
21188.0,IE1MD,-0.0009,100.8,102.15,0.0,100.7587314,,4,100.8,2,,,2027-08-10,100.8,2,197.0,100.8,USD,0.0,100.7,BYMA,21348.76,21188.0,100.7,315,CORP,0.0,100.7,0.0,13:34:23,0.8624,,,62.47,[IE1],,Sin mapear,False
20021.0,YMCJD,-0.0104,105.35,104.9,0.0,104.2435443,,23,104.2,-1,,,2033-09-30,105.35,1,1756.0,104.95,USD,104.2,104.2,BYMA,20870.6,20021.0,104.25,2558,CORP,0.0,104.25,2942.0,15:42:00,7.0034,0.7,0.6718,84.13,YPF S.A.,30546689979,Energía - Petróleo y Gas,True
20000.0,VSCTC,-0.0049,101.5,100.35,0.0,101.425,,2,101.85,2,,,2035-12-10,101.5,2,30000.0,101.85,EXT,99.5,101.0,BYMA,20285.0,20000.0,101.0,3359,CORP,0.0,101.0,10000.0,13:04:49,9.1964,0.85,0.8543,80.81,Vista Oil & Gas Argentina S.A.U.,33515950899,Energía - Petróleo y Gas,True
20000.0,RC3CO,-0.006999999999999999,99.0,107.0,0.0,98.3,,2,98.3,-1,,,2026-12-15,99.0,1,100000.0,98.3,ARS,99.3,98.3,BYMA,19660.0,20000.0,98.3,77,CORP,0.0,98.3,200000.0,12:18:15,0.2108,7.7,7.7543,72.79,Arcor S.A.I.C.,30502793175,Consumo - Alimentos,True
35.0,MR50O,-0.0001,56010.0,65000.0,0.0,56000.0,,2,56000.0,-1,,,2036-06-30,56010.0,2,500.0,56000.0,ARS,56000.0,56000.0,BYMA,19600.0,35.0,56000.0,3562,CORP,0.0,56000.0,125.0,12:35:51,9.7522,9000.0,16.0714,72.14,GENER.MEDITE./CENTRAL TERMICA ROCA S.A.,33711944899,,True
17800.0,CP38D,-0.0195,112.3,111.85,0.0,109.9542135,,5,109.0,0,,,2030-11-28,112.3,1,30000.0,110.1,USD,110.0,109.0,BYMA,19571.85,17800.0,110.1,1521,CORP,0.0,110.1,12800.0,15:30:00,4.1643,1.85,1.6818,79.29,Cía. General de Combustibles S.A.,30506733932,Energía - Gas,True
17000.0,VSCVD,-0.0103,111.2,110.75,0.0,111.5323529,,9,112.8,2,,,2033-06-10,111.2,1,5000.0,112.8,USD,110.05,110.05,BYMA,18960.5,17000.0,110.05,2446,CORP,0.0,110.05,30000.0,14:59:38,6.6968,0.7,0.6361,83.42,Vista Oil & Gas Argentina S.A.U.,33515950899,Energía - Petróleo y Gas,True
18335.0,TLCWD,0.0049,100.8,101.3,0.0,101.3538233,,14,101.5,-1,,,2030-05-29,100.8,2,2799.0,101.55,USD,101.25,101.25,BYMA,18583.25,18335.0,101.3,1338,CORP,0.0,101.3,546.0,15:23:46,3.6632,0.05,0.0494,88.15,Telecom Argentina S.A.,30639453738,Telecomunicaciones,True
17551.0,YM40D,-0.0037,105.4,105.0,0.0,104.2541736,,21,105.4,-1,,,2028-08-28,105.4,2,5881.0,105.4,USD,104.3,104.1,BYMA,18297.65,17551.0,105.0,699,CORP,0.0,105.0,10000.0,15:31:41,1.9138,0.7,0.6711,83.93,YPF S.A.,30546689979,Energía - Petróleo y Gas,True
17254.0,YM39C,0.0066,105.5,106.2,0.0,105.5027182,,45,105.5,0,,,2030-07-22,105.5,2,20365.0,106.2,EXT,104.5,105.5,BYMA,18203.51,17254.0,106.2,1392,CORP,0.0,106.2,50432.0,14:55:38,3.8111,1.7,1.6268,81.3,YPF S.A.,30546689979,Energía - Petróleo y Gas,True
22461.0,LMS7D,0.011399999999999999,79.4,80.84,0.0,80.6257798,,13,80.93,-1,,,2028-10-12,79.4,2,270.0,81.06,USD,80.36,79.71,BYMA,18109.36,22461.0,80.31,744,CORP,0.0,80.31,6151.0,15:21:44,2.037,0.48,0.5973,83.95,BLM DESARROLLOS SA,30718221516,,True
16487.0,TLCTD,-0.0023,106.7,106.65,0.0,106.5961515,,20,107.2,-1,,,2036-01-20,106.7,1,15100.0,108.75,USD,106.15,106.0,BYMA,17574.55,16487.0,106.45,3400,CORP,0.0,106.45,40000.0,14:24:45,9.3087,0.5,0.471,85.37,Telecom Argentina S.A.,30639453738,Telecomunicaciones,True
20915.0,MR46D,0.003,79.0,80.36,0.0,80.7733062,,4,79.74,-1,,,2034-12-31,79.0,1,663.0,80.84,USD,79.29,79.24,BYMA,16893.73,20915.0,79.24,3015,CORP,0.0,79.24,4049.0,13:41:04,8.2546,1.07,1.3495,79.77,Generación Mediterránea / Central Térmica Roca S.A.,33711944899,Energía - Electricidad,True
16215.0,RUCDC,-0.0068000000000000005,102.6,101.9,0.0,102.5391829,,33,105.0,0,,,2030-12-05,102.6,2,15822.0,105.0,EXT,101.15,101.35,BYMA,16626.79,16215.0,101.9,1528,CORP,0.0,101.9,4530.0,15:42:21,4.1834,0.75,0.7415,83.68,CERAMICA RUTA 16 S.R.L.,30710080085,,True
16000.0,VBC1D,0.0009,101.75,102.5,0.0,101.484375,,10,101.0,0,,,2027-03-11,101.75,2,3000.0,102.3,USD,101.5,101.0,BYMA,16237.5,16000.0,101.85,163,CORP,0.0,101.85,11000.0,15:30:23,0.4463,1.0,0.9852,81.49,[VBC],,Sin mapear,False
15658.0,CP36D,-0.0004,103.25,103.2,0.0,103.1341998,,23,103.2,0,,,2027-10-10,103.25,2,1000.0,103.2,USD,103.0,102.9,BYMA,16148.75,15658.0,103.2,376,CORP,0.0,103.2,4417.0,15:31:36,1.0294,0.2,0.1942,87.41,Cía. General de Combustibles S.A.,30506733932,Energía - Gas,True
14989.0,CS48D,0.013300000000000001,104.9,106.0,0.0,105.6024618,,82,105.35,0,,,2028-07-11,104.9,2,400.0,106.3,USD,104.95,104.85,BYMA,15828.78,14989.0,106.3,651,CORP,0.0,106.3,100.0,15:11:19,1.7823,1.05,1.0005,83.01,Cresud S.A.C.I.F. y A.,30509300700,Agro - Real Estate,True
15000.0,TT1AD,-0.006500000000000001,106.15,105.1,0.0,105.45,,1,105.45,2,,,2033-01-22,106.15,1,30000.0,105.45,USD,101.0,105.45,BYMA,15817.5,15000.0,105.45,2307,CORP,0.0,105.45,10000.0,13:21:57,6.3162,4.1,4.0594,73.51,[TT1],,Sin mapear,False
10.0,NPCEO,0.0195,153010.0,156000.0,0.0,156000.0,,1,156000.0,0,,,2029-07-27,153010.0,1,5903.0,156000.0,ARS,153330.0,156000.0,BYMA,15600.0,10.0,156000.0,1032,CORP,0.0,156000.0,1.0,13:25:38,2.8255,2670.0,1.7413,77.34,[NPC],,Sin mapear,False
15500.0,YM44D,-0.0183,100.85,99.44,0.0,100.4403226,,10,101.05,0,,,2035-06-18,100.85,1,30000.0,101.45,USD,99.0,98.6,BYMA,15568.25,15500.0,99.0,3184,CORP,0.0,99.0,4000.0,15:05:04,8.7173,0.44,0.4444,84.78,YPF S.A.,30546689979,Energía - Petróleo y Gas,True
13441.0,TLCPD,0.0,110.5,111.1,0.0,110.8482553,,11,113.7,0,,,2033-05-28,110.5,1,1000.0,113.7,USD,110.4,110.25,BYMA,14899.12,13441.0,110.5,2433,CORP,0.0,110.5,20.0,15:31:37,6.6612,0.7,0.6341,83.36,Telecom Argentina S.A.,30639453738,Telecomunicaciones,True
13840.0,CIC8D,0.0199,105.3,107.3,0.0,106.784841,,20,102.55,-1,,,2028-11-12,105.3,2,1139.0,108.0,USD,102.65,102.55,BYMA,14779.03,13840.0,107.4,775,CORP,0.0,107.4,1500.0,15:13:54,2.1218,4.65,4.53,75.76,CNH INDUSTRIAL CAPITAL ARGENTINA S.A.,30714322938,,True
13000.0,PLC4D,-0.0027,108.8,108.8,0.0,108.4038462,,3,108.15,0,,,2032-05-30,108.8,1,30000.0,108.5,USD,108.15,107.95,BYMA,14092.5,13000.0,108.5,2070,CORP,0.0,108.5,1000.0,15:16:55,5.6674,0.65,0.601,82.3,Pluspetrol S.A.,30678224010,Energía - Petróleo y Gas,True
13249.0,XMC1D,0.0019,103.95,104.85,0.0,104.2542758,,18,103.95,-1,,,2027-11-11,103.95,2,5000.0,104.45,USD,104.15,103.95,BYMA,13812.67,13249.0,104.15,408,CORP,0.0,104.15,4830.0,15:30:02,1.117,0.7,0.6721,83.44,Minera Exar S.A.,30709667587,Minería - Litio,True
31000.0,PNDCD,0.0011,43.5,43.55,0.0,43.5138387,,10,43.35,0,,,2027-04-30,43.5,2,22000.0,43.69,USD,43.2,43.2,BYMA,13489.29,31000.0,43.55,213,CORP,0.0,43.55,15000.0,15:02:15,0.5832,0.35,0.8102,82.03,Pan American Energy LLC (PAE Sucursal),30714813583,Energía - Petróleo y Gas,True
12946.0,SIC1D,0.0,102.4,102.8,0.0,102.3227561,,3,102.4,0,,,2026-12-09,102.4,2,26000.0,102.4,USD,102.4,102.3,BYMA,13246.7,12946.0,102.4,71,CORP,0.0,102.4,23137.0,15:32:03,0.1944,0.4,0.3906,84.02,[SIC],,Sin mapear,False
13000.0,HJCLD,0.0,101.5,101.6,0.0,101.4269231,,6,101.15,-1,,,2028-12-06,101.5,2,1000.0,101.8,USD,101.5,101.15,BYMA,13185.5,13000.0,101.5,799,CORP,0.0,101.5,12000.0,15:44:57,2.1875,0.1,0.0985,86.58,John Deere Credit Cía. Financiera S.A.,30707024859,Financiero - Crédito Industrial,True
12000.0,BYCHD,0.0128,109.0,109.3,0.0,109.5481417,,4,109.3,0,,,2028-10-10,109.0,2,12000.0,110.4,USD,108.15,109.3,BYMA,13145.78,12000.0,110.4,742,CORP,0.0,110.4,3000.0,12:40:48,2.0315,1.15,1.0633,79.96,Banco de Galicia y Buenos Aires S.A.,30500001735,Financiero - Bancos,True
12622.0,CACDD,-0.0067,103.45,103.25,0.0,103.1918674,,23,103.2,2,,,2029-06-04,103.45,2,2095.0,104.9,USD,102.75,102.75,BYMA,13024.87,12622.0,102.75,979,CORP,0.0,102.75,7308.0,15:40:37,2.6804,0.5,0.4866,84.92,Capex S.A.,30629827060,Energía - Electricidad,True
12000.0,TTCDD,-0.0115,108.2,107.0,0.0,107.3541667,,11,108.55,-1,,,2030-11-03,108.2,1,22000.0,108.55,USD,106.5,106.9,BYMA,12882.5,12000.0,106.95,1496,CORP,0.0,106.95,2000.0,15:06:18,4.0958,0.5,0.4695,84.43,Tecpetrol S.A.,30592665472,Energía - Petróleo y Gas,True
12500.0,EAC3D,0.0089,100.6,101.6,0.0,101.5432,,6,101.4,0,,,2028-12-20,100.6,2,11500.0,101.6,USD,101.45,101.4,BYMA,12692.9,12500.0,101.5,813,CORP,0.0,101.5,1600.0,14:16:44,2.2259,0.15,0.1479,86.1,MSU GREEN ENERGY S.A.U.,30714155128,,True
8.0,PZCGO,0.011399999999999999,156000.0,157000.0,0.0,157790.0,,1,157790.0,0,,,2028-06-04,156000.0,2,1164.0,157790.0,ARS,156000.0,157790.0,BYMA,12623.2,8.0,157790.0,614,CORP,0.0,157790.0,200.0,10:42:34,1.681,1000.0,0.641,80.79,Plaza Logística S.R.L.,30655942382,Logística - Real Estate,True
12119.0,OTS5D,0.0083,102.4,103.3,0.0,102.3862901,,11,103.35,0,,,2026-10-23,102.4,2,33858.0,103.35,USD,103.0,102.2,BYMA,12408.21,12119.0,103.25,24,CORP,0.0,103.25,103000.0,13:05:53,0.0657,0.3,0.2913,85.67,[OTS],,Sin mapear,False
11490.0,PN36D,-0.013000000000000001,106.95,107.0,0.0,107.60396,,12,108.5,-1,,,2031-11-13,106.95,1,1000.0,108.5,USD,105.45,105.55,BYMA,12363.7,11490.0,105.55,1871,CORP,0.0,105.55,1000.0,15:11:51,5.1225,1.55,1.4699,80.05,Pan American Energy LLC (PAE Sucursal),30714813583,Energía - Petróleo y Gas,True
11586.0,OT42D,-0.0018,106.2,106.0,0.0,106.3117685,,15,106.75,2,,,2030-01-17,106.2,2,302.0,106.8,USD,105.65,105.65,BYMA,12317.28,11586.0,106.0,1206,CORP,0.0,106.0,475.0,15:26:18,3.3018,0.35,0.3313,85.77,[OT4],,Sin mapear,False
11000.0,RC1CD,0.011399999999999999,105.25,106.35,0.0,106.3727273,,3,106.0,0,,,2033-07-31,105.25,2,70000.0,106.45,USD,104.2,106.0,BYMA,11701.0,11000.0,106.45,2497,CORP,0.0,106.45,3000.0,15:39:37,6.8364,2.15,2.0633,77.19,ARCOR S.A.I.C.,30502793175,,True
11044.0,TTCBD,-0.008100000000000001,104.75,105.0,0.0,104.7223787,,15,104.75,2,,,2027-10-16,104.75,2,6102.0,105.3,USD,103.9,103.8,BYMA,11565.55,11044.0,103.9,382,CORP,0.0,103.9,6715.0,15:42:09,1.0459,1.1,1.0587,81.09,Tecpetrol S.A.,30592665472,Energía - Petróleo y Gas,True
11443.0,DEC2D,0.0004,101.25,101.3,0.0,101.0225509,,7,100.5,2,,,2027-02-24,101.25,2,1958.0,101.45,USD,101.05,100.5,BYMA,11560.01,11443.0,101.3,148,CORP,0.0,101.3,3223.0,15:01:14,0.4052,0.25,0.2474,85.37,Empresa Distrib. de Electricidad Salta S.A.,30690633635,Energía - Electricidad,True
10169.0,VSCUD,0.0032,107.45,107.8,0.0,107.4634084,,15,107.85,0,,,2030-03-07,107.45,2,7885.0,107.85,USD,106.3,106.25,BYMA,10927.95,10169.0,107.8,1255,CORP,0.0,107.8,1000.0,15:33:10,3.436,1.5,1.4111,80.34,Vista Oil & Gas Argentina S.A.U.,33515950899,Energía - Petróleo y Gas,True
10640.0,MGCQC,-0.0126,103.05,103.75,0.0,102.3434211,,11,102.0,2,,,2028-08-06,103.05,2,200000.0,102.4,EXT,101.75,101.75,BYMA,10889.34,10640.0,101.75,677,CORP,0.0,101.75,5660.0,14:46:36,1.8535,2.0,1.9656,78.49,Pampa Energía S.A.,30526552659,Energía - Electricidad,True
10000.0,PNXCC,-0.0149,110.2,113.7,0.0,108.55,,1,108.55,2,,,2032-04-30,110.2,2,2000.0,108.55,EXT,108.55,108.55,BYMA,10855.0,10000.0,108.55,2040,CORP,0.0,108.55,30000.0,15:25:57,5.5852,5.15,4.7444,72.45,Pan American Energy LLC (PAE Sucursal),30714813583,Energía - Petróleo y Gas,True
10678.0,SBC3D,-0.0116,102.75,102.5,0.0,101.5988949,,11,102.75,0,,,2029-05-26,102.75,2,5647.0,102.9,USD,101.65,100.8,BYMA,10848.73,10678.0,101.55,970,CORP,0.0,101.55,3000.0,13:09:31,2.6557,0.85,0.8362,81.6,SAN BAUTISTA DEL SUR SA,30715659340,,True
9997.0,TLCWD,0.004699999999999999,105.5,106.0,0.0,102.3064719,,10,101.8,0,,,2030-05-29,105.5,1,4997.0,106.0,USD,101.5,101.6,BYMA,10227.59,9997.0,106.0,1338,CORP,0.0,106.0,1.0,15:02:46,3.6632,4.5,4.4335,74.68,Telecom Argentina S.A.,30639453738,Telecomunicaciones,True
10000.0,MGCOC,0.0,101.2,100.8,0.0,101.2,,1,101.2,-1,,,2034-12-16,101.2,2,30000.0,101.2,EXT,98.51,101.2,BYMA,10120.0,10000.0,101.2,3000,CORP,0.0,101.2,50000.0,12:46:59,8.2136,2.29,2.3246,75.44,Pampa Energía S.A.,30526552659,Energía - Electricidad,True
10000.0,TSC4C,-0.0049,101.0,100.8,0.0,101.0,,4,100.3,2,,,2035-11-20,101.0,2,30000.0,101.15,EXT,100.35,100.3,BYMA,10100.0,10000.0,100.5,3339,CORP,0.0,100.5,10000.0,13:43:43,9.1417,0.45,0.4484,83.28,[TSC],,Sin mapear,False
10000.0,RC3CO,0.0044,100.55,103.85,0.0,101.0,,1,101.0,0,,,2026-12-15,100.55,2,8000.0,101.0,ARS,101.5,101.0,BYMA,10100.0,10000.0,101.0,77,CORP,0.0,101.0,100000.0,12:19:38,0.2108,2.35,2.3153,75.42,Arcor S.A.I.C.,30502793175,Consumo - Alimentos,True
10000.0,TTCAC,-0.0079,100.9,100.65,0.0,100.1,,2,100.1,-1,,,2033-01-22,100.9,2,50000.0,100.1,EXT,98.96,100.1,BYMA,10010.0,10000.0,100.1,2307,CORP,0.0,100.1,85000.0,15:41:12,6.3162,1.69,1.7078,77.49,Tecpetrol S.A.,30592665472,Energía - Petróleo y Gas,True
9964.0,MCC1D,-0.0029,101.75,101.3,0.0,99.9383099,,14,99.8,-1,,,2029-03-10,101.75,2,5470.0,101.5,USD,99.75,99.79,BYMA,9957.85,9964.0,101.45,893,CORP,0.0,101.45,5000.0,13:52:10,2.4449,1.55,1.5539,79.76,[MCC],,Sin mapear,False
6.0,PN42O,0.0602,155550.0,164920.0,0.0,164920.0,,1,164920.0,0,,,2027-04-17,155550.0,1,7594.0,164920.0,ARS,156510.0,164920.0,BYMA,9895.2,6.0,164920.0,200,CORP,0.0,164920.0,5000.0,12:20:16,0.5476,8410.0,5.3735,71.98,Pan American Energy LLC (PAE Sucursal),30714813583,Energía - Petróleo y Gas,True
9503.0,HJCFD,0.0,102.35,102.85,0.0,102.35,,1,102.35,-1,,,2026-10-21,102.35,1,30000.0,102.35,USD,102.35,102.35,BYMA,9726.32,9503.0,102.35,22,CORP,0.0,102.35,30000.0,13:47:51,0.0602,0.5,0.4885,81.57,John Deere Credit Cía. Financiera S.A.,30707024859,Financiero - Crédito Industrial,True
9291.0,MCC2D,0.0088,102.2,103.5,0.0,103.4650199,,10,104.0,-1,,,2027-06-03,102.2,2,38961.0,104.1,USD,103.2,103.1,BYMA,9612.95,9291.0,103.1,247,CORP,0.0,103.1,6000.0,15:43:06,0.6762,0.3,0.2907,85.18,[MCC],,Sin mapear,False
9760.0,MCC3C,0.0,97.5,101.0,0.0,97.7254098,,10,97.5,2,,,2030-05-11,97.5,2,11306.0,98.0,EXT,94.56,97.5,BYMA,9538.01,9760.0,97.5,1320,CORP,0.0,97.5,9644.0,12:40:58,3.614,6.44,6.8105,73.42,[MCC],,Sin mapear,False
6.0,CS50O,0.0007000000000000001,157880.0,157800.0,0.0,157743.3333333,,4,157200.0,2,,,2029-03-10,157880.0,1,296.0,158060.0,ARS,156650.0,157200.0,BYMA,9464.6,6.0,158000.0,893,CORP,0.0,158000.0,1.0,15:11:00,2.4449,1150.0,0.7341,81.0,Cresud S.A.C.I.F. y A.,30509300700,Agro - Real Estate,True
10106.0,SBC2D,0.0165,92.65,94.18,0.0,93.5470443,,23,92.7,2,,,2029-01-16,92.65,2,500.0,94.2,USD,93.2,92.6,BYMA,9453.86,10106.0,94.18,840,CORP,0.0,94.18,500.0,15:09:29,2.2998,0.98,1.0515,81.11,SAN BAUTISTA DEL SUR SA,30715659340,,True
6.0,LOC6O,0.0043,156010.0,160890.0,0.0,156690.0,,1,156690.0,0,,,2029-01-23,156010.0,1,5000.0,156690.0,ARS,156700.0,156690.0,BYMA,9401.4,6.0,156690.0,847,CORP,0.0,156690.0,504.0,15:19:29,2.319,4190.0,2.6739,74.42,[LOC],,Sin mapear,False
9226.0,CS52D,-0.0004,100.35,101.0,0.0,100.3,,2,100.3,-1,,,2028-04-30,100.35,2,9805.0,100.3,USD,100.3,100.3,BYMA,9253.68,9226.0,100.3,579,CORP,0.0,100.3,3739.0,13:56:03,1.5852,0.7,0.6979,80.55,Cresud S.A.C.I.F. y A.,30509300700,Agro - Real Estate,True
9000.0,PLC7D,-0.0088,101.9,101.75,0.0,101.2666667,,3,101.15,2,,,2037-09-30,101.9,1,5000.0,101.75,USD,100.95,101.0,BYMA,9114.0,9000.0,101.0,4019,CORP,0.0,101.0,31000.0,15:23:46,11.0034,0.8,0.7925,80.32,Pluspetrol S.A.,30678224010,Energía - Petróleo y Gas,True
11739.0,LMS7C,0.0066,76.49,77.4,0.0,77.1750532,,18,77.35,-1,,,2028-10-12,76.49,2,268.0,77.5,EXT,76.95,76.91,BYMA,9059.59,11739.0,77.0,744,CORP,0.0,77.0,23.0,15:16:22,2.037,0.45,0.5848,83.35,BLM DESARROLLOS SA,30718221516,,True
8532.0,YFCND,-0.0024,103.25,103.35,0.0,103.1289557,,8,103.25,0,,,2026-10-03,103.25,2,1250.0,103.25,USD,103.0,102.95,BYMA,8798.96,8532.0,103.0,4,CORP,0.0,103.0,5000.0,15:18:57,0.011,0.35,0.3398,84.53,YPF Energía Eléctrica S.A.,30714128309,Energía - Electricidad,True
8714.0,LUC5D,-0.0068000000000000005,101.75,101.05,0.0,100.9572297,,22,101.0,0,,,2029-02-26,101.75,2,604.0,101.05,USD,100.6,100.0,BYMA,8797.42,8714.0,101.05,881,CORP,0.0,101.05,4180.0,15:37:08,2.412,0.45,0.4473,84.59,[LUC],,Sin mapear,False
8596.0,NPCDD,0.0,101.5,101.5,0.0,101.5479642,,13,101.9,0,,,2030-04-30,101.5,2,12582.0,101.9,USD,101.35,101.35,BYMA,8729.08,8596.0,101.5,1309,CORP,0.0,101.5,504.0,15:27:37,3.5838,0.15,0.148,86.18,[NPC],,Sin mapear,False
8370.0,CIC7D,0.0,102.4,103.0,0.0,102.4,,2,102.4,-1,,,2026-11-12,102.4,2,3745.0,102.4,USD,102.4,102.4,BYMA,8570.88,8370.0,102.4,44,CORP,0.0,102.4,91630.0,11:55:56,0.1205,0.6,0.5859,81.18,CNH INDUSTRIAL CAPITAL ARGENTINA S.A.,30714322938,,True
8000.0,GN49D,-0.0037,107.2,105.75,0.0,106.8,,2,106.8,-1,,,2033-12-02,107.2,1,3000.0,106.8,USD,104.35,106.8,BYMA,8544.0,8000.0,106.8,2621,CORP,0.0,106.8,1000.0,13:48:23,7.1759,1.4,1.3416,78.08,Genneia S.A.,30665234114,Energía - Renovable,True
8271.0,MIC4D,0.0297,100.7,103.45,0.0,101.9407508,,13,100.0,0,,,2027-07-29,100.7,1,1000.0,103.7,USD,100.3,100.0,BYMA,8431.52,8271.0,103.7,303,CORP,0.0,103.7,100.0,13:58:10,0.8296,3.15,3.1406,75.75,MIRGOR S.A.,30578036071,,True
8212.0,CWC6D,0.0,101.5,101.5,0.0,101.5628897,,12,101.5,-1,,,2027-10-30,101.5,2,1330.0,104.0,USD,100.0,100.0,BYMA,8340.35,8212.0,101.5,396,CORP,0.0,101.5,499.0,15:12:43,1.0842,1.5,1.5,79.28,CROWN POINT ENERGIA S.A.,30709346268,,True
8000.0,TTCDC,-0.0004,103.15,0.0,0.0,103.1,,8,103.1,-1,,,2030-11-03,103.15,1,0.0,103.1,EXT,101.85,103.1,BYMA,8248.0,8000.0,103.1,1496,CORP,0.0,103.1,30000.0,13:13:15,4.0958,,,61.67,Tecpetrol S.A.,30592665472,Energía - Petróleo y Gas,True
8300.0,YM40C,0.006500000000000001,98.7,101.0,0.0,99.35,,1,99.35,0,,,2028-08-28,98.7,2,5927.0,99.35,EXT,99.3,99.35,BYMA,8246.05,8300.0,99.35,699,CORP,0.0,99.35,10778.0,13:55:10,1.9138,1.7,1.712,76.41,YPF S.A.,30546689979,Energía - Petróleo y Gas,True
7883.0,FYC1D,0.024700000000000003,101.0,102.9,0.0,101.0053913,,2,101.0,0,,,2029-05-11,101.0,2,400.0,103.5,USD,101.0,101.0,BYMA,7962.26,7883.0,103.5,955,CORP,0.0,103.5,54.0,15:01:42,2.6146,1.9,1.8812,76.48,[FYC],,Sin mapear,False
7485.0,OLC7D,0.0029,102.1,102.4,0.0,102.0942285,,18,102.2,-1,,,2030-02-23,102.1,2,2933.0,102.4,USD,102.3,101.45,BYMA,7641.75,7485.0,102.4,1243,CORP,0.0,102.4,1000.0,15:30:24,3.4031,0.1,0.0978,86.79,OLEODUCTOS DEL VALLE S.A.,30658840165,,True
7122.0,TLCPC,-0.0042,106.35,106.15,0.0,106.3142165,,43,106.4,0,,,2033-05-28,106.35,2,2114.0,106.4,EXT,105.9,105.75,BYMA,7571.65,7122.0,105.9,2433,CORP,0.0,105.9,309.0,15:28:14,6.6612,0.25,0.2361,86.44,Telecom Argentina S.A.,30639453738,Telecomunicaciones,True
8.0,RZ9BO,0.0222,90000.0,92000.0,0.0,92000.0,,2,92000.0,-1,,,2029-09-03,90000.0,2,192.0,92000.0,ARS,90000.0,92000.0,BYMA,7360.0,8.0,92000.0,1070,CORP,0.0,92000.0,4.0,14:27:46,2.9295,2000.0,2.2222,75.66,Rizobacter Argentina S.A.,30593174057,Agro - Biotech,True
7160.0,HVS1D,-0.0281,103.0,103.0,0.0,102.7164804,,7,103.0,2,,,2028-07-08,103.0,2,3628.0,103.1,USD,100.1,100.1,BYMA,7354.51,7160.0,100.1,648,CORP,0.0,100.1,3265.0,15:38:56,1.7741,2.9,2.8971,75.39,[HVS],,Sin mapear,False
7000.0,BYCXD,0.0009,102.4,103.5,0.0,102.4142857,,2,102.4,0,,,2026-12-30,102.4,2,2000.0,102.5,USD,102.4,102.4,BYMA,7169.0,7000.0,102.5,92,CORP,0.0,102.5,94000.0,15:17:42,0.2519,1.1,1.0742,78.33,Banco de Galicia y Buenos Aires S.A.,30500001735,Financiero - Bancos,True
6946.0,PQCSD,0.0203,100.7,0.0,0.0,102.8120645,,8,102.8,-1,,,2031-02-17,100.7,1,0.0,103.1,USD,101.1,102.75,BYMA,7141.33,6946.0,102.75,1602,CORP,0.0,102.75,1695.0,14:32:09,4.386,,,61.49,Petroquímica Comodoro Rivadavia S.A.,30563598111,Industria - Petroquímica,True
6582.0,YM41D,0.0206,101.9,104.0,0.0,103.314327,,16,103.4,-1,,,2027-01-08,101.9,2,3815.0,104.1,USD,102.2,101.9,BYMA,6800.16,6582.0,104.0,101,CORP,0.0,104.0,10000.0,14:49:22,0.2765,1.8,1.7613,78.66,YPF S.A.,30546689979,Energía - Petróleo y Gas,True
6670.0,OTS5D,-0.0232,103.1,0.0,0.0,100.3421364,,7,100.05,-1,,,2026-10-23,103.1,1,0.0,102.5,USD,102.95,100.05,BYMA,6692.83,6670.0,100.7,24,CORP,0.0,100.7,1.0,10:52:25,0.0657,,,61.32,[OTS],,Sin mapear,False
6300.0,DNCAD,-0.0058,102.65,102.85,0.0,102.2873016,,16,103.2,-1,,,2033-04-28,102.65,1,10000.0,103.2,USD,102.2,102.05,BYMA,6444.1,6300.0,102.05,2403,CORP,0.0,102.05,1000.0,14:57:39,6.5791,0.65,0.636,82.49,EDENOR S.A.,30655116202,,True
6654.0,EAC4C,-0.0014000000000000002,97.14,97.0,0.0,96.7339104,,27,97.14,-1,,,2036-06-16,97.14,2,4596.0,97.29,EXT,96.86,96.25,BYMA,6436.7,6654.0,97.0,3548,CORP,0.0,97.0,1254.0,15:40:43,9.7139,0.14,0.1445,86.55,MSU GREEN ENERGY S.A.U.,30714155128,,True
6200.0,BF45D,0.0089,100.1,0.0,0.0,101.0,,2,101.0,-1,,,2027-05-08,100.1,2,0.0,101.0,USD,101.0,101.0,BYMA,6262.0,6200.0,101.0,221,CORP,0.0,101.0,136.0,15:06:18,0.6051,,,60.13,BANCO BBVA ARGENTINA S.A.,30500003193,,True
4.0,DKC1O,0.0,0.0,0.0,0.0,155000.0,,1,155000.0,0,,,2028-09-28,0.0,2,0.0,155000.0,ARS,0.0,155000.0,BYMA,6200.0,4.0,155000.0,730,CORP,0.0,155000.0,0.0,11:38:55,1.9986,,,59.49,[DKC],,Sin mapear,False
6003.0,YFCMD,0.0014000000000000002,102.5,102.85,0.0,102.6472181,,13,102.75,-1,,,2027-05-20,102.5,2,1577.0,102.75,USD,102.65,102.5,BYMA,6161.92,6003.0,102.65,233,CORP,0.0,102.65,4083.0,15:44:48,0.6379,0.2,0.1948,85.4,YPF Energía Eléctrica S.A.,30714128309,Energía - Electricidad,True
5771.0,RUCDD,0.0042,106.1,107.5,0.0,106.55,,20,106.55,-1,,,2030-12-05,106.1,1,6112.0,106.55,USD,105.45,106.55,BYMA,6149.02,5771.0,106.55,1528,CORP,0.0,106.55,5000.0,15:29:12,4.1834,2.05,1.944,78.15,CERAMICA RUTA 16 S.R.L.,30710080085,,True
5700.0,DNC7D,0.025699999999999997,106.6,109.35,0.0,107.1315789,,20,109.4,0,,,2030-10-24,106.6,1,6200.0,109.4,USD,106.35,106.6,BYMA,6106.5,5700.0,109.35,1486,CORP,0.0,109.35,1000.0,15:40:19,4.0684,3.0,2.8209,76.32,EDENOR S.A.,30655116202,,True
6125.0,VMC1D,-0.0005,99.65,99.6,0.0,97.590702,,12,101.0,-1,,,2030-09-22,99.65,1,30000.0,101.0,USD,97.85,96.0,BYMA,5977.42,6125.0,99.6,1454,CORP,0.0,99.6,3000.0,14:15:36,3.9808,1.75,1.7885,78.02,ESTACION DE SERVICIOS 25 DE MAYO SRL,33708128649,,True
5920.0,YFCKD,-0.0059,101.5,101.4,0.0,100.7122466,,6,102.15,2,,,2026-11-21,101.5,2,25000.0,102.15,USD,100.8,100.35,BYMA,5962.18,5920.0,100.9,53,CORP,0.0,100.9,150000.0,15:21:30,0.1451,0.6,0.5952,81.58,YPF Energía Eléctrica S.A.,30714128309,Energía - Electricidad,True
5500.0,CP38C,-0.0088,107.95,107.0,0.0,107.4909091,,3,107.5,2,,,2030-11-28,107.95,2,29900.0,107.5,EXT,102.0,107.0,BYMA,5912.0,5500.0,107.0,1521,CORP,0.0,107.0,5700.0,13:55:19,4.1643,5.0,4.902,72.31,Cía. General de Combustibles S.A.,30506733932,Energía - Gas,True
6197.0,MGCED,0.0012,93.13,95.24,0.0,95.3489995,,12,94.7,0,,,2027-12-19,93.13,2,19998.0,95.81,USD,93.25,93.21,BYMA,5908.78,6197.0,93.25,446,CORP,0.0,93.25,895.0,15:40:24,1.2211,1.99,2.134,77.13,Pampa Energía S.A.,30526552659,Energía - Electricidad,True
5641.0,VSCUC,-0.0048,103.25,102.75,0.0,102.7502659,,2,103.25,2,,,2030-03-07,103.25,2,14362.0,103.25,EXT,100.95,102.75,BYMA,5796.15,5641.0,102.75,1255,CORP,0.0,102.75,2000.0,13:58:05,3.436,1.8,1.7831,76.31,Vista Oil & Gas Argentina S.A.U.,33515950899,Energía - Petróleo y Gas,True
5761.0,MTC2D,-0.002,100.0,100.1,0.0,100.1300382,,20,100.1,-1,,,2028-06-22,100.0,2,12791.0,100.65,USD,99.7,99.75,BYMA,5768.49,5761.0,99.8,632,CORP,0.0,99.8,200.0,14:28:25,1.7303,0.4,0.4012,84.18,Mastellone Hermanos S.A.,30547242331,Alimentos - Lácteos,True
9771.0,PECND,-0.0017000000000000001,56.8,57.9,0.0,57.541136,,13,57.0,2,,,2032-08-25,56.8,2,2178.0,57.99,USD,56.7,56.7,BYMA,5622.35,9771.0,56.7,2157,CORP,0.0,56.7,1725.0,14:17:06,5.9055,1.2,2.1164,77.18,PETROLERA ACONCAGUA ENERGIA S.A.,30714814229,,True
5226.0,TTC8D,-0.0014000000000000002,103.2,103.05,0.0,103.0020762,,10,103.2,-1,,,2027-10-24,103.2,2,6457.0,103.2,USD,103.0,103.0,BYMA,5382.9,5226.0,103.05,390,CORP,0.0,103.05,4928.0,15:29:50,1.0678,0.05,0.0485,85.97,Tecpetrol S.A.,30592665472,Energía - Petróleo y Gas,True
5000.0,YFCJD,-0.019299999999999998,108.7,107.85,0.0,107.62,,2,108.3,2,,,2032-10-16,108.7,1,3000.0,108.3,USD,106.6,106.6,BYMA,5381.0,5000.0,106.6,2209,CORP,0.0,106.6,1000.0,15:05:56,6.0479,1.25,1.1726,77.73,YPF Energía Eléctrica S.A.,30714128309,Energía - Electricidad,True
5106.0,YM37D,-0.0019,102.3,103.15,0.0,102.1618684,,9,102.25,-1,,,2027-05-07,102.3,1,39000.0,102.25,USD,102.5,102.1,BYMA,5216.4,5106.0,102.1,220,CORP,0.0,102.1,22621.0,12:12:44,0.6023,0.65,0.6341,81.54,YPF S.A.,30546689979,Energía - Petróleo y Gas,True
6286.0,SNSBD,-0.0554,80.99,80.0,0.0,81.6152036,,15,79.9,0,,,2026-10-14,80.99,2,6600.0,85.0,USD,76.5,76.01,BYMA,5130.36,6286.0,76.5,15,CORP,0.0,76.5,682.0,14:42:06,0.0411,3.5,4.5752,73.91,SION S.A.,30690076043,,True
5000.0,OTS2D,-0.0319,103.3,105.45,0.0,100.03042,,3,102.1,2,,,2027-04-24,103.3,1,226.0,102.1,USD,101.75,100.0,BYMA,5001.52,5000.0,100.0,207,CORP,0.0,100.0,1.0,12:29:23,0.5667,3.7,3.6364,73.2,[OTS],,Sin mapear,False
8696.0,PECND,0.0087,57.1,58.2,0.0,57.5000115,,2,57.5,0,,,2032-08-25,57.1,1,1.0,57.6,USD,56.7,57.5,BYMA,5000.21,8696.0,57.6,2157,CORP,0.0,57.6,1.0,15:16:30,5.9055,1.5,2.6455,74.16,PETROLERA ACONCAGUA ENERGIA S.A.,30714814229,,True
4511.0,YM39D,-0.0036,111.0,110.2,0.0,110.6599202,,7,110.7,-1,,,2030-07-22,111.0,1,100.0,110.7,USD,109.6,110.6,BYMA,4991.87,4511.0,110.6,1392,CORP,0.0,110.6,2000.0,14:37:50,3.8111,0.6,0.5474,81.73,YPF S.A.,30546689979,Energía - Petróleo y Gas,True
4457.0,YFCGD,0.0226,99.11,101.35,0.0,102.4504263,,22,103.5,2,,,2027-02-27,99.11,2,2003.0,103.55,USD,100.85,100.4,BYMA,4566.22,4457.0,101.35,151,CORP,0.0,101.35,9950.0,15:25:28,0.4134,0.5,0.4958,83.17,YPF Energía Eléctrica S.A.,30714128309,Energía - Electricidad,True
4363.0,SBC4D,-0.006999999999999999,99.2,99.0,0.0,98.5255558,,4,99.0,2,,,2029-09-08,99.2,2,6707.0,99.0,USD,98.5,98.5,BYMA,4298.67,4363.0,98.5,1075,CORP,0.0,98.5,15860.0,13:48:03,2.9432,0.5,0.5076,81.48,SAN BAUTISTA DEL SUR SA,30715659340,,True
4118.0,PN42D,-0.0014000000000000002,104.2,104.2,0.0,104.0372875,,11,103.8,-1,,,2027-04-17,104.2,2,2269.0,104.2,USD,104.05,103.8,BYMA,4284.25,4118.0,104.05,200,CORP,0.0,104.05,6008.0,14:27:35,0.5476,0.15,0.1442,85.25,Pan American Energy LLC (PAE Sucursal),30714813583,Energía - Petróleo y Gas,True
18360.0,MR44D,0.0004,22.0,22.679,0.0,22.1601868,,32,22.301,2,,,2036-06-30,22.0,2,1000.0,22.701,USD,22.01,22.01,BYMA,4068.63,18360.0,22.01,3562,CORP,0.0,22.01,3591.0,15:28:38,9.7522,0.669,3.0395,75.83,Generación Mediterránea / Central Térmica Roca S.A.,33711944899,Energía - Electricidad,True
4000.0,TT1AC,-0.0083,101.35,100.5,0.0,100.85,,2,101.2,2,,,2033-01-22,101.35,2,2000.0,101.2,EXT,98.01,100.5,BYMA,4034.0,4000.0,100.5,2307,CORP,0.0,100.5,30000.0,14:50:02,6.3162,2.49,2.5406,74.29,[TT1],,Sin mapear,False
3897.0,EMC1D,0.0,103.3,103.9,0.0,103.2894791,,5,103.3,0,,,2027-07-04,103.3,2,9696.0,103.3,USD,103.25,103.2,BYMA,4025.19,3897.0,103.3,278,CORP,0.0,103.3,1000.0,13:16:54,0.7611,0.65,0.6295,80.84,[EMC],,Sin mapear,False
7648.0,CAC5D,0.0095,52.4,52.9,0.0,52.493903,,11,52.4,0,,,2028-08-25,52.4,2,3497.0,52.9,USD,52.5,52.4,BYMA,4014.73,7648.0,52.9,696,CORP,0.0,52.9,1000.0,15:31:47,1.9055,0.4,0.7619,80.58,Capex S.A.,30629827060,Energía - Electricidad,True
3884.0,YM38D,0.0,104.25,104.25,0.0,103.1053038,,8,102.0,0,,,2027-07-22,104.25,1,13992.0,104.25,USD,103.0,102.0,BYMA,4004.61,3884.0,104.25,296,CORP,0.0,104.25,1607.0,12:15:40,0.8104,1.25,1.2136,78.63,YPF S.A.,30546689979,Energía - Petróleo y Gas,True
4081.0,DNCBD,0.0207,96.01,98.5,0.0,98.0,,2,98.0,-1,,,2029-07-03,96.01,1,44262.0,98.0,USD,97.51,98.0,BYMA,3999.38,4081.0,98.0,1008,CORP,0.0,98.0,2100.0,14:00:36,2.7598,0.99,1.0153,77.84,EDENOR S.A.,30655116202,,True
3675.0,PN35D,0.0019,103.75,103.8,0.0,103.950517,,8,104.9,-1,,,2029-09-27,103.75,1,1826.0,104.9,USD,102.0,103.95,BYMA,3820.19,3675.0,103.95,1094,CORP,0.0,103.95,3207.0,14:17:00,2.9952,1.8,1.7647,77.21,Pan American Energy LLC (PAE Sucursal),30714813583,Energía - Petróleo y Gas,True
4000.0,VMC1C,-0.0018,95.59,95.45,0.0,95.41,,1,95.41,2,,,2030-09-22,95.59,2,30000.0,95.41,EXT,94.9,95.41,BYMA,3816.4,4000.0,95.41,1454,CORP,0.0,95.41,193.0,14:39:55,3.9808,0.55,0.5796,79.61,ESTACION DE SERVICIOS 25 DE MAYO SRL,33708128649,,True
3486.0,PN41D,-0.0182,106.7,105.25,0.0,105.0861446,,14,105.2,-1,,,2029-08-27,106.7,1,1.0,105.5,USD,104.75,104.75,BYMA,3663.31,3486.0,104.75,1063,CORP,0.0,104.75,1118.0,15:01:23,2.9103,0.5,0.4773,82.8,Pan American Energy LLC (PAE Sucursal),30714813583,Energía - Petróleo y Gas,True
3495.0,SIC2D,-0.0068000000000000005,102.0,101.9,0.0,101.5693848,,6,101.3,-1,,,2029-06-19,102.0,2,900.0,102.0,USD,101.3,101.3,BYMA,3549.85,3495.0,101.3,994,CORP,0.0,101.3,1724.0,13:49:46,2.7214,0.6,0.5923,81.05,[SIC],,Sin mapear,False
3581.0,DNCBC,0.027000000000000003,92.0,94.49,0.0,94.4985116,,6,94.5,0,,,2029-07-03,92.0,2,12082.0,94.5,EXT,93.0,94.46,BYMA,3383.99,3581.0,94.49,1008,CORP,0.0,94.49,5.0,15:05:57,2.7598,1.49,1.6022,77.37,EDENOR S.A.,30655116202,,True
4350.0,MR46C,-0.0331,78.5,76.9,0.0,75.7370115,,5,75.65,-1,,,2034-12-31,78.5,2,30738.0,75.9,EXT,75.9,75.65,BYMA,3294.57,4350.0,75.9,3015,CORP,0.0,75.9,46292.0,14:20:06,8.2546,1.0,1.3175,77.87,Generación Mediterránea / Central Térmica Roca S.A.,33711944899,Energía - Electricidad,True
3190.0,LDCGD,0.0139,100.6,101.35,0.0,101.1889498,,4,100.9,2,,,2027-10-04,100.6,2,853.0,102.35,USD,101.0,100.9,BYMA,3227.93,3190.0,102.0,370,CORP,0.0,102.0,1485.0,13:32:38,1.013,0.35,0.3465,82.61,[LDC],,Sin mapear,False
3000.0,TT1AD,0.023700000000000002,103.0,105.1,0.0,105.5166667,,3,105.7,0,,,2033-01-22,103.0,2,30000.0,105.7,USD,103.0,105.4,BYMA,3165.5,3000.0,105.45,2307,CORP,0.0,105.45,38000.0,14:08:50,6.3162,2.1,2.0388,75.53,[TT1],,Sin mapear,False
2.0,MSSGO,-0.0209,159340.0,163000.0,0.0,156000.0,,2,156000.0,2,,,2029-04-16,159340.0,2,764.0,156000.0,ARS,156100.0,156000.0,BYMA,3120.0,2.0,156000.0,930,CORP,0.0,156000.0,100.0,10:30:01,2.5462,6900.0,4.4202,71.71,MSU S.A.,30607597193,Energía,True
2976.0,EAC4D,0.0064,101.2,101.9,0.0,102.1234039,,10,102.75,0,,,2036-06-16,101.2,1,10709.0,102.75,USD,101.0,101.0,BYMA,3039.19,2976.0,101.85,3548,CORP,0.0,101.85,3901.0,14:57:12,9.7139,0.9,0.8911,79.59,MSU GREEN ENERGY S.A.U.,30714155128,,True
2822.0,GYC4D,-0.0044,101.25,101.25,0.0,101.0197732,,11,101.25,2,,,2027-10-30,101.25,2,1180.0,101.25,USD,100.8,100.8,BYMA,2850.79,2822.0,100.8,396,CORP,0.0,100.8,2802.0,14:02:41,1.0842,0.45,0.4464,82.7,[GYC],,Sin mapear,False
2661.0,YFCLD,-0.0029,102.6,103.2,0.0,103.1916197,,17,103.25,2,,,2028-11-21,102.6,2,1106.0,103.3,USD,102.3,102.3,BYMA,2745.95,2661.0,102.3,784,CORP,0.0,102.3,445.0,15:39:20,2.1465,0.9,0.8798,80.14,YPF Energía Eléctrica S.A.,30714128309,Energía - Electricidad,True
2662.0,TLCVD,-0.0049,99.99,100.0,0.0,99.6123967,,10,99.99,2,,,2027-05-29,99.99,2,1674.0,100.0,USD,99.75,99.5,BYMA,2651.7,2662.0,99.5,242,CORP,0.0,99.5,295.0,14:44:28,0.6626,0.25,0.2506,83.88,Telecom Argentina S.A.,30639453738,Telecomunicaciones,True
2466.0,TTCEC,-0.0275,99.23,98.91,0.0,96.5048865,,5,98.91,-1,,,2029-05-21,99.23,2,3557.0,98.91,EXT,96.5,96.5,BYMA,2379.83,2466.0,96.5,965,CORP,0.0,96.5,539.0,15:40:19,2.642,2.41,2.4974,74.74,Tecpetrol S.A.,30592665472,Energía - Petróleo y Gas,True
2100.0,OLC6D,-0.039900000000000005,108.95,108.2,0.0,104.6007857,,6,106.25,-1,,,2029-06-05,108.95,1,3000.0,106.25,USD,105.7,104.6,BYMA,2196.63,2100.0,104.6,980,CORP,0.0,104.6,1.0,15:08:09,2.6831,2.5,2.3652,75.21,OLEODUCTOS DEL VALLE S.A.,30658840165,,True
2000.0,TLCMD,-0.0103,110.9,110.35,0.0,109.375,,2,109.0,0,,,2031-07-18,110.9,1,1000.0,109.75,USD,109.65,109.0,BYMA,2187.5,2000.0,109.75,1753,CORP,0.0,109.75,11000.0,12:17:41,4.7995,0.7,0.6384,79.47,Telecom Argentina S.A.,30639453738,Telecomunicaciones,True
9568.0,MR43D,-0.0789,24.26,25.9,0.0,22.3804728,,14,23.0,-1,,,2036-06-30,24.26,2,5000.0,23.479,USD,22.351,22.3,BYMA,2141.36,9568.0,22.344,3562,CORP,0.0,22.344,2480.0,15:13:28,9.7522,3.549,15.8785,71.35,Generación Mediterránea / Central Térmica Roca S.A.,33711944899,Energía - Electricidad,True
2000.0,BACGD,-0.0055000000000000005,107.25,106.9,0.0,106.65,,1,106.65,2,,,2029-06-23,107.25,1,29000.0,106.65,USD,106.35,106.65,BYMA,2133.0,2000.0,106.65,998,CORP,0.0,106.65,1000.0,11:09:30,2.7324,0.55,0.5172,79.62,[BAC],,Sin mapear,False
2000.0,ARC1D,0.0060999999999999995,105.8,106.45,0.0,105.375,,2,104.3,0,,,2031-08-01,105.8,1,3000.0,106.45,USD,104.3,104.3,BYMA,2107.5,2000.0,106.45,1767,CORP,0.0,106.45,4000.0,15:38:01,4.8378,2.15,2.0614,74.88,Aeropuertos Argentina 2000 S.A.,30696170580,Infraestructura - Aeropuertos,True
2000.0,PLC5C,-0.0048,103.45,104.0,0.0,102.95,,1,102.95,2,,,2031-05-18,103.45,2,41000.0,102.95,EXT,103.7,102.95,BYMA,2059.0,2000.0,102.95,1692,CORP,0.0,102.95,3000.0,14:12:35,4.6324,0.3,0.2893,81.48,Pluspetrol S.A.,30678224010,Energía - Petróleo y Gas,True
2000.0,LQC1D,0.0024,101.5,101.8,0.0,101.75,,1,101.75,0,,,2034-07-28,101.5,1,3000.0,101.75,USD,99.3,101.75,BYMA,2035.0,2000.0,101.75,2859,CORP,0.0,101.75,4000.0,11:25:46,7.8275,2.5,2.5176,73.14,[LQC],,Sin mapear,False
2000.0,BF39D,-0.0126,102.75,102.9,0.0,101.45,,1,101.45,2,,,2026-12-05,102.75,2,29200.0,101.45,USD,102.5,101.45,BYMA,2029.0,2000.0,101.45,67,CORP,0.0,101.45,10000.0,13:05:18,0.1834,0.4,0.3902,80.81,Banco BBVA Argentina S.A.,30500003193,Financiero - Bancos,True
2000.0,GN48D,0.0004,101.0,102.7,0.0,101.05,,1,101.05,0,,,2028-03-05,101.0,2,3731.0,101.05,USD,101.7,101.05,BYMA,2021.0,2000.0,101.05,523,CORP,0.0,101.05,2934.0,11:54:28,1.4319,1.0,0.9833,76.9,Genneia S.A.,30665234114,Energía - Renovable,True
2000.0,T672D,0.0,101.0,102.5,0.0,101.0,,1,101.0,-1,,,2027-02-22,101.0,2,50000.0,101.0,USD,101.0,101.0,BYMA,2020.0,2000.0,101.0,146,CORP,0.0,101.0,8000.0,11:47:16,0.3997,1.5,1.4851,75.64,Tarjeta Naranja S.A.U.,30685376349,Financiero - Consumo,True
1946.0,AFCID,-0.0053,103.6,103.6,0.0,103.05,,1,103.05,2,,,2026-11-07,103.6,1,27000.0,103.05,USD,103.1,103.05,BYMA,2005.35,1946.0,103.05,39,CORP,0.0,103.05,30000.0,12:14:51,0.1068,0.5,0.485,79.81,Banco Comafi S.A.,30604731018,Financiero - Bancos,True
2000.0,COC4D,-0.027200000000000002,100.75,100.5,0.0,98.0,,1,98.0,2,,,2029-08-10,100.75,2,5000.0,98.0,USD,98.0,98.0,BYMA,1960.0,2000.0,98.0,1046,CORP,0.0,98.0,5000.0,12:29:18,2.8638,2.5,2.551,72.98,[COC],,Sin mapear,False
2047.0,YMCID,-0.0008,93.91,0.0,0.0,94.6144211,,6,94.53,2,,,2029-07-02,93.91,1,0.0,94.76,USD,93.83,93.83,BYMA,1936.76,2047.0,93.83,1007,CORP,0.0,93.83,40.0,15:21:50,2.757,,,59.89,YPF S.A.,30546689979,Energía - Petróleo y Gas,True
1923.0,PZCGD,-0.0059,100.6,101.1,0.0,100.0097764,,4,101.1,2,,,2028-06-04,100.6,2,592.0,101.1,USD,100.05,100.0,BYMA,1923.19,1923.0,100.0,614,CORP,0.0,100.0,200.0,14:18:40,1.681,1.05,1.0495,77.7,Plaza Logística S.R.L.,30655942382,Logística - Real Estate,True
4314.0,CLSID,-0.0033,43.5,45.2,0.0,43.2737745,,9,44.0,0,,,2027-07-26,43.5,2,367.0,44.0,USD,43.75,42.2,BYMA,1866.83,4314.0,43.353,300,CORP,0.0,43.353,500.0,15:37:09,0.8214,1.45,3.3143,73.62,[CLS],,Sin mapear,False
2009.0,GOC4D,-0.0011,88.99,88.89,0.0,88.9760378,,7,89.0,2,,,2029-04-28,88.99,2,3304.0,89.0,USD,85.5,87.0,BYMA,1787.53,2009.0,88.89,942,CORP,0.0,88.89,243.0,13:33:01,2.5791,3.39,3.9649,72.76,GENERACION LITORAL SA,33715184139,,True
1788.0,PN34C,0.0086,96.95,98.1,0.0,98.2792394,,4,98.44,2,,,2027-09-27,96.95,2,639.0,98.75,EXT,97.12,97.79,BYMA,1757.24,1788.0,97.79,363,CORP,0.0,97.79,2320.0,14:01:18,0.9938,0.98,1.0091,77.8,Pan American Energy LLC (PAE Sucursal),30714813583,Energía - Petróleo y Gas,True
1627.0,IRCND,0.0083,102.05,103.0,0.0,102.8872772,,3,101.95,0,,,2027-10-23,102.05,2,2184.0,102.9,USD,102.4,101.5,BYMA,1673.98,1627.0,102.9,389,CORP,0.0,102.9,1135.0,15:37:57,1.065,0.6,0.5859,79.84,IRSA Inversiones y Representaciones S.A.,30524688673,Real Estate,True
1.0,RCCRO,0.0287,158700.0,166760.0,0.0,163260.0,,1,163260.0,0,,,2027-05-09,158700.0,1,4260.0,163260.0,ARS,162000.0,163260.0,BYMA,1632.6,1.0,163260.0,222,CORP,0.0,163260.0,1.0,11:47:52,0.6078,4760.0,2.9383,72.03,Arcor S.A.I.C.,30502793175,Consumo - Alimentos,True
1.0,OTS3O,0.0124,161000.0,0.0,0.0,163000.0,,1,163000.0,0,,,2028-11-01,161000.0,1,0.0,163000.0,ARS,158000.0,163000.0,BYMA,1630.0,1.0,163000.0,764,CORP,0.0,163000.0,1.0,10:58:26,2.0917,,,58.16,[OTS],,Sin mapear,False
1.0,TLCVO,-0.0123,162000.0,162500.0,0.0,160000.0,,1,160000.0,2,,,2027-05-29,162000.0,1,175.0,160000.0,ARS,153560.0,160000.0,BYMA,1600.0,1.0,160000.0,242,CORP,0.0,160000.0,1.0,14:44:22,0.6626,8940.0,5.8218,69.66,Telecom Argentina S.A.,30639453738,Telecomunicaciones,True
1532.0,MCC2D,0.0062,103.5,0.0,0.0,104.15,,1,104.15,0,,,2027-06-03,103.5,1,0.0,104.15,USD,101.1,104.15,BYMA,1595.58,1532.0,104.15,247,CORP,0.0,104.15,3380.0,10:56:21,0.6762,,,58.11,[MCC],,Sin mapear,False
1500.0,DNC7C,-0.0043,102.75,102.4,0.0,102.34,,3,102.4,2,,,2030-10-24,102.75,2,1800.0,102.4,EXT,102.0,102.3,BYMA,1535.1,1500.0,102.3,1486,CORP,0.0,102.3,1000.0,13:13:52,4.0684,0.4,0.3922,81.36,EDENOR S.A.,30655116202,,True
1.0,PFC4O,0.0019,152500.0,152800.0,0.0,152800.0,,1,152800.0,0,,,2030-02-28,152500.0,2,3997.0,152800.0,ARS,150000.0,152800.0,BYMA,1528.0,1.0,152800.0,1248,CORP,0.0,152800.0,20000.0,14:14:04,3.4168,2800.0,1.8667,74.24,PATAGONIA FRUITS TRADE S.A,30690967541,,True
1427.0,MGCND,-0.0019,104.75,105.0,0.0,105.2828662,,12,104.75,2,,,2028-10-04,104.75,2,49988.0,105.8,USD,104.55,104.5,BYMA,1502.4,1427.0,104.55,736,CORP,0.0,104.55,500.0,13:37:06,2.0151,0.45,0.4304,82.32,Pampa Energía S.A.,30526552659,Energía - Electricidad,True
1500.0,DNCAC,-0.009399999999999999,99.09,98.24,0.0,98.15,,7,98.15,-1,,,2033-04-28,99.09,2,2000.0,98.15,EXT,98.15,98.15,BYMA,1472.25,1500.0,98.15,2403,CORP,0.0,98.15,500.0,15:42:33,6.5791,0.09,0.0917,84.27,EDENOR S.A.,30655116202,,True
1300.0,XMC1D,-0.0095,105.0,104.5,0.0,104.0,,2,104.0,-1,,,2027-11-11,105.0,1,1000.0,104.0,USD,103.1,104.0,BYMA,1352.0,1300.0,104.0,408,CORP,0.0,104.0,3463.0,13:21:48,1.117,1.4,1.3579,76.17,Minera Exar S.A.,30709667587,Minería - Litio,True
1318.0,PFC3D,-0.0029,102.25,101.95,0.0,101.95,,3,101.95,-1,,,2029-11-08,102.25,2,150000.0,101.95,USD,100.8,101.95,BYMA,1343.7,1318.0,101.95,1136,CORP,0.0,101.95,2000.0,12:06:58,3.1102,1.15,1.1409,76.89,PATAGONIA FRUITS TRADE S.A,30690967541,,True
1235.0,PN42D,-0.016,105.7,105.7,0.0,103.7646964,,8,105.7,-1,,,2027-04-17,105.7,1,7600.0,105.7,USD,103.0,102.5,BYMA,1281.49,1235.0,104.0,200,CORP,0.0,104.0,4900.0,13:46:32,0.5476,2.7,2.6214,74.25,Pan American Energy LLC (PAE Sucursal),30714813583,Energía - Petróleo y Gas,True
3000.0,PNDCC,0.0147,40.799,41.759,0.0,41.481,,2,41.643,2,,,2027-04-30,40.799,2,2000.0,41.643,EXT,41.4,41.4,BYMA,1244.43,3000.0,41.4,213,CORP,0.0,41.4,2000.0,14:44:08,0.5832,0.359,0.8671,77.47,Pan American Energy LLC (PAE Sucursal),30714813583,Energía - Petróleo y Gas,True
1200.0,BGC4D,0.0,101.65,102.95,0.0,101.65,,1,101.65,-1,,,2026-11-13,101.65,2,7490.0,101.65,USD,101.75,101.65,BYMA,1219.8,1200.0,101.65,45,CORP,0.0,101.65,1200.0,13:33:30,0.1232,1.2,1.1794,75.78,[BGC],,Sin mapear,False
1197.0,YM43D,0.0004,100.95,100.9,0.0,99.8429407,,3,100.35,0,,,2030-04-14,100.95,1,5000.0,101.0,USD,99.95,99.6,BYMA,1195.12,1197.0,101.0,1293,CORP,0.0,101.0,2640.0,14:08:36,3.54,0.95,0.9505,77.52,YPF S.A.,30546689979,Energía - Petróleo y Gas,True
1157.0,PN38C,-0.0063,103.0,103.0,0.0,102.35,,2,102.35,-1,,,2027-08-11,103.0,2,35500.0,102.35,EXT,102.0,102.35,BYMA,1184.19,1157.0,102.35,316,CORP,0.0,102.35,10000.0,15:36:32,0.8652,1.0,0.9804,77.02,Pan American Energy LLC (PAE Sucursal),30714813583,Energía - Petróleo y Gas,True
1100.0,AFCRD,0.0,98.0,98.0,0.0,98.0,,1,98.0,-1,,,2027-08-26,98.0,2,2900.0,98.0,USD,96.0,98.0,BYMA,1078.0,1100.0,98.0,331,CORP,0.0,98.0,5000.0,12:51:08,0.9062,2.0,2.0833,73.53,Banco Comafi S.A.,30604731018,Financiero - Bancos,True
1067.0,MJC1D,0.0,100.0,100.0,0.0,100.0,,2,100.0,-1,,,2027-02-19,100.0,2,6844.0,100.0,USD,99.01,100.0,BYMA,1067.0,1067.0,100.0,143,CORP,0.0,100.0,652.0,15:12:37,0.3915,0.99,0.9999,76.85,[MJC],,Sin mapear,False
1000.0,PQCTD,0.0,103.0,104.75,0.0,103.0,,1,103.0,-1,,,2028-07-21,103.0,2,4562.0,103.0,USD,103.0,103.0,BYMA,1030.0,1000.0,103.0,661,CORP,0.0,103.0,941.0,15:30:38,1.8097,1.75,1.699,74.47,Petroquímica Comodoro Rivadavia S.A.,30563598111,Industria - Petroquímica,True
1000.0,MGCTD,-0.0024,102.75,102.75,0.0,102.5,,1,102.5,2,,,2029-04-01,102.75,1,30000.0,102.5,USD,102.25,102.5,BYMA,1025.0,1000.0,102.5,915,CORP,0.0,102.5,30000.0,12:46:10,2.5051,0.5,0.489,79.17,Pampa Energía S.A.,30526552659,Energía - Electricidad,True
1000.0,RC1CC,0.0,101.0,102.3,0.0,101.0,,1,101.0,-1,,,2033-07-31,101.0,2,75000.0,101.0,EXT,99.35,101.0,BYMA,1010.0,1000.0,101.0,2497,CORP,0.0,101.0,4000.0,15:23:02,6.8364,2.95,2.9693,71.5,ARCOR S.A.I.C.,30502793175,,True
1000.0,TT1AC,-0.0083,101.75,100.55,0.0,100.9,,1,100.9,2,,,2033-01-22,101.75,1,30000.0,100.9,EXT,0.0,100.9,BYMA,1009.0,1000.0,100.9,2307,CORP,0.0,100.9,0.0,14:34:44,6.3162,,,57.73,[TT1],,Sin mapear,False
1000.0,GN49C,-0.0078000000000000005,101.55,100.7,0.0,100.75,,1,100.75,2,,,2033-12-02,101.55,2,2000.0,100.75,EXT,99.99,100.75,BYMA,1007.5,1000.0,100.75,2621,CORP,0.0,100.75,1000.0,15:28:20,7.1759,0.71,0.7101,77.5,Genneia S.A.,30665234114,Energía - Renovable,True
987.0,CP37D,0.009899999999999999,100.5,101.4,0.0,101.3378926,,2,101.3,0,,,2027-03-10,100.5,2,4000.0,101.5,USD,100.3,101.3,BYMA,1000.21,987.0,101.5,162,CORP,0.0,101.5,15000.0,15:08:27,0.4435,1.1,1.0967,76.32,Cía. General de Combustibles S.A.,30506733932,Energía - Gas,True
934.0,NPCCD,0.0,107.0,110.0,0.0,107.0,,1,107.0,-1,,,2029-08-25,107.0,1,790.0,107.0,USD,106.95,107.0,BYMA,999.38,934.0,107.0,1061,CORP,0.0,107.0,1.0,12:41:52,2.9049,3.05,2.8518,71.78,[NPC],,Sin mapear,False
900.0,YFCPD,-0.013000000000000001,99.4,99.35,0.0,98.1055556,,3,98.11,-1,,,2029-08-18,99.4,2,2000.0,98.11,USD,98.1,98.1,BYMA,882.96,900.0,98.1,1054,CORP,0.0,98.1,2695.0,15:44:15,2.8857,1.25,1.2742,76.31,YPF Energía Eléctrica S.A.,30714128309,Energía - Electricidad,True
860.0,VSCYD,0.0,101.6,102.7,0.0,101.7655814,,4,102.0,-1,,,2028-01-16,101.6,2,5333.0,102.0,USD,101.6,101.6,BYMA,875.18,860.0,101.6,474,CORP,0.0,101.6,8296.0,14:34:44,1.2977,1.1,1.0827,76.89,Vista Oil & Gas Argentina S.A.U.,33515950899,Energía - Petróleo y Gas,True
832.0,GN47D,-0.0009,102.8,102.65,0.0,102.7408654,,7,103.7,2,,,2028-10-17,102.8,2,296.0,103.7,USD,102.4,102.3,BYMA,854.81,832.0,102.7,749,CORP,0.0,102.7,256.0,14:19:54,2.0507,0.25,0.2441,82.62,Genneia S.A.,30665234114,Energía - Renovable,True
1616.0,IRCFD,0.0060999999999999995,50.61,51.4,0.0,51.0130322,,7,50.93,2,,,2028-06-22,50.61,1,400.0,51.1,USD,51.0,50.92,BYMA,824.37,1616.0,50.92,632,CORP,0.0,50.92,780.0,14:58:34,1.7303,0.4,0.7843,78.69,IRSA Inversiones y Representaciones S.A.,30524688673,Real Estate,True
845.0,PQCSC,0.009000000000000001,96.66,98.53,0.0,97.4766154,,7,97.51,0,,,2031-02-17,96.66,2,2036.0,97.53,EXT,97.97,97.13,BYMA,823.68,845.0,97.53,1602,CORP,0.0,97.53,451.0,15:19:39,4.386,0.56,0.5716,80.08,Petroquímica Comodoro Rivadavia S.A.,30563598111,Industria - Petroquímica,True
780.0,YFCID,-0.0088,101.85,102.65,0.0,101.6907692,,5,100.45,2,,,2027-06-13,101.85,2,286.0,102.8,USD,100.95,100.45,BYMA,793.18,780.0,100.95,257,CORP,0.0,100.95,3617.0,13:32:26,0.7036,1.7,1.684,75.67,YPF Energía Eléctrica S.A.,30714128309,Energía - Electricidad,True
719.0,PLC1D,-0.0271,106.9,105.0,0.0,104.0,,1,104.0,2,,,2028-01-27,106.9,1,2857.0,104.0,USD,102.65,104.0,BYMA,747.76,719.0,104.0,485,CORP,0.0,104.0,5138.0,12:03:14,1.3279,2.35,2.2893,72.75,Pluspetrol S.A.,30678224010,Energía - Petróleo y Gas,True
706.0,YMCYD,0.0024,103.05,105.0,0.0,104.5016289,,6,105.0,-1,,,2028-10-10,103.05,1,600.0,105.15,USD,103.3,103.3,BYMA,737.79,706.0,103.3,742,CORP,0.0,103.3,735.0,14:55:02,2.0315,1.7,1.6457,75.94,YPF S.A.,30546689979,Energía - Petróleo y Gas,True
690.0,OTS3D,0.028900000000000002,102.05,104.25,0.0,104.8833333,,5,104.9,0,,,2028-11-01,102.05,2,1.0,105.0,USD,103.0,104.75,BYMA,723.7,690.0,105.0,764,CORP,0.0,105.0,69.0,10:57:52,2.0917,1.25,1.2136,76.73,[OTS],,Sin mapear,False
692.0,YM42C,0.015,98.86,100.8,0.0,100.35,,4,100.35,-1,,,2029-03-02,98.86,2,15000.0,100.35,EXT,98.74,100.35,BYMA,694.42,692.0,100.35,885,CORP,0.0,100.35,188.0,11:58:30,2.423,2.06,2.0863,74.33,YPF S.A.,30546689979,Energía - Petróleo y Gas,True
685.0,MTC2D,-0.030899999999999997,100.1,101.8,0.0,97.3761314,,4,100.0,2,,,2028-06-22,100.1,1,5772.0,100.0,USD,99.8,97.0,BYMA,667.03,685.0,97.0,632,CORP,0.0,97.0,1.0,13:43:56,1.7303,2.0,2.004,74.51,Mastellone Hermanos S.A.,30547242331,Alimentos - Lácteos,True
635.0,VSCRC,0.0063,102.7,103.5,0.0,103.103937,,4,103.1,0,,,2031-10-10,102.7,2,8775.0,103.35,EXT,103.1,103.1,BYMA,654.71,635.0,103.35,1837,CORP,0.0,103.35,2058.0,15:33:44,5.0294,0.4,0.388,81.05,Vista Oil & Gas Argentina S.A.U.,33515950899,Energía - Petróleo y Gas,True
624.0,CS53D,-0.0083,101.75,101.05,0.0,101.0639423,,7,101.2,2,,,2030-04-30,101.75,1,813.0,101.2,USD,100.6,100.9,BYMA,630.64,624.0,100.9,1309,CORP,0.0,100.9,2791.0,14:42:15,3.5838,0.45,0.4473,80.94,Cresud S.A.C.I.F. y A.,30509300700,Agro - Real Estate,True
588.0,DNC5C,-0.0054,101.2,100.9,0.0,100.6829932,,5,100.7,-1,,,2028-08-05,101.2,2,634.0,100.7,EXT,100.4,100.65,BYMA,592.01,588.0,100.65,676,CORP,0.0,100.65,9.0,12:53:05,1.8508,0.5,0.498,80.03,EDENOR S.A.,30655116202,,True
515.0,OLC5D,-0.0074,107.0,109.3,0.0,106.2,,1,106.2,2,,,2028-06-12,107.0,1,501.0,106.2,USD,106.2,106.2,BYMA,546.93,515.0,106.2,622,CORP,0.0,106.2,1484.0,14:22:40,1.7029,3.1,2.919,71.25,OLEODUCTOS DEL VALLE S.A.,30658840165,,True
502.0,MGCQD,-0.0028000000000000004,107.0,107.3,0.0,106.7,,3,106.7,-1,,,2028-08-06,107.0,1,1000.0,106.7,USD,106.4,106.7,BYMA,535.64,502.0,106.7,677,CORP,0.0,106.7,200.0,15:11:29,1.8535,0.9,0.8459,77.29,Pampa Energía S.A.,30526552659,Energía - Electricidad,True
1611.0,CLI1D,-0.028900000000000002,33.5,33.49,0.0,32.5881471,,4,33.49,-1,,,2034-12-10,33.5,2,8918.0,33.49,USD,32.531,32.531,BYMA,524.99,1611.0,32.531,2994,CORP,0.0,32.531,7000.0,15:31:02,8.1971,0.959,2.948,72.32,[CLI],,Sin mapear,False
502.0,LOC6D,-0.0029,102.4,102.7,0.0,102.4993028,,4,102.5,2,,,2029-01-23,102.4,1,4999.0,102.55,USD,101.85,102.1,BYMA,514.55,502.0,102.1,847,CORP,0.0,102.1,1.0,15:40:09,2.319,0.85,0.8346,77.59,[LOC],,Sin mapear,False
402.0,CS48D,0.009000000000000001,105.3,106.2,0.0,105.9987562,,5,105.25,0,,,2028-07-11,105.3,1,1.0,106.25,USD,105.2,105.25,BYMA,426.11,402.0,106.25,651,CORP,0.0,106.25,1.0,15:11:34,1.7823,1.0,0.9506,77.33,Cresud S.A.C.I.F. y A.,30509300700,Agro - Real Estate,True
1539.0,MR45D,0.0,27.0,28.0,0.0,27.0,,2,27.0,-1,,,2036-06-30,27.0,2,107.0,27.0,USD,26.191,27.0,BYMA,415.53,1539.0,27.0,3562,CORP,0.0,27.0,4000.0,15:17:08,9.7522,1.809,6.907,69.03,Generación Mediterránea / Central Térmica Roca S.A.,33711944899,Energía - Electricidad,True
437.0,VSCQD,0.023700000000000002,90.56,98.5,0.0,92.7038215,,3,90.01,-1,,,2028-07-08,90.56,2,2060.0,92.71,USD,92.71,90.01,BYMA,405.12,437.0,92.71,648,CORP,0.0,92.71,2564.0,15:32:31,1.7741,5.79,6.2453,69.57,Vista Oil & Gas Argentina S.A.U.,33515950899,Energía - Petróleo y Gas,True
360.0,GN43D,0.0074,101.1,101.8,0.0,101.85125,,2,102.0,2,,,2027-03-08,101.1,2,100.0,102.0,USD,101.05,101.85,BYMA,366.66,360.0,101.85,160,CORP,0.0,101.85,100.0,13:54:21,0.4381,0.75,0.7422,77.35,Genneia S.A.,30665234114,Energía - Renovable,True
352.0,PN36C,-0.0377,106.0,105.9,0.0,102.0,,3,102.0,-1,,,2031-11-13,106.0,2,10163.0,102.0,EXT,98.7,102.0,BYMA,359.04,352.0,102.0,1871,CORP,0.0,102.0,10000.0,12:27:03,5.1225,7.2,7.2948,69.2,Pan American Energy LLC (PAE Sucursal),30714813583,Energía - Petróleo y Gas,True
342.0,CS48C,0.0216,99.5,102.25,0.0,98.2663743,,10,101.2,0,,,2028-07-11,99.5,2,139.0,101.65,EXT,102.0,96.5,BYMA,336.05,342.0,101.65,651,CORP,0.0,101.65,1.0,15:03:13,1.7823,0.25,0.2451,82.46,Cresud S.A.C.I.F. y A.,30509300700,Agro - Real Estate,True
300.0,RC5CD,-0.0582,103.0,102.95,0.0,97.01,,2,100.0,2,,,2029-05-21,103.0,1,299.0,100.0,USD,97.0,97.0,BYMA,291.03,300.0,97.0,965,CORP,0.0,97.0,1701.0,14:02:28,2.642,5.95,6.134,69.17,ARCOR S.A.I.C.,30502793175,,True
290.0,CP41D,-0.008,99.8,99.0,0.0,98.3275862,,9,97.05,-1,,,2029-09-07,99.8,1,5410.0,99.0,USD,98.0,97.05,BYMA,285.15,290.0,99.0,1074,CORP,0.0,99.0,100.0,14:52:10,2.9405,1.0,1.0204,77.31,CIA GENERAL DE COMBUSTIBLES S.A.,30506733932,,True
270.0,DEC2C,0.0252,95.44,0.0,0.0,97.85,,1,97.85,0,,,2027-02-24,95.44,2,0.0,97.85,EXT,95.59,97.85,BYMA,264.2,270.0,97.85,148,CORP,0.0,97.85,3223.0,14:53:30,0.4052,,,57.06,Empresa Distrib. de Electricidad Salta S.A.,30690633635,Energía - Electricidad,True
257.0,CP40D,-0.0311,104.4,103.8,0.0,101.2964981,,3,101.8,2,,,2028-03-09,104.4,1,1135.0,101.8,USD,101.15,101.15,BYMA,260.34,257.0,101.15,527,CORP,0.0,101.15,151.0,13:33:00,1.4428,2.65,2.6199,72.48,CIA GENERAL DE COMBUSTIBLES S.A.,30506733932,,True
243.0,SBC3D,0.0,99.5,104.0,0.0,99.5133745,,2,102.75,2,,,2029-05-26,99.5,1,1000.0,102.75,USD,101.55,99.5,BYMA,241.82,243.0,99.5,970,CORP,0.0,99.5,1.0,10:46:34,2.6557,2.45,2.4126,72.59,SAN BAUTISTA DEL SUR SA,30715659340,,True
233.0,CACBD,0.0,100.9,101.3,0.0,100.8472103,,7,101.0,-1,,,2028-06-17,100.9,2,13551.0,101.0,USD,100.5,100.8,BYMA,234.98,233.0,100.9,627,CORP,0.0,100.9,4000.0,15:16:27,1.7166,0.8,0.796,78.05,Capex S.A.,30629827060,Energía - Electricidad,True
200.0,YMCZD,0.018600000000000002,107.0,108.3,0.0,109.0,,1,109.0,0,,,2028-10-10,107.0,1,5800.0,109.0,USD,103.0,109.0,BYMA,218.0,200.0,109.0,742,CORP,0.0,109.0,393.0,13:14:46,2.0315,5.3,5.1456,68.88,YPF S.A.,30546689979,Energía - Petróleo y Gas,True
201.0,OTS6D,-0.0018,106.65,106.65,0.0,106.45,,2,106.45,-1,,,2029-07-29,106.65,1,5000.0,106.45,USD,105.95,106.45,BYMA,213.96,201.0,106.45,1034,CORP,0.0,106.45,1.0,15:43:33,2.8309,0.7,0.6607,77.71,[OTS],,Sin mapear,False
198.0,VSCRD,-0.008199999999999999,108.45,108.65,0.0,107.105303,,15,107.8,-1,,,2031-10-10,108.45,1,1000.0,107.8,USD,107.55,106.65,BYMA,212.12,198.0,107.55,1837,CORP,0.0,107.55,1.0,13:41:31,5.0294,1.1,1.0228,77.67,Vista Oil & Gas Argentina S.A.U.,33515950899,Energía - Petróleo y Gas,True
200.0,YFCID,-0.0382,101.9,106.9,0.0,98.012,,2,100.4,2,,,2027-06-13,101.9,1,4000.0,100.4,USD,100.9,98.0,BYMA,196.02,200.0,98.0,257,CORP,0.0,98.0,201.0,10:55:34,0.7036,6.0,5.9465,69.01,YPF Energía Eléctrica S.A.,30714128309,Energía - Electricidad,True
182.0,TLCUD,-0.011200000000000002,101.8,101.5,0.0,100.8925824,,6,100.9,-1,,,2029-03-05,101.8,1,500.0,100.9,USD,100.65,100.25,BYMA,183.63,182.0,100.65,888,CORP,0.0,100.65,2000.0,11:44:56,2.4312,0.85,0.8445,77.51,Telecom Argentina S.A.,30639453738,Telecomunicaciones,True
180.0,GYC5D,0.0139,100.5,101.85,0.0,101.0211111,,4,100.5,0,,,2027-09-05,100.5,2,358.0,101.9,USD,100.0,100.0,BYMA,181.84,180.0,101.9,341,CORP,0.0,101.9,366.0,13:20:52,0.9336,1.85,1.85,74.29,[GYC],,Sin mapear,False
213.0,SNSDD,0.0003,77.96,76.95,0.0,77.99,,1,77.99,0,,,2027-02-06,77.96,2,200.0,77.99,USD,73.0,77.99,BYMA,166.12,213.0,77.99,130,CORP,0.0,77.99,180.0,15:34:03,0.3559,3.95,5.411,68.61,SION S.A.,30690076043,,True
145.0,T661O,0.0,107.95,111.15,0.0,107.95,,1,107.95,-1,,,2026-11-30,107.95,2,4645.0,107.95,ARS,101.0,107.95,BYMA,156.53,145.0,107.95,62,CORP,0.0,107.95,100000.0,10:45:56,0.1697,10.15,10.0495,67.59,Tarjeta Naranja S.A.,30685376349,Financiero - Crédito Consumo,True
146.0,MIC3D,0.0,100.1,102.85,0.0,100.1,,1,100.1,-1,,,2026-11-11,100.1,1,4715.0,100.1,USD,100.1,100.1,BYMA,146.15,146.0,100.1,43,CORP,0.0,100.1,2954.0,13:42:39,0.1177,2.75,2.7473,71.09,MIRGOR S.A.,30578036071,,True
141.0,NPCED,0.0143,99.23,100.65,0.0,100.6950355,,2,100.7,2,,,2029-07-27,99.23,2,486.0,100.7,USD,99.3,100.65,BYMA,141.98,141.0,100.65,1032,CORP,0.0,100.65,400.0,15:31:53,2.8255,1.35,1.3595,74.93,[NPC],,Sin mapear,False
131.0,MCC3D,-0.0083,102.0,102.0,0.0,101.1770992,,6,101.9,2,,,2030-05-11,102.0,1,30000.0,101.9,USD,101.65,101.15,BYMA,132.55,131.0,101.15,1320,CORP,0.0,101.15,1.0,11:56:31,3.614,0.35,0.3443,80.99,[MCC],,Sin mapear,False
104.0,DKC1D,0.0,0.0,101.0,0.0,98.0769231,,2,100.0,2,,,2028-09-28,0.0,2,1000.0,100.0,USD,98.0,98.0,BYMA,102.0,104.0,98.0,730,CORP,0.0,98.0,100.0,13:23:18,1.9986,3.0,3.0612,71.0,[DKC],,Sin mapear,False
100.0,RUCED,0.0,100.8,102.9,0.0,100.8,,1,100.8,-1,,,2027-10-30,100.8,1,600.0,100.8,USD,100.8,100.8,BYMA,100.8,100.0,100.8,396,CORP,0.0,100.8,500.0,14:38:39,1.0842,2.1,2.0833,72.39,CERAMICA RUTA 16 S.R.L.,30710080085,,True
88.0,DEC4D,-0.0098,102.0,102.0,0.0,101.0,,1,101.0,2,,,2028-07-03,102.0,1,30000.0,101.0,USD,0.0,101.0,BYMA,88.88,88.0,101.0,643,CORP,0.0,101.0,0.0,11:42:14,1.7604,,,56.69,Empresa Distrib. de Electricidad Salta S.A.,30690633635,Energía - Electricidad,True
110.0,SNABD,-0.038599999999999995,80.51,77.0,0.0,77.4,,1,77.4,2,,,2029-07-14,80.51,2,500.0,77.4,USD,73.0,77.4,BYMA,85.14,110.0,77.4,1019,CORP,0.0,77.4,10.0,11:34:14,2.7899,4.0,5.4795,68.37,S.A. San Miguel,30511190238,Agro - Frutícola,True
84.0,MIC6D,-0.0178,100.8,100.75,0.0,99.0571429,,2,100.6,2,,,2028-05-28,100.8,1,5000.0,100.6,USD,99.0,99.0,BYMA,83.21,84.0,99.0,607,CORP,0.0,99.0,919.0,12:54:03,1.6619,1.75,1.7677,73.67,MIRGOR S.A.,30578036071,,True
58.0,T641D,0.0255,103.9,105.0,0.0,106.55,,2,106.55,-1,,,2027-04-30,103.9,2,10000.0,106.55,USD,103.9,106.55,BYMA,61.8,58.0,106.55,213,CORP,0.0,106.55,150000.0,13:14:36,0.5832,1.1,1.0587,75.37,Tarjeta Naranja S.A.,30685376349,Financiero - Crédito Consumo,True
62.0,EOC1D,0.003,96.8,99.5,0.0,97.1,,1,97.1,0,,,2028-02-28,96.8,2,4000.0,97.1,USD,97.2,97.1,BYMA,60.2,62.0,97.1,517,CORP,0.0,97.1,49.0,11:26:13,1.4155,2.3,2.3663,71.64,[EOC],,Sin mapear,False
41.0,YMCZD,0.0106,107.85,108.0,0.0,109.0,,1,109.0,0,,,2028-10-10,107.85,2,5959.0,109.0,USD,107.5,109.0,BYMA,44.69,41.0,109.0,742,CORP,0.0,109.0,25000.0,10:33:16,2.0315,0.5,0.4651,78.28,YPF S.A.,30546689979,Energía - Petróleo y Gas,True
34.0,TTCED,0.0005,99.5,105.8,0.0,99.5779412,,2,100.5,2,,,2029-05-21,99.5,1,6824.0,100.5,USD,102.3,99.55,BYMA,33.85,34.0,99.55,965,CORP,0.0,99.55,1.0,11:20:21,2.642,3.5,3.4213,70.5,Tecpetrol S.A.,30592665472,Energía - Petróleo y Gas,True
26.0,OLC7D,0.0174,100.5,102.95,0.0,102.25,,1,102.25,0,,,2030-02-23,100.5,1,4000.0,102.25,USD,102.2,102.25,BYMA,26.59,26.0,102.25,1243,CORP,0.0,102.25,1.0,12:18:02,3.4031,0.75,0.7339,76.23,OLEODUCTOS DEL VALLE S.A.,30658840165,,True
20.0,TLCQD,0.0004,106.95,106.8,0.0,107.0,,2,107.0,-1,,,2027-07-02,106.95,1,605.0,107.0,USD,104.6,107.0,BYMA,21.4,20.0,107.0,276,CORP,0.0,107.0,1.0,14:09:46,0.7556,2.2,2.1033,72.76,Telecom Argentina S.A.,30639453738,Telecomunicaciones,True
20.0,MUC4D,0.0,100.8,0.0,0.0,100.8,,1,100.8,-1,,,2027-10-27,100.8,2,0.0,100.8,USD,97.0,100.8,BYMA,20.16,20.0,100.8,393,CORP,0.0,100.8,102.0,13:07:57,1.076,,,56.49,[MUC],,Sin mapear,False
16.0,YFCKD,-0.0034000000000000002,101.0,0.0,0.0,100.65,,6,100.65,-1,,,2026-11-21,101.0,1,0.0,100.65,USD,101.0,100.65,BYMA,16.12,16.0,100.65,53,CORP,0.0,100.65,99.0,11:23:19,0.1451,,,58.04,YPF Energía Eléctrica S.A.,30714128309,Energía - Electricidad,True
15.0,MSSGD,0.0189,103.05,104.7,0.0,102.3206667,,13,100.7,0,,,2029-04-16,103.05,2,10.0,105.5,USD,100.5,99.51,BYMA,15.35,15.0,105.0,930,CORP,0.0,105.0,2961.0,15:35:17,2.5462,4.2,4.1791,71.3,MSU S.A.,30607597193,Energía,True
9.0,PLC6D,-0.0296,106.2,106.0,0.0,103.2166667,,2,104.55,2,,,2029-02-27,106.2,1,442.0,104.55,USD,105.5,103.05,BYMA,9.29,9.0,103.05,882,CORP,0.0,103.05,1.0,10:56:52,2.4148,0.5,0.4739,78.59,Pluspetrol S.A.,30678224010,Energía - Petróleo y Gas,True
20.0,MR47D,-0.0113,43.99,43.489,0.0,43.49,,1,43.49,2,,,2036-06-30,43.99,2,29.0,43.49,USD,42.78,43.49,BYMA,8.7,20.0,43.49,3562,CORP,0.0,43.49,10680.0,12:21:02,9.7522,0.709,1.6573,73.2,Generación Mediterránea / Central Térmica Roca S.A.,33711944899,Energía - Electricidad,True
6.0,YM39C,-0.0091,109.0,107.85,0.0,108.0,,1,108.0,2,,,2030-07-22,109.0,1,6994.0,108.0,EXT,0.0,108.0,BYMA,6.48,6.0,108.0,1392,CORP,0.0,108.0,0.0,13:39:01,3.8111,,,56.37,YPF S.A.,30546689979,Energía - Petróleo y Gas,True
10.0,SNEAD,0.0033,59.4,59.8,0.0,59.6,,1,59.6,0,,,2029-07-14,59.4,2,12000.0,59.6,USD,56.82,59.6,BYMA,5.96,10.0,59.6,1019,CORP,0.0,59.6,43.0,11:01:06,2.7899,2.98,5.2446,68.23,SION S.A.,30690076043,,True
4.0,YFCND,0.014499999999999999,103.0,104.2,0.0,104.5,,1,104.5,0,,,2026-10-03,103.0,1,15000.0,104.5,USD,102.0,104.5,BYMA,4.18,4.0,104.5,4,CORP,0.0,104.5,5537.0,13:02:39,0.011,2.2,2.1569,71.82,YPF Energía Eléctrica S.A.,30714128309,Energía - Electricidad,True
4.0,YM34C,0.0,101.9,102.3,0.0,101.9,,1,101.9,-1,,,2034-01-17,101.9,1,30000.0,101.9,EXT,101.75,101.9,BYMA,4.08,4.0,101.9,2667,CORP,0.0,101.9,30000.0,12:32:44,7.3018,0.55,0.5405,77.27,YPF S.A.,30546689979,Energía - Petróleo y Gas,True
3.0,DNC3C,0.0,100.0,103.0,0.0,99.8666667,,3,99.8,0,,,2026-11-22,100.0,2,6998.0,100.0,EXT,97.51,99.8,BYMA,3.0,3.0,100.0,54,CORP,0.0,100.0,5812.0,14:09:07,0.1478,5.49,5.6302,68.88,EDENOR S.A.,30655116202,,True
2.0,IRCOD,0.0,104.4,104.9,0.0,104.425,,2,104.45,2,,,2029-10-23,104.4,1,3199.0,104.45,USD,104.05,104.4,BYMA,2.08,2.0,104.4,1120,CORP,0.0,104.4,1.0,14:52:29,3.0664,0.85,0.8169,76.1,IRSA Inversiones y Representaciones S.A.,30524688673,Real Estate,True
2.0,NPCDD,0.0009,101.75,102.0,0.0,101.875,,2,101.9,2,,,2030-04-30,101.75,1,500.0,101.9,USD,101.0,101.85,BYMA,2.04,2.0,101.85,1309,CORP,0.0,101.85,112.0,10:57:22,3.5838,1.0,0.9901,75.31,[NPC],,Sin mapear,False
2.0,PN41C,0.0,101.85,101.85,0.0,101.85,,1,101.85,-1,,,2029-08-27,101.85,2,1145.0,101.85,EXT,99.37,101.85,BYMA,2.04,2.0,101.85,1063,CORP,0.0,101.85,1054.0,15:13:53,2.9103,2.48,2.4957,70.96,Pan American Energy LLC (PAE Sucursal),30714813583,Energía - Petróleo y Gas,True
1.0,OTS3D,0.0014000000000000002,104.7,106.0,0.0,104.85,,1,104.85,0,,,2028-11-01,104.7,1,1.0,104.85,USD,103.0,104.85,BYMA,1.05,1.0,104.85,764,CORP,0.0,104.85,1.0,10:57:58,2.0917,3.0,2.9126,70.14,[OTS],,Sin mapear,False
1.0,YMCTD,0.0,104.0,104.0,0.0,104.0,,1,104.0,-1,,,2026-10-10,104.0,2,1999.0,104.0,USD,0.0,104.0,BYMA,1.04,1.0,104.0,11,CORP,0.0,104.0,0.0,10:41:22,0.0301,,,56.17,YPF S.A.,30546689979,,True
1.0,PN37D,-0.013300000000000001,104.85,107.85,0.0,103.45,,1,103.45,2,,,2028-11-13,104.85,1,2918.0,103.45,USD,103.65,103.45,BYMA,1.03,1.0,103.45,776,CORP,0.0,103.45,1.0,11:42:08,2.1246,4.2,4.0521,68.81,Pan American Energy LLC (PAE Sucursal),30714813583,Energía - Petróleo y Gas,True
1.0,AERBD,-0.0048,102.5,103.5,0.0,102.0,,1,102.0,2,,,2026-12-15,102.5,1,1.0,102.0,USD,101.65,102.0,BYMA,1.02,1.0,102.0,77,CORP,0.0,102.0,1.0,10:45:51,0.2108,1.85,1.82,72.41,[AER],,Sin mapear,False
1.0,TLCVD,0.0019,102.3,102.5,0.0,102.5,,1,102.5,0,,,2027-05-29,102.3,1,999.0,102.5,USD,99.5,102.5,BYMA,1.02,1.0,102.5,242,CORP,0.0,102.5,1.0,14:44:22,0.6626,3.0,3.0151,69.81,Telecom Argentina S.A.,30639453738,Telecomunicaciones,True
1.0,IRCOC,0.0,102.0,102.0,0.0,102.0,,1,102.0,-1,,,2029-10-23,102.0,2,3147.0,102.0,EXT,98.0,102.0,BYMA,1.02,1.0,102.0,1120,CORP,0.0,102.0,1591.0,15:07:56,3.0664,4.0,4.0816,68.69,IRSA Inversiones y Representaciones S.A.,30524688673,Real Estate,True
1.0,RZBCD,0.0053,65.8,65.9,0.0,66.15,,1,66.15,0,,,2029-09-03,65.8,2,2800.0,66.15,USD,64.01,66.15,BYMA,0.66,1.0,66.15,1070,CORP,0.0,66.15,100.0,11:05:22,2.9295,1.89,2.9527,69.84,RIZOBACTER ARGENTINA S.A.,30593174057,,True
0.0,DNC3D,0.0,103.85,104.25,0.0,0.0,,0,0.0,-1,,,2026-11-22,103.85,1,30000.0,0.0,USD,104.0,0.0,BYMA,0.0,0.0,0.0,54,CORP,0.0,0.0,5000.0,,0.1478,0.25,0.2404,56.22,EDENOR S.A.,30655116202,,True
0.0,BYCWD,0.0,102.95,103.3,0.0,0.0,,0,0.0,-1,,,2026-11-30,102.95,2,25000.0,0.0,USD,102.9,0.0,BYMA,0.0,0.0,0.0,62,CORP,0.0,0.0,250000.0,,0.1697,0.4,0.3887,55.3,Banco de Galicia y Buenos Aires S.A.,30500001735,Financiero - Bancos,True
0.0,MGCRC,0.0,101.4,97.91,0.0,0.0,,0,0.0,-1,,,2037-11-14,101.4,1,30000.0,0.0,EXT,97.52,0.0,BYMA,0.0,0.0,0.0,4064,CORP,0.0,0.0,30000.0,,11.1266,0.39,0.3999,55.09,Pampa Energía S.A.,30526552659,Energía - Electricidad,True
0.0,YM44C,0.0,96.8,95.11,0.0,0.0,,0,0.0,-1,,,2035-06-18,96.8,1,30000.0,0.0,EXT,94.73,0.0,BYMA,0.0,0.0,0.0,3184,CORP,0.0,0.0,30000.0,,8.7173,0.38,0.4011,55.06,YPF S.A.,30546689979,Energía - Petróleo y Gas,True
0.0,BYCWD,0.0,103.6,103.3,0.0,0.0,,0,0.0,-1,,,2026-11-30,103.6,1,22000.0,0.0,USD,102.85,0.0,BYMA,0.0,0.0,0.0,62,CORP,0.0,0.0,30000.0,,0.1697,0.45,0.4375,54.85,Banco de Galicia y Buenos Aires S.A.,30500001735,Financiero - Bancos,True
0.0,BYCWO,0.0,160000.0,160000.0,0.0,0.0,,0,0.0,-1,,,2026-11-30,160000.0,2,22000.0,0.0,ARS,159300.0,0.0,BYMA,0.0,0.0,0.0,62,CORP,0.0,0.0,10000.0,,0.1697,700.0,0.4394,54.83,Banco de Galicia y Buenos Aires S.A.,30500001735,Financiero - Bancos,True
0.0,MGCRD,0.0,103.0,102.25,0.0,0.0,,0,0.0,-1,,,2037-11-14,103.0,1,10000.0,0.0,USD,101.8,0.0,BYMA,0.0,0.0,0.0,4064,CORP,0.0,0.0,10000.0,,11.1266,0.45,0.442,54.8,Pampa Energía S.A.,30526552659,Energía - Electricidad,True
0.0,IRCQD,0.0,101.0,101.25,0.0,0.0,,0,0.0,-1,,,2027-06-08,101.0,2,30.0,0.0,USD,100.8,0.0,BYMA,0.0,0.0,0.0,252,CORP,0.0,0.0,1088.0,,0.6899,0.45,0.4464,54.74,IRSA Inversiones y Representaciones S.A.,30524688673,Real Estate,True
0.0,PLC2D,0.0,110.5,107.0,0.0,0.0,,0,0.0,-1,,,2030-01-27,110.5,1,1961.0,0.0,USD,106.5,0.0,BYMA,0.0,0.0,0.0,1216,CORP,0.0,0.0,201.0,,3.3292,0.5,0.4695,54.54,Pluspetrol S.A.,30678224010,Energía - Petróleo y Gas,True
0.0,BACHD,0.0,108.4,106.5,0.0,0.0,,0,0.0,-1,,,2031-01-28,108.4,1,30000.0,0.0,USD,106.0,0.0,BYMA,0.0,0.0,0.0,1582,CORP,0.0,0.0,10000.0,,4.3313,0.5,0.4717,54.49,[BAC],,Sin mapear,False
0.0,PLC4C,0.0,105.85,104.05,0.0,0.0,,0,0.0,-1,,,2032-05-30,105.85,1,30000.0,0.0,EXT,103.55,0.0,BYMA,0.0,0.0,0.0,2070,CORP,0.0,0.0,30000.0,,5.6674,0.5,0.4829,54.36,Pluspetrol S.A.,30678224010,Energía - Petróleo y Gas,True
0.0,AFCID,0.0,103.1,103.6,0.0,0.0,,0,0.0,-1,,,2026-11-07,103.1,2,27000.0,0.0,USD,103.1,0.0,BYMA,0.0,0.0,0.0,39,CORP,0.0,0.0,30000.0,,0.1068,0.5,0.485,54.34,Banco Comafi S.A.,30604731018,Financiero - Bancos,True
0.0,BACGC,0.0,103.25,102.25,0.0,0.0,,0,0.0,-1,,,2029-06-23,103.25,1,29000.0,0.0,EXT,101.75,0.0,BYMA,0.0,0.0,0.0,998,CORP,0.0,0.0,30000.0,,2.7324,0.5,0.4914,54.25,[BAC],,Sin mapear,False
0.0,TLCTC,0.0,103.9,102.15,0.0,0.0,,0,0.0,-1,,,2036-01-20,103.9,1,30000.0,0.0,EXT,101.65,0.0,BYMA,0.0,0.0,0.0,3400,CORP,0.0,0.0,30000.0,,9.3087,0.5,0.4919,54.24,Telecom Argentina S.A.,30639453738,Telecomunicaciones,True
0.0,BACHC,0.0,104.65,101.85,0.0,0.0,,0,0.0,-1,,,2031-01-28,104.65,1,30000.0,0.0,EXT,101.35,0.0,BYMA,0.0,0.0,0.0,1582,CORP,0.0,0.0,30000.0,,4.3313,0.5,0.4933,54.21,[BAC],,Sin mapear,False
0.0,PN43C,0.0,103.3,101.45,0.0,0.0,,0,0.0,-1,,,2037-01-15,103.3,1,30000.0,0.0,EXT,100.95,0.0,BYMA,0.0,0.0,0.0,3761,CORP,0.0,0.0,30000.0,,10.2971,0.5,0.4953,54.16,Pan American Energy LLC (PAE Sucursal),30714813583,Energía - Petróleo y Gas,True
0.0,ARC1C,0.0,100.85,100.85,0.0,0.0,,0,0.0,-1,,,2031-08-01,100.85,2,5000.0,0.0,EXT,100.35,0.0,BYMA,0.0,0.0,0.0,1767,CORP,0.0,0.0,8000.0,,4.8378,0.5,0.4983,54.11,Aeropuertos Argentina 2000 S.A.,30696170580,Infraestructura - Aeropuertos,True
0.0,PLC4O,0.0,168160.0,168370.0,0.0,0.0,,0,0.0,-1,,,2032-05-30,168160.0,1,1000.0,0.0,ARS,167500.0,0.0,BYMA,0.0,0.0,0.0,2070,CORP,0.0,0.0,1000.0,,5.6674,870.0,0.5194,53.97,Pluspetrol S.A.,30678224010,Energía - Petróleo y Gas,True
0.0,MGCRO,0.0,163030.0,158340.0,0.0,0.0,,0,0.0,-1,,,2037-11-14,163030.0,1,20000.0,0.0,ARS,157510.0,0.0,BYMA,0.0,0.0,0.0,4064,CORP,0.0,0.0,10000.0,,11.1266,830.0,0.527,53.96,Pampa Energía S.A.,30526552659,Energía - Electricidad,True
0.0,HBCDD,0.0,102.5,102.75,0.0,0.0,,0,0.0,-1,,,2026-11-20,102.5,2,30000.0,0.0,USD,102.2,0.0,BYMA,0.0,0.0,0.0,52,CORP,0.0,0.0,10000.0,,0.1424,0.55,0.5382,53.88,BANCO HIPOTECARIO S.A.,30500011072,,True
0.0,CS50D,0.0,101.95,102.45,0.0,0.0,,0,0.0,-1,,,2029-03-10,101.95,1,4296.0,0.0,USD,101.9,0.0,BYMA,0.0,0.0,0.0,893,CORP,0.0,0.0,1.0,,2.4449,0.55,0.5397,53.86,Cresud S.A.C.I.F. y A.,30509300700,Agro - Real Estate,True
0.0,BVCPD,0.0,102.0,102.05,0.0,0.0,,0,0.0,-1,,,2026-10-21,102.0,2,31782.0,0.0,USD,101.5,0.0,BYMA,0.0,0.0,0.0,22,CORP,0.0,0.0,30000.0,,0.0602,0.55,0.5419,53.81,Banco de Servicios y Transacciones S.A.,30704960995,Financiero - Bancos,True
0.0,BYCWO,0.0,156000.0,159900.0,0.0,0.0,,0,0.0,-1,,,2026-11-30,156000.0,1,22000.0,0.0,ARS,159030.0,0.0,BYMA,0.0,0.0,0.0,62,CORP,0.0,0.0,3000.0,,0.1697,870.0,0.5471,53.79,Banco de Galicia y Buenos Aires S.A.,30500001735,Financiero - Bancos,True
0.0,PN43D,0.0,107.2,106.1,0.0,0.0,,0,0.0,-1,,,2037-01-15,107.2,1,30000.0,0.0,USD,105.5,0.0,BYMA,0.0,0.0,0.0,3761,CORP,0.0,0.0,30000.0,,10.2971,0.6,0.5687,53.69,Pan American Energy LLC (PAE Sucursal),30714813583,Energía - Petróleo y Gas,True
0.0,TTCDO,0.0,168200.0,165640.0,0.0,0.0,,0,0.0,-1,,,2030-11-03,168200.0,1,22000.0,0.0,ARS,164680.0,0.0,BYMA,0.0,0.0,0.0,1496,CORP,0.0,0.0,3000.0,,4.0958,960.0,0.5829,53.61,Tecpetrol S.A.,30592665472,Energía - Petróleo y Gas,True
0.0,PN43O,0.0,163180.0,164230.0,0.0,0.0,,0,0.0,-1,,,2037-01-15,163180.0,1,30000.0,0.0,ARS,163260.0,0.0,BYMA,0.0,0.0,0.0,3761,CORP,0.0,0.0,2000.0,,10.2971,970.0,0.5941,53.52,Pan American Energy LLC (PAE Sucursal),30714813583,Energía - Petróleo y Gas,True
0.0,RC2CC,0.0,99.1,99.15,0.0,0.0,,0,0.0,-1,,,2026-10-06,99.1,2,5829.0,0.0,EXT,98.55,0.0,BYMA,0.0,0.0,0.0,7,CORP,0.0,0.0,12557.0,,0.0192,0.6,0.6088,53.41,ARCOR S.A.I.C.,30502793175,,True
0.0,AFCIO,0.0,159780.0,160460.0,0.0,0.0,,0,0.0,-1,,,2026-11-07,159780.0,2,27000.0,0.0,ARS,159420.0,0.0,BYMA,0.0,0.0,0.0,39,CORP,0.0,0.0,36545.0,,0.1068,1040.0,0.6524,53.04,Banco Comafi S.A.,30604731018,Financiero - Bancos,True
0.0,AFCIO,0.0,158000.0,160360.0,0.0,0.0,,0,0.0,-1,,,2026-11-07,158000.0,1,27000.0,0.0,ARS,159300.0,0.0,BYMA,0.0,0.0,0.0,39,CORP,0.0,0.0,42554.0,,0.1068,1060.0,0.6654,53.01,Banco Comafi S.A.,30604731018,Financiero - Bancos,True
0.0,HJCFO,0.0,157300.0,159200.0,0.0,0.0,,0,0.0,-1,,,2026-10-21,157300.0,1,30000.0,0.0,ARS,158140.0,0.0,BYMA,0.0,0.0,0.0,22,CORP,0.0,0.0,42647.0,,0.0602,1060.0,0.6703,52.99,John Deere Credit Cía. Financiera S.A.,30707024859,Financiero - Crédito Industrial,True
0.0,BACHO,0.0,165800.0,164850.0,0.0,0.0,,0,0.0,-1,,,2031-01-28,165800.0,1,30000.0,0.0,ARS,163740.0,0.0,BYMA,0.0,0.0,0.0,1582,CORP,0.0,0.0,40000.0,,4.3313,1110.0,0.6779,52.9,[BAC],,Sin mapear,False
0.0,CS51O,0.0,158200.0,157000.0,0.0,0.0,,0,0.0,-1,,,2027-01-20,158200.0,2,5000.0,0.0,ARS,155910.0,0.0,BYMA,0.0,0.0,0.0,113,CORP,0.0,0.0,37827.0,,0.3094,1090.0,0.6991,52.76,Cresud S.A.C.I.F. y A.,30509300700,Agro - Real Estate,True
0.0,OTS7D,0.0,99.7,99.7,0.0,0.0,,0,0.0,-1,,,2030-09-25,99.7,1,100000.0,0.0,USD,99.0,0.0,BYMA,0.0,0.0,0.0,1457,CORP,0.0,0.0,1.0,,3.989,0.7,0.7071,52.71,[OTS],,Sin mapear,False
0.0,MGCMD,0.0,108.35,106.7,0.0,0.0,,0,0.0,-1,,,2031-09-10,108.35,1,10000.0,0.0,USD,105.95,0.0,BYMA,0.0,0.0,0.0,1807,CORP,0.0,0.0,40000.0,,4.9473,0.75,0.7079,52.69,Pampa Energía S.A.,30526552659,Energía - Electricidad,True
0.0,TLCPC,0.0,106.1,106.35,0.0,0.0,,0,0.0,-1,,,2033-05-28,106.1,1,30000.0,0.0,EXT,105.6,0.0,BYMA,0.0,0.0,0.0,2433,CORP,0.0,0.0,30000.0,,6.6612,0.75,0.7102,52.66,Telecom Argentina S.A.,30639453738,Telecomunicaciones,True
0.0,VSCVC,0.0,107.35,106.05,0.0,0.0,,0,0.0,-1,,,2033-06-10,107.35,1,30000.0,0.0,EXT,105.3,0.0,BYMA,0.0,0.0,0.0,2446,CORP,0.0,0.0,30000.0,,6.6968,0.75,0.7123,52.65,Vista Oil & Gas Argentina S.A.U.,33515950899,Energía - Petróleo y Gas,True
0.0,TLCMC,0.0,108.25,105.6,0.0,0.0,,0,0.0,-1,,,2031-07-18,108.25,1,30000.0,0.0,EXT,104.85,0.0,BYMA,0.0,0.0,0.0,1753,CORP,0.0,0.0,30000.0,,4.7995,0.75,0.7153,52.63,Telecom Argentina S.A.,30639453738,Telecomunicaciones,True
0.0,TSC4D,0.0,106.7,105.3,0.0,0.0,,0,0.0,-1,,,2035-11-20,106.7,1,2000.0,0.0,USD,104.55,0.0,BYMA,0.0,0.0,0.0,3339,CORP,0.0,0.0,3000.0,,9.1417,0.75,0.7174,52.62,[TSC],,Sin mapear,False
0.0,HBCDD,0.0,98.53,102.75,0.0,0.0,,0,0.0,-1,,,2026-11-20,98.53,1,30000.0,0.0,USD,102.0,0.0,BYMA,0.0,0.0,0.0,52,CORP,0.0,0.0,30000.0,,0.1424,0.75,0.7353,52.54,BANCO HIPOTECARIO S.A.,30500011072,,True
0.0,NPCCC,0.0,103.2,102.6,0.0,0.0,,0,0.0,-1,,,2029-08-25,103.2,2,1459.0,0.0,EXT,101.85,0.0,BYMA,0.0,0.0,0.0,1061,CORP,0.0,0.0,305.0,,2.9049,0.75,0.7364,52.51,[NPC],,Sin mapear,False
0.0,MGCMC,0.0,104.025,102.15,0.0,0.0,,0,0.0,-1,,,2031-09-10,104.025,1,30000.0,0.0,EXT,101.4,0.0,BYMA,0.0,0.0,0.0,1807,CORP,0.0,0.0,30000.0,,4.9473,0.75,0.7396,52.48,Pampa Energía S.A.,30526552659,Energía - Electricidad,True
0.0,TSC4O,0.0,164260.0,163070.0,0.0,0.0,,0,0.0,-1,,,2035-11-20,164260.0,1,2000.0,0.0,ARS,161860.0,0.0,BYMA,0.0,0.0,0.0,3339,CORP,0.0,0.0,3000.0,,9.1417,1210.0,0.7476,52.4,[TSC],,Sin mapear,False
0.0,TSC4C,0.0,104.2,100.8,0.0,0.0,,0,0.0,-1,,,2035-11-20,104.2,1,30000.0,0.0,EXT,100.05,0.0,BYMA,0.0,0.0,0.0,3339,CORP,0.0,0.0,30000.0,,9.1417,0.75,0.7496,52.38,[TSC],,Sin mapear,False
0.0,PLC7C,0.0,98.84,97.37,0.0,0.0,,0,0.0,-1,,,2037-09-30,98.84,1,30000.0,0.0,EXT,96.62,0.0,BYMA,0.0,0.0,0.0,4019,CORP,0.0,0.0,30000.0,,11.0034,0.75,0.7762,52.31,Pluspetrol S.A.,30678224010,Energía - Petróleo y Gas,True
0.0,BYZ1D,0.0,100.0,100.5,0.0,0.0,,0,0.0,-1,,,2027-07-30,100.0,2,2500.0,0.0,USD,99.7,0.0,BYMA,0.0,0.0,0.0,304,CORP,0.0,0.0,50000.0,,0.8323,0.8,0.8024,52.16,[BYZ],,Sin mapear,False
0.0,OTS5O,0.0,158690.0,160780.0,0.0,0.0,,0,0.0,-1,,,2026-10-23,158690.0,2,14439.0,0.0,ARS,159450.0,0.0,BYMA,0.0,0.0,0.0,24,CORP,0.0,0.0,2000.0,,0.0657,1330.0,0.8341,52.01,[OTS],,Sin mapear,False
0.0,HBCDO,0.0,158680.0,159150.0,0.0,0.0,,0,0.0,-1,,,2026-11-20,158680.0,2,30000.0,0.0,ARS,157810.0,0.0,BYMA,0.0,0.0,0.0,52,CORP,0.0,0.0,12000.0,,0.1424,1340.0,0.8491,51.88,BANCO HIPOTECARIO S.A.,30500011072,,True
0.0,PN38O,0.0,166580.0,166680.0,0.0,0.0,,0,0.0,-1,,,2027-08-11,166580.0,1,30000.0,0.0,ARS,165260.0,0.0,BYMA,0.0,0.0,0.0,316,CORP,0.0,0.0,1.0,,0.8652,1420.0,0.8593,51.85,Pan American Energy LLC (PAE Sucursal),30714813583,Energía - Petróleo y Gas,True
0.0,PLC3C,0.0,100.5,100.0,0.0,0.0,,0,0.0,-1,,,2028-04-30,100.5,2,17565.0,0.0,EXT,99.12,0.0,BYMA,0.0,0.0,0.0,579,CORP,0.0,0.0,12485.0,,1.5852,0.88,0.8878,51.73,Pluspetrol S.A.,30678224010,Energía - Petróleo y Gas,True
0.0,HBCDO,0.0,154150.0,159040.0,0.0,0.0,,0,0.0,-1,,,2026-11-20,154150.0,1,30000.0,0.0,ARS,157600.0,0.0,BYMA,0.0,0.0,0.0,52,CORP,0.0,0.0,42000.0,,0.1424,1440.0,0.9137,51.64,BANCO HIPOTECARIO S.A.,30500011072,,True
0.0,LMS8D,0.0,51.14,54.0,0.0,0.0,,0,0.0,-1,,,2027-03-21,51.14,2,5000.0,0.0,USD,53.5,0.0,BYMA,0.0,0.0,0.0,173,CORP,0.0,0.0,24215.0,,0.4736,0.5,0.9346,51.59,BLM DESARROLLOS SA,30718221516,,True
0.0,PN38D,0.0,107.6,107.55,0.0,0.0,,0,0.0,-1,,,2027-08-11,107.6,1,20.0,0.0,USD,106.55,0.0,BYMA,0.0,0.0,0.0,316,CORP,0.0,0.0,1.0,,0.8652,1.0,0.9385,51.57,Pan American Energy LLC (PAE Sucursal),30714813583,Energía - Petróleo y Gas,True
0.0,LR8BO,0.0,156040.0,158000.0,0.0,0.0,,0,0.0,-1,,,2028-07-31,156040.0,2,300.0,0.0,ARS,156500.0,0.0,BYMA,0.0,0.0,0.0,671,CORP,0.0,0.0,1100.0,,1.8371,1500.0,0.9585,51.49,LABORATORIOS RICHMOND S.A.C.I.F.,30501152826,,True
0.0,TTC8D,0.0,104.8,104.0,0.0,0.0,,0,0.0,-1,,,2027-10-24,104.8,1,435.0,0.0,USD,103.0,0.0,BYMA,0.0,0.0,0.0,390,CORP,0.0,0.0,1.0,,1.0678,1.0,0.9709,51.45,Tecpetrol S.A.,30592665472,Energía - Petróleo y Gas,True
0.0,CS51D,0.0,102.5,102.0,0.0,0.0,,0,0.0,-1,,,2027-01-20,102.5,1,6000.0,0.0,USD,101.0,0.0,BYMA,0.0,0.0,0.0,113,CORP,0.0,0.0,1.0,,0.3094,1.0,0.9901,51.35,Cresud S.A.C.I.F. y A.,30509300700,Agro - Real Estate,True
0.0,DEC2D,0.0,101.0,101.5,0.0,0.0,,0,0.0,-1,,,2027-02-24,101.0,1,30000.0,0.0,USD,100.5,0.0,BYMA,0.0,0.0,0.0,148,CORP,0.0,0.0,25000.0,,0.4052,1.0,0.995,51.31,Empresa Distrib. de Electricidad Salta S.A.,30690633635,Energía - Electricidad,True
0.0,BYCXO,0.0,156780.0,160000.0,0.0,0.0,,0,0.0,-1,,,2026-12-30,156780.0,2,1000.0,0.0,ARS,158400.0,0.0,BYMA,0.0,0.0,0.0,92,CORP,0.0,0.0,22000.0,,0.2519,1600.0,1.0101,51.23,Banco de Galicia y Buenos Aires S.A.,30500001735,Financiero - Bancos,True
0.0,CIC9D,0.0,102.5,104.75,0.0,0.0,,0,0.0,-1,,,2027-05-21,102.5,2,889.0,0.0,USD,103.7,0.0,BYMA,0.0,0.0,0.0,234,CORP,0.0,0.0,959.0,,0.6407,1.05,1.0125,51.21,CNH INDUSTRIAL CAPITAL ARGENTINA S.A.,30714322938,,True
0.0,LOC5D,0.0,103.55,104.35,0.0,0.0,,0,0.0,-1,,,2027-07-24,103.55,1,7500.0,0.0,USD,103.3,0.0,BYMA,0.0,0.0,0.0,298,CORP,0.0,0.0,10100.0,,0.8159,1.05,1.0165,51.18,[LOC],,Sin mapear,False
0.0,BGC4O,0.0,158040.0,158100.0,0.0,0.0,,0,0.0,-1,,,2026-11-13,158040.0,2,1490.0,0.0,ARS,156500.0,0.0,BYMA,0.0,0.0,0.0,45,CORP,0.0,0.0,1200.0,,0.1232,1600.0,1.0224,51.14,[BGC],,Sin mapear,False
0.0,TBCAD,0.0,101.65,101.65,0.0,0.0,,0,0.0,-1,,,2028-01-03,101.65,2,250000.0,0.0,USD,100.5,0.0,BYMA,0.0,0.0,0.0,461,CORP,0.0,0.0,250000.0,,1.2621,1.15,1.1443,50.81,[TBC],,Sin mapear,False
0.0,PFC2D,0.0,103.35,104.65,0.0,0.0,,0,0.0,-1,,,2027-07-14,103.35,2,948.0,0.0,USD,103.4,0.0,BYMA,0.0,0.0,0.0,288,CORP,0.0,0.0,676.0,,0.7885,1.25,1.2089,50.75,PATAGONIA FRUITS TRADE S.A,30690967541,,True
0.0,YM43O,0.0,154300.0,156600.0,0.0,0.0,,0,0.0,-1,,,2030-04-14,154300.0,1,6717.0,0.0,ARS,154680.0,0.0,BYMA,0.0,0.0,0.0,1293,CORP,0.0,0.0,1931.0,,3.54,1920.0,1.2413,50.65,YPF S.A.,30546689979,Energía - Petróleo y Gas,True
0.0,FO4AO,0.0,153000.0,162000.0,0.0,0.0,,0,0.0,-1,,,2028-07-20,153000.0,2,2515.0,0.0,ARS,160000.0,0.0,BYMA,0.0,0.0,0.0,660,CORP,0.0,0.0,2000.0,,1.807,2000.0,1.25,50.64,[FO4],,Sin mapear,False
0.0,VSCTO,0.0,164400.0,162710.0,0.0,0.0,,0,0.0,-1,,,2035-12-10,164400.0,1,10000.0,0.0,ARS,160670.0,0.0,BYMA,0.0,0.0,0.0,3359,CORP,0.0,0.0,10000.0,,9.1964,2040.0,1.2697,50.61,Vista Oil & Gas Argentina S.A.U.,33515950899,Energía - Petróleo y Gas,True
0.0,SBC1O,0.0,94430.0,94140.0,0.0,0.0,,0,0.0,-1,,,2027-09-05,94430.0,1,500.0,0.0,ARS,92950.0,0.0,BYMA,0.0,0.0,0.0,341,CORP,0.0,0.0,1.0,,0.9336,1190.0,1.2803,50.58,SAN BAUTISTA DEL SUR SA,30715659340,,True
0.0,YFCJC,0.0,103.0,103.3,0.0,0.0,,0,0.0,-1,,,2032-10-16,103.0,2,4000.0,0.0,EXT,101.95,0.0,BYMA,0.0,0.0,0.0,2209,CORP,0.0,0.0,101000.0,,6.0479,1.35,1.3242,50.53,YPF Energía Eléctrica S.A.,30714128309,Energía - Electricidad,True
0.0,GN49O,0.0,164200.0,163290.0,0.0,0.0,,0,0.0,-1,,,2033-12-02,164200.0,1,1000.0,0.0,ARS,161150.0,0.0,BYMA,0.0,0.0,0.0,2621,CORP,0.0,0.0,4000.0,,7.1759,2140.0,1.328,50.51,Genneia S.A.,30665234114,Energía - Renovable,True
0.0,MR46C,0.0,78.48,76.88,0.0,0.0,,0,0.0,-1,,,2034-12-31,78.48,1,30000.0,0.0,EXT,75.87,0.0,BYMA,0.0,0.0,0.0,3015,CORP,0.0,0.0,30000.0,,8.2546,1.01,1.3312,50.5,Generación Mediterránea / Central Térmica Roca S.A.,33711944899,Energía - Electricidad,True
0.0,JNC7D,0.0,100.0,101.5,0.0,0.0,,0,0.0,-1,,,2028-06-25,100.0,2,1100.0,0.0,USD,100.15,0.0,BYMA,0.0,0.0,0.0,635,CORP,0.0,0.0,20.0,,1.7385,1.35,1.348,50.47,[JNC],,Sin mapear,False
0.0,CS47D,0.0,103.75,106.0,0.0,0.0,,0,0.0,-1,,,2028-11-15,103.75,1,114.0,0.0,USD,104.55,0.0,BYMA,0.0,0.0,0.0,778,CORP,0.0,0.0,1.0,,2.13,1.45,1.3869,50.39,Cresud S.A.C.I.F. y A.,30509300700,Agro - Real Estate,True
0.0,TLCOD,0.0,104.75,105.4,0.0,0.0,,0,0.0,-1,,,2028-11-28,104.75,1,1000.0,0.0,USD,103.95,0.0,BYMA,0.0,0.0,0.0,791,CORP,0.0,0.0,1.0,,2.1656,1.45,1.3949,50.34,Telecom Argentina S.A.,30639453738,Telecomunicaciones,True
0.0,TTC9D,0.0,105.85,108.0,0.0,0.0,,0,0.0,-1,,,2029-10-24,105.85,1,632.0,0.0,USD,106.5,0.0,BYMA,0.0,0.0,0.0,1121,CORP,0.0,0.0,1.0,,3.0691,1.5,1.4085,50.33,Tecpetrol S.A.,30592665472,Energía - Petróleo y Gas,True
0.0,PLC2C,0.0,101.55,103.1,0.0,0.0,,0,0.0,-1,,,2030-01-27,101.55,2,200.0,0.0,EXT,101.65,0.0,BYMA,0.0,0.0,0.0,1216,CORP,0.0,0.0,50000.0,,3.3292,1.45,1.4265,50.29,Pluspetrol S.A.,30678224010,Energía - Petróleo y Gas,True
0.0,DEC2O,0.0,155620.0,157110.0,0.0,0.0,,0,0.0,-1,,,2027-02-24,155620.0,1,30000.0,0.0,ARS,154840.0,0.0,BYMA,0.0,0.0,0.0,148,CORP,0.0,0.0,16145.0,,0.4052,2270.0,1.466,50.2,Empresa Distrib. de Electricidad Salta S.A.,30690633635,Energía - Electricidad,True
0.0,VSCUD,0.0,105.0,109.0,0.0,0.0,,0,0.0,-1,,,2030-03-07,105.0,1,1225.0,0.0,USD,107.4,0.0,BYMA,0.0,0.0,0.0,1255,CORP,0.0,0.0,1.0,,3.436,1.6,1.4898,50.14,Vista Oil & Gas Argentina S.A.U.,33515950899,Energía - Petróleo y Gas,True
0.0,PLC5D,0.0,107.1,108.7,0.0,0.0,,0,0.0,-1,,,2031-05-18,107.1,1,30000.0,0.0,USD,107.1,0.0,BYMA,0.0,0.0,0.0,1692,CORP,0.0,0.0,2000.0,,4.6324,1.6,1.4939,50.12,Pluspetrol S.A.,30678224010,Energía - Petróleo y Gas,True
0.0,OT42D,0.0,103.5,107.95,0.0,0.0,,0,0.0,-1,,,2030-01-17,103.5,1,990.0,0.0,USD,106.35,0.0,BYMA,0.0,0.0,0.0,1206,CORP,0.0,0.0,1.0,,3.3018,1.6,1.5045,50.06,[OT4],,Sin mapear,False
0.0,CS47O,0.0,162500.0,165000.0,0.0,0.0,,0,0.0,-1,,,2028-11-15,162500.0,1,1600.0,0.0,ARS,162500.0,0.0,BYMA,0.0,0.0,0.0,778,CORP,0.0,0.0,1.0,,2.13,2500.0,1.5385,50.05,Cresud S.A.C.I.F. y A.,30509300700,Agro - Real Estate,True
0.0,CS53O,0.0,157900.0,157510.0,0.0,0.0,,0,0.0,-1,,,2030-04-30,157900.0,1,1315.0,0.0,ARS,155070.0,0.0,BYMA,0.0,0.0,0.0,1309,CORP,0.0,0.0,3641.0,,3.5838,2440.0,1.5735,50.0,Cresud S.A.C.I.F. y A.,30509300700,Agro - Real Estate,True
0.0,PFC2O,0.0,160000.0,161500.0,0.0,0.0,,0,0.0,-1,,,2027-07-14,160000.0,2,499.0,0.0,ARS,158980.0,0.0,BYMA,0.0,0.0,0.0,288,CORP,0.0,0.0,776.0,,0.7885,2520.0,1.5851,49.95,PATAGONIA FRUITS TRADE S.A,30690967541,,True
0.0,VSCTD,0.0,106.95,105.25,0.0,0.0,,0,0.0,-1,,,2035-12-10,106.95,1,20000.0,0.0,USD,103.6,0.0,BYMA,0.0,0.0,0.0,3359,CORP,0.0,0.0,20000.0,,9.1964,1.65,1.5927,49.92,Vista Oil & Gas Argentina S.A.U.,33515950899,Energía - Petróleo y Gas,True
0.0,JNC6O,0.0,160000.0,165000.0,0.0,0.0,,0,0.0,-1,,,2027-10-03,160000.0,2,18996.0,0.0,ARS,162410.0,0.0,BYMA,0.0,0.0,0.0,369,CORP,0.0,0.0,600.0,,1.0103,2590.0,1.5947,49.91,[JNC],,Sin mapear,False
0.0,SBC3O,0.0,158250.0,159800.0,0.0,0.0,,0,0.0,-1,,,2029-05-26,158250.0,2,6052.0,0.0,ARS,157210.0,0.0,BYMA,0.0,0.0,0.0,970,CORP,0.0,0.0,6000.0,,2.6557,2590.0,1.6475,49.75,SAN BAUTISTA DEL SUR SA,30715659340,,True
0.0,RC5CD,0.0,101.75,101.75,0.0,0.0,,0,0.0,-1,,,2029-05-21,101.75,2,1.0,0.0,USD,100.1,0.0,BYMA,0.0,0.0,0.0,965,CORP,0.0,0.0,4000.0,,2.642,1.65,1.6484,49.71,ARCOR S.A.I.C.,30502793175,,True
0.0,OTS2O,0.0,160500.0,160500.0,0.0,0.0,,0,0.0,-1,,,2027-04-24,160500.0,1,226.0,0.0,ARS,157870.0,0.0,BYMA,0.0,0.0,0.0,207,CORP,0.0,0.0,1.0,,0.5667,2630.0,1.6659,49.66,[OTS],,Sin mapear,False
0.0,CWCAD,0.0,100.45,100.65,0.0,0.0,,0,0.0,-1,,,2029-09-03,100.45,2,1000.0,0.0,USD,99.0,0.0,BYMA,0.0,0.0,0.0,1070,CORP,0.0,0.0,500.0,,2.9295,1.65,1.6667,49.64,CROWN POINT ENERGIA S.A.,30709346268,,True
0.0,BF39D,0.0,101.0,103.0,0.0,0.0,,0,0.0,-1,,,2026-12-05,101.0,1,2950.0,0.0,USD,101.3,0.0,BYMA,0.0,0.0,0.0,67,CORP,0.0,0.0,1800.0,,0.1834,1.7,1.6782,49.62,Banco BBVA Argentina S.A.,30500003193,Financiero - Bancos,True
0.0,VAC3P,0.0,153000.0,156120.0,0.0,0.0,,0,0.0,-1,,,2027-10-27,153000.0,2,876.0,0.0,ARS,153500.0,0.0,BYMA,0.0,0.0,0.0,393,CORP,0.0,0.0,1000.0,,1.076,2620.0,1.7068,49.55,[VAC],,Sin mapear,False
0.0,YFCNC,0.0,99.41,99.58,0.0,0.0,,0,0.0,-1,,,2026-10-03,99.41,2,1250.0,0.0,EXT,97.89,0.0,BYMA,0.0,0.0,0.0,4,CORP,0.0,0.0,50000.0,,0.011,1.69,1.7264,49.48,YPF Energía Eléctrica S.A.,30714128309,Energía - Electricidad,True
0.0,PLC3D,0.0,103.55,105.75,0.0,0.0,,0,0.0,-1,,,2028-04-30,103.55,1,1.0,0.0,USD,103.95,0.0,BYMA,0.0,0.0,0.0,579,CORP,0.0,0.0,1.0,,1.5852,1.8,1.7316,49.45,Pluspetrol S.A.,30678224010,Energía - Petróleo y Gas,True
0.0,CS51D,0.0,102.0,102.75,0.0,0.0,,0,0.0,-1,,,2027-01-20,102.0,2,6459.0,0.0,USD,101.0,0.0,BYMA,0.0,0.0,0.0,113,CORP,0.0,0.0,29000.0,,0.3094,1.75,1.7327,49.42,Cresud S.A.C.I.F. y A.,30509300700,Agro - Real Estate,True
0.0,BYCHC,0.0,105.8,105.4,0.0,0.0,,0,0.0,-1,,,2028-10-10,105.8,2,22000.0,0.0,EXT,103.6,0.0,BYMA,0.0,0.0,0.0,742,CORP,0.0,0.0,4000.0,,2.0315,1.8,1.7375,49.39,Banco de Galicia y Buenos Aires S.A.,30500001735,Financiero - Bancos,True
0.0,PLC6O,0.0,161600.0,165400.0,0.0,0.0,,0,0.0,-1,,,2029-02-27,161600.0,1,1442.0,0.0,ARS,162530.0,0.0,BYMA,0.0,0.0,0.0,882,CORP,0.0,0.0,1.0,,2.4148,2870.0,1.7658,49.33,Pluspetrol S.A.,30678224010,Energía - Petróleo y Gas,True
0.0,IRCJD,0.0,101.1,103.7,0.0,0.0,,0,0.0,-1,,,2027-02-28,101.1,1,4600.0,0.0,USD,101.9,0.0,BYMA,0.0,0.0,0.0,152,CORP,0.0,0.0,1.0,,0.4162,1.8,1.7664,49.31,IRSA Inversiones y Representaciones S.A.,30524688673,Real Estate,True
0.0,MIC6C,0.0,94.63,96.17,0.0,0.0,,0,0.0,-1,,,2028-05-28,94.63,2,12860.0,0.0,EXT,94.44,0.0,BYMA,0.0,0.0,0.0,607,CORP,0.0,0.0,10000.0,,1.6619,1.73,1.8319,49.16,MIRGOR S.A.,30578036071,,True
0.0,TTCAD,0.0,105.8,105.45,0.0,0.0,,0,0.0,-1,,,2033-01-22,105.8,1,10000.0,0.0,USD,103.55,0.0,BYMA,0.0,0.0,0.0,2307,CORP,0.0,0.0,1000.0,,6.3162,1.9,1.8349,49.14,Tecpetrol S.A.,30592665472,Energía - Petróleo y Gas,True
0.0,YM43C,0.0,97.39,96.96,0.0,0.0,,0,0.0,-1,,,2030-04-14,97.39,2,4987.0,0.0,EXT,95.2,0.0,BYMA,0.0,0.0,0.0,1293,CORP,0.0,0.0,1931.0,,3.54,1.76,1.8487,49.11,YPF S.A.,30546689979,Energía - Petróleo y Gas,True
0.0,FO4AD,0.0,102.05,103.4,0.0,0.0,,0,0.0,-1,,,2028-07-20,102.05,2,1313.0,0.0,USD,101.5,0.0,BYMA,0.0,0.0,0.0,660,CORP,0.0,0.0,5000.0,,1.807,1.9,1.8719,49.05,[FO4],,Sin mapear,False
0.0,GN43D,0.0,101.4247,103.0,0.0,0.0,,0,0.0,-1,,,2027-03-08,101.4247,1,550.0,0.0,USD,101.1,0.0,BYMA,0.0,0.0,0.0,160,CORP,0.0,0.0,1187.0,,0.4381,1.9,1.8793,49.02,Genneia S.A.,30665234114,Energía - Renovable,True
0.0,LOC5O,0.0,159800.0,163660.0,0.0,0.0,,0,0.0,-1,,,2027-07-24,159800.0,1,7500.0,0.0,ARS,160640.0,0.0,BYMA,0.0,0.0,0.0,298,CORP,0.0,0.0,3100.0,,0.8159,3020.0,1.88,49.0,[LOC],,Sin mapear,False
0.0,OTS5C,0.0,99.71,100.25,0.0,0.0,,0,0.0,-1,,,2026-10-23,99.71,2,12361.0,0.0,EXT,98.39,0.0,BYMA,0.0,0.0,0.0,24,CORP,0.0,0.0,52000.0,,0.0657,1.86,1.8904,48.97,[OTS],,Sin mapear,False
0.0,CS51O,0.0,159200.0,158890.0,0.0,0.0,,0,0.0,-1,,,2027-01-20,159200.0,1,6000.0,0.0,ARS,155940.0,0.0,BYMA,0.0,0.0,0.0,113,CORP,0.0,0.0,1.0,,0.3094,2950.0,1.8918,48.95,Cresud S.A.C.I.F. y A.,30509300700,Agro - Real Estate,True
0.0,PFC4D,0.0,98.0,99.0,0.0,0.0,,0,0.0,-1,,,2030-02-28,98.0,2,700.0,0.0,USD,97.15,0.0,BYMA,0.0,0.0,0.0,1248,CORP,0.0,0.0,20.0,,3.4168,1.85,1.9043,48.94,PATAGONIA FRUITS TRADE S.A,30690967541,,True
0.0,YFCKO,0.0,156120.0,158990.0,0.0,0.0,,0,0.0,-1,,,2026-11-21,156120.0,1,5.0,0.0,ARS,156010.0,0.0,BYMA,0.0,0.0,0.0,53,CORP,0.0,0.0,99.0,,0.1451,2980.0,1.9101,48.91,YPF Energía Eléctrica S.A.,30714128309,Energía - Electricidad,True
0.0,CS50C,0.0,98.7,98.32,0.0,0.0,,0,0.0,-1,,,2029-03-10,98.7,2,129.0,0.0,EXT,96.45,0.0,BYMA,0.0,0.0,0.0,893,CORP,0.0,0.0,300.0,,2.4449,1.87,1.9388,48.89,Cresud S.A.C.I.F. y A.,30509300700,Agro - Real Estate,True
0.0,OLC6O,0.0,170550.0,168490.0,0.0,0.0,,0,0.0,-1,,,2029-06-05,170550.0,1,3000.0,0.0,ARS,165220.0,0.0,BYMA,0.0,0.0,0.0,980,CORP,0.0,0.0,1.0,,2.6831,3270.0,1.9792,48.8,OLEODUCTOS DEL VALLE S.A.,30658840165,,True
0.0,YFCNO,0.0,159920.0,162000.0,0.0,0.0,,0,0.0,-1,,,2026-10-03,159920.0,1,17031.0,0.0,ARS,158790.0,0.0,BYMA,0.0,0.0,0.0,4,CORP,0.0,0.0,3148.0,,0.011,3210.0,2.0215,48.74,YPF Energía Eléctrica S.A.,30714128309,Energía - Electricidad,True
0.0,EMC1D,0.0,103.4,105.0,0.0,0.0,,0,0.0,-1,,,2027-07-04,103.4,1,1100.0,0.0,USD,102.9,0.0,BYMA,0.0,0.0,0.0,278,CORP,0.0,0.0,1.0,,0.7611,2.1,2.0408,48.71,[EMC],,Sin mapear,False
0.0,YFCPO,0.0,153000.0,154000.0,0.0,0.0,,0,0.0,-1,,,2029-08-18,153000.0,2,1494.0,0.0,ARS,150910.0,0.0,BYMA,0.0,0.0,0.0,1054,CORP,0.0,0.0,100.0,,2.8857,3090.0,2.0476,48.69,YPF Energía Eléctrica S.A.,30714128309,Energía - Electricidad,True
0.0,NPCDO,0.0,163090.0,160240.0,0.0,0.0,,0,0.0,-1,,,2030-04-30,163090.0,1,400.0,0.0,ARS,157000.0,0.0,BYMA,0.0,0.0,0.0,1309,CORP,0.0,0.0,1.0,,3.5838,3240.0,2.0637,48.63,[NPC],,Sin mapear,False
0.0,OLC5O,0.0,164920.0,168000.0,0.0,0.0,,0,0.0,-1,,,2028-06-12,164920.0,1,501.0,0.0,ARS,164600.0,0.0,BYMA,0.0,0.0,0.0,622,CORP,0.0,0.0,1.0,,1.7029,3400.0,2.0656,48.61,OLEODUCTOS DEL VALLE S.A.,30658840165,,True
0.0,JNC6D,0.0,108.35,108.2,0.0,0.0,,0,0.0,-1,,,2027-10-03,108.35,2,12596.0,0.0,USD,106.0,0.0,BYMA,0.0,0.0,0.0,369,CORP,0.0,0.0,500.0,,1.0103,2.2,2.0755,48.6,[JNC],,Sin mapear,False
0.0,PNXCO,0.0,177560.0,178970.0,0.0,0.0,,0,0.0,-1,,,2032-04-30,177560.0,1,5000.0,0.0,ARS,175310.0,0.0,BYMA,0.0,0.0,0.0,2040,CORP,0.0,0.0,30000.0,,5.5852,3660.0,2.0877,48.53,Pan American Energy LLC (PAE Sucursal),30714813583,Energía - Petróleo y Gas,True
0.0,SBC1D,0.0,60.5,60.5,0.0,0.0,,0,0.0,-1,,,2027-09-05,60.5,1,500.0,0.0,USD,59.25,0.0,BYMA,0.0,0.0,0.0,341,CORP,0.0,0.0,1.0,,0.9336,1.25,2.1097,48.49,SAN BAUTISTA DEL SUR SA,30715659340,,True
0.0,TTC8C,0.0,99.26,99.96,0.0,0.0,,0,0.0,-1,,,2027-10-24,99.26,2,6550.0,0.0,EXT,97.89,0.0,BYMA,0.0,0.0,0.0,390,CORP,0.0,0.0,9856.0,,1.0678,2.07,2.1146,48.47,Tecpetrol S.A.,30592665472,Energía - Petróleo y Gas,True
0.0,BYCHD,0.0,110.5,110.35,0.0,0.0,,0,0.0,-1,,,2028-10-10,110.5,1,4000.0,0.0,USD,108.05,0.0,BYMA,0.0,0.0,0.0,742,CORP,0.0,0.0,2000.0,,2.0315,2.3,2.1286,48.44,Banco de Galicia y Buenos Aires S.A.,30500001735,Financiero - Bancos,True
0.0,IRCQD,0.0,100.9,103.0,0.0,0.0,,0,0.0,-1,,,2027-06-08,100.9,1,2380.0,0.0,USD,100.8,0.0,BYMA,0.0,0.0,0.0,252,CORP,0.0,0.0,1.0,,0.6899,2.2,2.1825,48.35,IRSA Inversiones y Representaciones S.A.,30524688673,Real Estate,True
0.0,ZPC2D,0.0,99.8,102.8,0.0,0.0,,0,0.0,-1,,,2027-06-02,99.8,2,1223.0,0.0,USD,100.6,0.0,BYMA,0.0,0.0,0.0,246,CORP,0.0,0.0,20.0,,0.6735,2.2,2.1869,48.33,PLAZA LOGISTICA S.R.L.,30655942382,,True
0.0,ZZC1D,0.0,101.5,102.5,0.0,0.0,,0,0.0,-1,,,2027-02-21,101.5,1,250.0,0.0,USD,100.3,0.0,BYMA,0.0,0.0,0.0,145,CORP,0.0,0.0,200.0,,0.397,2.2,2.1934,48.32,[ZZC],,Sin mapear,False
0.0,PN37C,0.0,101.15,100.85,0.0,0.0,,0,0.0,-1,,,2028-11-13,101.15,2,599.0,0.0,EXT,98.66,0.0,BYMA,0.0,0.0,0.0,776,CORP,0.0,0.0,2416.0,,2.1246,2.19,2.2197,48.25,Pan American Energy LLC (PAE Sucursal),30714813583,Energía - Petróleo y Gas,True
0.0,OT42O,0.0,161500.0,167890.0,0.0,0.0,,0,0.0,-1,,,2030-01-17,161500.0,1,990.0,0.0,ARS,164220.0,0.0,BYMA,0.0,0.0,0.0,1206,CORP,0.0,0.0,1.0,,3.3018,3670.0,2.2348,48.22,[OT4],,Sin mapear,False
0.0,OZC3D,0.0,102.1,104.9,0.0,0.0,,0,0.0,-1,,,2027-11-29,102.1,1,2900.0,0.0,USD,102.6,0.0,BYMA,0.0,0.0,0.0,426,CORP,0.0,0.0,2002.0,,1.1663,2.3,2.2417,48.21,EMPRESA DISTRIB DE ELECTRICIDAD DE MENDOZA S.A.,30699542454,,True
0.0,MCC1D,0.0,101.75,101.75,0.0,0.0,,0,0.0,-1,,,2029-03-10,101.75,1,30000.0,0.0,USD,99.5,0.0,BYMA,0.0,0.0,0.0,893,CORP,0.0,0.0,1000.0,,2.4449,2.25,2.2613,48.19,[MCC],,Sin mapear,False
0.0,WBS3O,0.0,155057.1456,158500.0,0.0,0.0,,0,0.0,-1,,,2027-07-06,155057.1456,2,24000.0,0.0,ARS,154990.0,0.0,BYMA,0.0,0.0,0.0,280,CORP,0.0,0.0,25000.0,,0.7666,3510.0,2.2647,48.16,BANCO MARIVA S.A.,30516420444,,True
0.0,OZC8O,0.0,155800.0,157500.0,0.0,0.0,,0,0.0,-1,,,2033-06-11,155800.0,2,14000.0,0.0,ARS,154000.0,0.0,BYMA,0.0,0.0,0.0,2447,CORP,0.0,0.0,10000.0,,6.6995,3500.0,2.2727,48.14,EMPRESA DISTRIB DE ELECTRICIDAD DE MENDOZA S.A.,30699542454,,True
0.0,MGCTC,0.0,97.86,99.02,0.0,0.0,,0,0.0,-1,,,2029-04-01,97.86,2,1000.0,0.0,EXT,96.8,0.0,BYMA,0.0,0.0,0.0,915,CORP,0.0,0.0,12000.0,,2.5051,2.22,2.2934,48.1,Pampa Energía S.A.,30526552659,Energía - Electricidad,True
0.0,HJCGO,0.0,159470.0,163130.0,0.0,0.0,,0,0.0,-1,,,2028-10-21,159470.0,2,2705.0,0.0,ARS,159470.0,0.0,BYMA,0.0,0.0,0.0,753,CORP,0.0,0.0,1200.0,,2.0616,3660.0,2.2951,48.08,John Deere Credit Cía. Financiera S.A.,30707024859,Financiero - Crédito Industrial,True
0.0,VSCIO,0.0,152000.0,155500.0,0.0,0.0,,0,0.0,-1,,,2026-12-06,152000.0,2,342.0,0.0,ARS,152000.0,0.0,BYMA,0.0,0.0,0.0,68,CORP,0.0,0.0,151.0,,0.1862,3500.0,2.3026,48.07,Vista Oil & Gas Argentina S.A.U.,33515950899,Energía - Petróleo y Gas,True
0.0,OT42C,0.0,102.75,102.7,0.0,0.0,,0,0.0,-1,,,2030-01-17,102.75,2,604.0,0.0,EXT,100.35,0.0,BYMA,0.0,0.0,0.0,1206,CORP,0.0,0.0,476.0,,3.3018,2.35,2.3418,48.02,[OT4],,Sin mapear,False
0.0,SIC1D,0.0,101.8,102.6,0.0,0.0,,0,0.0,-1,,,2026-12-09,101.8,1,1000.0,0.0,USD,100.25,0.0,BYMA,0.0,0.0,0.0,71,CORP,0.0,0.0,2000.0,,0.1944,2.35,2.3441,48.0,[SIC],,Sin mapear,False
0.0,RCCRD,0.0,104.5,106.95,0.0,0.0,,0,0.0,-1,,,2027-05-09,104.5,1,4260.0,0.0,USD,104.5,0.0,BYMA,0.0,0.0,0.0,222,CORP,0.0,0.0,1.0,,0.6078,2.45,2.3445,47.99,Arcor S.A.I.C.,30502793175,Consumo - Alimentos,True
0.0,PLC6C,0.0,99.74,101.95,0.0,0.0,,0,0.0,-1,,,2029-02-27,99.74,2,3775.0,0.0,EXT,99.61,0.0,BYMA,0.0,0.0,0.0,882,CORP,0.0,0.0,10000.0,,2.4148,2.34,2.3492,47.97,Pluspetrol S.A.,30678224010,Energía - Petróleo y Gas,True
0.0,ZPC3D,0.0,103.9,103.5,0.0,0.0,,0,0.0,-1,,,2027-09-03,103.9,2,300.0,0.0,USD,101.1,0.0,BYMA,0.0,0.0,0.0,339,CORP,0.0,0.0,10.0,,0.9281,2.4,2.3739,47.91,PLAZA LOGISTICA S.R.L.,30655942382,,True
0.0,MGCNC,0.0,102.35,101.3,0.0,0.0,,0,0.0,-1,,,2028-10-04,102.35,2,7955.0,0.0,EXT,98.94,0.0,BYMA,0.0,0.0,0.0,736,CORP,0.0,0.0,1000.0,,2.0151,2.36,2.3853,47.9,Pampa Energía S.A.,30526552659,Energía - Electricidad,True
0.0,CS47C,0.0,100.65,101.25,0.0,0.0,,0,0.0,-1,,,2028-11-15,100.65,2,7388.0,0.0,EXT,98.88,0.0,BYMA,0.0,0.0,0.0,778,CORP,0.0,0.0,12000.0,,2.13,2.37,2.3968,47.86,Cresud S.A.C.I.F. y A.,30509300700,Agro - Real Estate,True
0.0,SBC2O,0.0,145800.0,149000.0,0.0,0.0,,0,0.0,-1,,,2029-01-16,145800.0,1,2000.0,0.0,ARS,145500.0,0.0,BYMA,0.0,0.0,0.0,840,CORP,0.0,0.0,1.0,,2.2998,3500.0,2.4055,47.85,SAN BAUTISTA DEL SUR SA,30715659340,,True
0.0,OTS2C,0.0,95.26,98.43,0.0,0.0,,0,0.0,-1,,,2027-04-24,95.26,2,1327.0,0.0,EXT,96.09,0.0,BYMA,0.0,0.0,0.0,207,CORP,0.0,0.0,1000.0,,0.5667,2.34,2.4352,47.79,[OTS],,Sin mapear,False
0.0,PQCRD,0.0,101.5,102.95,0.0,0.0,,0,0.0,-1,,,2028-10-22,101.5,2,556.0,0.0,USD,100.5,0.0,BYMA,0.0,0.0,0.0,754,CORP,0.0,0.0,438.0,,2.0643,2.45,2.4378,47.77,Petroquímica Comodoro Rivadavia S.A.,30563598111,Industria - Petroquímica,True
0.0,YM40D,0.0,106.4,106.4,0.0,0.0,,0,0.0,-1,,,2028-08-28,106.4,1,612.0,0.0,USD,103.85,0.0,BYMA,0.0,0.0,0.0,699,CORP,0.0,0.0,5000.0,,1.9138,2.55,2.4555,47.75,YPF S.A.,30546689979,Energía - Petróleo y Gas,True
0.0,YFCMC,0.0,96.63,98.98,0.0,0.0,,0,0.0,-1,,,2027-05-20,96.63,2,935.0,0.0,EXT,96.6,0.0,BYMA,0.0,0.0,0.0,233,CORP,0.0,0.0,100000.0,,0.6379,2.38,2.4638,47.74,YPF Energía Eléctrica S.A.,30714128309,Energía - Electricidad,True
0.0,LR8BD,0.0,103.45,103.5,0.0,0.0,,0,0.0,-1,,,2028-07-31,103.45,2,150.0,0.0,USD,101.0,0.0,BYMA,0.0,0.0,0.0,671,CORP,0.0,0.0,20.0,,1.8371,2.5,2.4752,47.71,LABORATORIOS RICHMOND S.A.C.I.F.,30501152826,,True
0.0,T672O,0.0,153000.0,160900.0,0.0,0.0,,0,0.0,-1,,,2027-02-22,153000.0,2,400.0,0.0,ARS,157000.0,0.0,BYMA,0.0,0.0,0.0,146,CORP,0.0,0.0,10000.0,,0.3997,3900.0,2.4841,47.69,Tarjeta Naranja S.A.U.,30685376349,Financiero - Consumo,True
0.0,ZZC1O,0.0,156540.0,159490.0,0.0,0.0,,0,0.0,-1,,,2027-02-21,156540.0,1,1159.0,0.0,ARS,155620.0,0.0,BYMA,0.0,0.0,0.0,145,CORP,0.0,0.0,100.0,,0.397,3870.0,2.4868,47.68,[ZZC],,Sin mapear,False
0.0,OT41D,0.0,104.0,103.0,0.0,0.0,,0,0.0,-1,,,2028-01-17,104.0,2,1880.0,0.0,USD,100.5,0.0,BYMA,0.0,0.0,0.0,475,CORP,0.0,0.0,4099.0,,1.3005,2.5,2.4876,47.65,[OT4],,Sin mapear,False
0.0,VSCPC,0.0,105.15,105.0,0.0,0.0,,0,0.0,-1,,,2029-05-03,105.15,2,59786.0,0.0,EXT,102.45,0.0,BYMA,0.0,0.0,0.0,947,CORP,0.0,0.0,5366.0,,2.5927,2.55,2.489,47.63,Vista Oil & Gas Argentina S.A.U.,33515950899,Energía - Petróleo y Gas,True
0.0,CICAO,0.0,160610.0,163900.0,0.0,0.0,,0,0.0,-1,,,2028-06-03,160610.0,1,3811.0,0.0,ARS,159810.0,0.0,BYMA,0.0,0.0,0.0,613,CORP,0.0,0.0,39.0,,1.6783,4090.0,2.5593,47.52,CNH INDUSTRIAL CAPITAL ARGENTINA S.A.,30714322938,,True
0.0,YM41D,0.0,103.0,104.0,0.0,0.0,,0,0.0,-1,,,2027-01-08,103.0,1,7500.0,0.0,USD,101.4,0.0,BYMA,0.0,0.0,0.0,101,CORP,0.0,0.0,700.0,,0.2765,2.6,2.5641,47.51,YPF S.A.,30546689979,Energía - Petróleo y Gas,True
0.0,YMCYC,0.0,99.8,100.55,0.0,0.0,,0,0.0,-1,,,2028-10-10,99.8,2,8730.0,0.0,EXT,98.03,0.0,BYMA,0.0,0.0,0.0,742,CORP,0.0,0.0,502.0,,2.0315,2.52,2.5706,47.49,YPF S.A.,30546689979,Energía - Petróleo y Gas,True
0.0,YM38C,0.0,100.0,100.5,0.0,0.0,,0,0.0,-1,,,2027-07-22,100.0,2,6596.0,0.0,EXT,97.98,0.0,BYMA,0.0,0.0,0.0,296,CORP,0.0,0.0,1107.0,,0.8104,2.52,2.572,47.47,YPF S.A.,30546689979,Energía - Petróleo y Gas,True
0.0,BYCHO,0.0,167860.0,169970.0,0.0,0.0,,0,0.0,-1,,,2028-10-10,167860.0,1,2000.0,0.0,ARS,165690.0,0.0,BYMA,0.0,0.0,0.0,742,CORP,0.0,0.0,4000.0,,2.0315,4280.0,2.5831,47.46,Banco de Galicia y Buenos Aires S.A.,30500001735,Financiero - Bancos,True
0.0,PUC2O,0.0,152000.0,156000.0,0.0,0.0,,0,0.0,-1,,,2027-08-28,152000.0,2,200.0,0.0,ARS,152050.0,0.0,BYMA,0.0,0.0,0.0,333,CORP,0.0,0.0,50.0,,0.9117,3950.0,2.5978,47.41,[PUC],,Sin mapear,False
0.0,CS52O,0.0,155300.0,156590.0,0.0,0.0,,0,0.0,-1,,,2028-04-30,155300.0,1,684.0,0.0,ARS,152620.0,0.0,BYMA,0.0,0.0,0.0,579,CORP,0.0,0.0,1595.0,,1.5852,3970.0,2.6012,47.4,Cresud S.A.C.I.F. y A.,30509300700,Agro - Real Estate,True
0.0,IRCND,0.0,104.3,104.35,0.0,0.0,,0,0.0,-1,,,2027-10-23,104.3,1,5000.0,0.0,USD,101.7,0.0,BYMA,0.0,0.0,0.0,389,CORP,0.0,0.0,1000.0,,1.065,2.65,2.6057,47.38,IRSA Inversiones y Representaciones S.A.,30524688673,Real Estate,True
0.0,TT1AO,0.0,161900.0,162730.0,0.0,0.0,,0,0.0,-1,,,2033-01-22,161900.0,1,30000.0,0.0,ARS,158510.0,0.0,BYMA,0.0,0.0,0.0,2307,CORP,0.0,0.0,30000.0,,6.3162,4220.0,2.6623,47.27,[TT1],,Sin mapear,False
0.0,YMCZC,0.0,103.15,104.75,0.0,0.0,,0,0.0,-1,,,2028-10-10,103.15,2,100400.0,0.0,EXT,102.0,0.0,BYMA,0.0,0.0,0.0,742,CORP,0.0,0.0,150000.0,,2.0315,2.75,2.6961,47.19,YPF S.A.,30546689979,Energía - Petróleo y Gas,True
0.0,VSCZC,0.0,94.57,97.12,0.0,0.0,,0,0.0,-1,,,2029-07-16,94.57,2,1063.0,0.0,EXT,94.5,0.0,BYMA,0.0,0.0,0.0,1021,CORP,0.0,0.0,1603.0,,2.7953,2.62,2.7725,47.16,Vista Oil & Gas Argentina S.A.U.,33515950899,Energía - Petróleo y Gas,True
0.0,STCFD,0.0,102.45,101.75,0.0,0.0,,0,0.0,-1,,,2027-02-18,102.45,2,2219.0,0.0,USD,99.0,0.0,BYMA,0.0,0.0,0.0,142,CORP,0.0,0.0,2000.0,,0.3888,2.75,2.7778,47.12,[STC],,Sin mapear,False
0.0,PNXCD,0.0,114.8,116.5,0.0,0.0,,0,0.0,-1,,,2032-04-30,114.8,1,6000.0,0.0,USD,113.35,0.0,BYMA,0.0,0.0,0.0,2040,CORP,0.0,0.0,30000.0,,5.5852,3.15,2.779,47.1,Pan American Energy LLC (PAE Sucursal),30714813583,Energía - Petróleo y Gas,True
0.0,MCC1O,0.0,157680.0,157500.0,0.0,0.0,,0,0.0,-1,,,2029-03-10,157680.0,1,30000.0,0.0,ARS,153240.0,0.0,BYMA,0.0,0.0,0.0,893,CORP,0.0,0.0,1000.0,,2.4449,4260.0,2.78,47.08,[MCC],,Sin mapear,False
0.0,OZC3O,0.0,158700.0,163540.0,0.0,0.0,,0,0.0,-1,,,2027-11-29,158700.0,1,32900.0,0.0,ARS,159110.0,0.0,BYMA,0.0,0.0,0.0,426,CORP,0.0,0.0,1716.0,,1.1663,4430.0,2.7842,47.07,EMPRESA DISTRIB DE ELECTRICIDAD DE MENDOZA S.A.,30699542454,,True
0.0,ZPC2O,0.0,152150.0,158500.0,0.0,0.0,,0,0.0,-1,,,2027-06-02,152150.0,2,1000.0,0.0,ARS,154200.0,0.0,BYMA,0.0,0.0,0.0,246,CORP,0.0,0.0,300.0,,0.6735,4300.0,2.7886,47.05,PLAZA LOGISTICA S.R.L.,30655942382,,True
0.0,CIC7O,0.0,158400.0,159000.0,0.0,0.0,,0,0.0,-1,,,2026-11-12,158400.0,2,1047.0,0.0,ARS,154620.0,0.0,BYMA,0.0,0.0,0.0,44,CORP,0.0,0.0,100.0,,0.1205,4380.0,2.8328,47.02,CNH INDUSTRIAL CAPITAL ARGENTINA S.A.,30714322938,,True
0.0,CAC5D,0.0,53.89,54.0,0.0,0.0,,0,0.0,-1,,,2028-08-25,53.89,1,2760.0,0.0,USD,52.5,0.0,BYMA,0.0,0.0,0.0,696,CORP,0.0,0.0,1.0,,1.9055,1.5,2.8571,46.97,Capex S.A.,30629827060,Energía - Electricidad,True
0.0,BY34D,0.0,100.0,100.8,0.0,0.0,,0,0.0,-1,,,2028-08-31,100.0,2,9200.0,0.0,USD,98.0,0.0,BYMA,0.0,0.0,0.0,702,CORP,0.0,0.0,5000.0,,1.922,2.8,2.8571,46.97,[BY3],,Sin mapear,False
0.0,GOC4O,0.0,140000.0,135800.0,0.0,0.0,,0,0.0,-1,,,2029-04-28,140000.0,2,1906.0,0.0,ARS,132000.0,0.0,BYMA,0.0,0.0,0.0,942,CORP,0.0,0.0,200.0,,2.5791,3800.0,2.8788,46.94,GENERACION LITORAL SA,33715184139,,True
0.0,HJCID,0.0,104.0,107.0,0.0,0.0,,0,0.0,-1,,,2027-05-27,104.0,1,7200.0,0.0,USD,104.0,0.0,BYMA,0.0,0.0,0.0,240,CORP,0.0,0.0,25000.0,,0.6571,3.0,2.8846,46.92,John Deere Credit Cía. Financiera S.A.,30707024859,Financiero - Crédito Industrial,True
0.0,MGCND,0.0,106.0,107.0,0.0,0.0,,0,0.0,-1,,,2028-10-04,106.0,1,700.0,0.0,USD,104.0,0.0,BYMA,0.0,0.0,0.0,736,CORP,0.0,0.0,4000.0,,2.0151,3.0,2.8846,46.92,Pampa Energía S.A.,30526552659,Energía - Electricidad,True
0.0,YFCPO,0.0,150600.0,155100.0,0.0,0.0,,0,0.0,-1,,,2029-08-18,150600.0,1,1000.0,0.0,ARS,150740.0,0.0,BYMA,0.0,0.0,0.0,1054,CORP,0.0,0.0,100.0,,2.8857,4360.0,2.8924,46.88,YPF Energía Eléctrica S.A.,30714128309,Energía - Electricidad,True
0.0,MGCUD,0.0,100.5,102.9,0.0,0.0,,0,0.0,-1,,,2030-08-21,100.5,1,3000.0,0.0,USD,100.0,0.0,BYMA,0.0,0.0,0.0,1422,CORP,0.0,0.0,14000.0,,3.8932,2.9,2.9,46.85,Pampa Energía S.A.,30526552659,Energía - Electricidad,True
0.0,CACDD,0.0,106.0,106.0,0.0,0.0,,0,0.0,-1,,,2029-06-04,106.0,1,500.0,0.0,USD,103.0,0.0,BYMA,0.0,0.0,0.0,979,CORP,0.0,0.0,1.0,,2.6804,3.0,2.9126,46.83,Capex S.A.,30629827060,Energía - Electricidad,True
0.0,CACBD,0.0,104.047,103.95,0.0,0.0,,0,0.0,-1,,,2028-06-17,104.047,1,1883.0,0.0,USD,101.0,0.0,BYMA,0.0,0.0,0.0,627,CORP,0.0,0.0,1.0,,1.7166,2.95,2.9208,46.79,Capex S.A.,30629827060,Energía - Electricidad,True
0.0,TTCBC,0.0,102.85,101.2,0.0,0.0,,0,0.0,-1,,,2027-10-16,102.85,2,5248.0,0.0,EXT,98.32,0.0,BYMA,0.0,0.0,0.0,382,CORP,0.0,0.0,50000.0,,1.0459,2.88,2.9292,46.77,Tecpetrol S.A.,30592665472,Energía - Petróleo y Gas,True
0.0,MGCOO,0.0,167350.0,163910.0,0.0,0.0,,0,0.0,-1,,,2034-12-16,167350.0,1,10000.0,0.0,ARS,159240.0,0.0,BYMA,0.0,0.0,0.0,3000,CORP,0.0,0.0,10000.0,,8.2136,4670.0,2.9327,46.76,Pampa Energía S.A.,30526552659,Energía - Electricidad,True
0.0,CIC9D,0.0,102.5,105.0,0.0,0.0,,0,0.0,-1,,,2027-05-21,102.5,1,1463.0,0.0,USD,102.0,0.0,BYMA,0.0,0.0,0.0,234,CORP,0.0,0.0,1176.0,,0.6407,3.0,2.9412,46.73,CNH INDUSTRIAL CAPITAL ARGENTINA S.A.,30714322938,,True
0.0,EMC1O,0.0,159500.0,164000.0,0.0,0.0,,0,0.0,-1,,,2027-07-04,159500.0,2,14696.0,0.0,ARS,159310.0,0.0,BYMA,0.0,0.0,0.0,278,CORP,0.0,0.0,2000.0,,0.7611,4690.0,2.9439,46.71,[EMC],,Sin mapear,False
0.0,YFCKC,0.0,97.97,98.08,0.0,0.0,,0,0.0,-1,,,2026-11-21,97.97,2,12616.0,0.0,EXT,95.27,0.0,BYMA,0.0,0.0,0.0,53,CORP,0.0,0.0,50000.0,,0.1451,2.81,2.9495,46.68,YPF Energía Eléctrica S.A.,30714128309,Energía - Electricidad,True
0.0,MGCOD,0.0,105.5,105.95,0.0,0.0,,0,0.0,-1,,,2034-12-16,105.5,1,10000.0,0.0,USD,102.9,0.0,BYMA,0.0,0.0,0.0,3000,CORP,0.0,0.0,10000.0,,8.2136,3.05,2.964,46.65,Pampa Energía S.A.,30526552659,Energía - Electricidad,True
0.0,GN43O,0.0,153000.0,160340.0,0.0,0.0,,0,0.0,-1,,,2027-03-08,153000.0,1,550.0,0.0,ARS,155710.0,0.0,BYMA,0.0,0.0,0.0,160,CORP,0.0,0.0,1187.0,,0.4381,4630.0,2.9735,46.62,Genneia S.A.,30665234114,Energía - Renovable,True
0.0,RAC8D,0.0,106.4,107.1,0.0,0.0,,0,0.0,-1,,,2036-08-04,106.4,2,30000.0,0.0,USD,104.0,0.0,BYMA,0.0,0.0,0.0,3597,CORP,0.0,0.0,30000.0,,9.848,3.1,2.9808,46.6,[RAC],,Sin mapear,False
0.0,CAC5C,0.0,50.77,51.29,0.0,0.0,,0,0.0,-1,,,2028-08-25,50.77,2,12063.0,0.0,EXT,49.773,0.0,BYMA,0.0,0.0,0.0,696,CORP,0.0,0.0,2000.0,,1.9055,1.517,3.0478,46.55,Capex S.A.,30629827060,Energía - Electricidad,True
0.0,BYZ1D,0.0,101.0,101.0,0.0,0.0,,0,0.0,-1,,,2027-07-30,101.0,1,6500.0,0.0,USD,98.0,0.0,BYMA,0.0,0.0,0.0,304,CORP,0.0,0.0,10000.0,,0.8323,3.0,3.0612,46.53,[BYZ],,Sin mapear,False
0.0,CICBD,0.0,102.0,104.0,0.0,0.0,,0,0.0,-1,,,2029-02-09,102.0,1,1120.0,0.0,USD,100.9,0.0,BYMA,0.0,0.0,0.0,864,CORP,0.0,0.0,200.0,,2.3655,3.1,3.0723,46.49,CNH INDUSTRIAL CAPITAL ARGENTINA S.A.,30714322938,,True
0.0,GN47D,0.0,105.0,105.0,0.0,0.0,,0,0.0,-1,,,2028-10-17,105.0,1,1000.0,0.0,USD,101.85,0.0,BYMA,0.0,0.0,0.0,749,CORP,0.0,0.0,500.0,,2.0507,3.15,3.0928,46.48,Genneia S.A.,30665234114,Energía - Renovable,True
0.0,RC1CD,0.0,107.0,106.75,0.0,0.0,,0,0.0,-1,,,2033-07-31,107.0,1,1000.0,0.0,USD,103.5,0.0,BYMA,0.0,0.0,0.0,2497,CORP,0.0,0.0,4000.0,,6.8364,3.25,3.1401,46.46,ARCOR S.A.I.C.,30502793175,,True
0.0,BPCUD,0.0,102.5,103.15,0.0,0.0,,0,0.0,-1,,,2026-12-04,102.5,2,200000.0,0.0,USD,100.0,0.0,BYMA,0.0,0.0,0.0,66,CORP,0.0,0.0,50000.0,,0.1807,3.15,3.15,46.43,Banco Supervielle S.A.,33500005179,Financiero - Bancos,True
0.0,TLCQC,0.0,101.0,101.5,0.0,0.0,,0,0.0,-1,,,2027-07-02,101.0,2,4235.0,0.0,EXT,98.4,0.0,BYMA,0.0,0.0,0.0,276,CORP,0.0,0.0,100000.0,,0.7556,3.1,3.1504,46.41,Telecom Argentina S.A.,30639453738,Telecomunicaciones,True
0.0,SNAAO,0.0,95000.0,98000.0,0.0,0.0,,0,0.0,-1,,,2029-07-14,95000.0,2,5390.0,0.0,ARS,95000.0,0.0,BYMA,0.0,0.0,0.0,1019,CORP,0.0,0.0,1394.0,,2.7899,3000.0,3.1579,46.39,S.A. SAN MIGUEL,30511190238,,True
0.0,SBC3O,0.0,156010.0,162320.0,0.0,0.0,,0,0.0,-1,,,2029-05-26,156010.0,1,1000.0,0.0,ARS,157300.0,0.0,BYMA,0.0,0.0,0.0,970,CORP,0.0,0.0,1.0,,2.6557,5020.0,3.1914,46.37,SAN BAUTISTA DEL SUR SA,30715659340,,True
0.0,MIC3O,0.0,158600.0,160410.0,0.0,0.0,,0,0.0,-1,,,2026-11-11,158600.0,1,4715.0,0.0,ARS,155390.0,0.0,BYMA,0.0,0.0,0.0,43,CORP,0.0,0.0,100.0,,0.1177,5020.0,3.2306,46.32,MIRGOR S.A.,30578036071,,True
0.0,SBC2D,0.0,94.94,96.96,0.0,0.0,,0,0.0,-1,,,2029-01-16,94.94,1,2000.0,0.0,USD,93.91,0.0,BYMA,0.0,0.0,0.0,840,CORP,0.0,0.0,1.0,,2.2998,3.05,3.2478,46.31,SAN BAUTISTA DEL SUR SA,30715659340,,True
0.0,CICBC,0.0,98.0,98.87,0.0,0.0,,0,0.0,-1,,,2029-02-09,98.0,2,875.0,0.0,EXT,95.73,0.0,BYMA,0.0,0.0,0.0,864,CORP,0.0,0.0,12924.0,,2.3655,3.14,3.2801,46.29,CNH INDUSTRIAL CAPITAL ARGENTINA S.A.,30714322938,,True
0.0,STCHO,0.0,103.0,106.0,0.0,0.0,,0,0.0,-1,,,2027-01-21,103.0,2,1000000.0,0.0,ARS,102.5,0.0,BYMA,0.0,0.0,0.0,114,CORP,0.0,0.0,600000.0,,0.3121,3.5,3.4146,46.23,[STC],,Sin mapear,False
0.0,AERBO,0.0,157400.0,162000.0,0.0,0.0,,0,0.0,-1,,,2026-12-15,157400.0,1,774.0,0.0,ARS,156600.0,0.0,BYMA,0.0,0.0,0.0,77,CORP,0.0,0.0,100.0,,0.2108,5400.0,3.4483,46.19,[AER],,Sin mapear,False
0.0,BF47O,0.0,100.0,102.0,0.0,0.0,,0,0.0,-1,,,2027-06-10,100.0,2,5000000.0,0.0,ARS,98.6,0.0,BYMA,0.0,0.0,0.0,254,CORP,0.0,0.0,1000000.0,,0.6954,3.4,3.4483,46.19,BANCO BBVA ARGENTINA S.A.,30500003193,,True
0.0,ARC1O,0.0,166470.0,165170.0,0.0,0.0,,0,0.0,-1,,,2031-08-01,166470.0,1,14000.0,0.0,ARS,159660.0,0.0,BYMA,0.0,0.0,0.0,1767,CORP,0.0,0.0,5000.0,,4.8378,5510.0,3.4511,46.17,Aeropuertos Argentina 2000 S.A.,30696170580,Infraestructura - Aeropuertos,True
0.0,CIC7O,0.0,155000.0,159950.0,0.0,0.0,,0,0.0,-1,,,2026-11-12,155000.0,1,12600.0,0.0,ARS,154600.0,0.0,BYMA,0.0,0.0,0.0,44,CORP,0.0,0.0,5000.0,,0.1205,5350.0,3.4605,46.15,CNH INDUSTRIAL CAPITAL ARGENTINA S.A.,30714322938,,True
0.0,RZBBD,0.0,66.9,66.75,0.0,0.0,,0,0.0,-1,,,2029-09-03,66.9,2,1000.0,0.0,USD,64.5,0.0,BYMA,0.0,0.0,0.0,1070,CORP,0.0,0.0,2000.0,,2.9295,2.25,3.4884,46.13,RIZOBACTER ARGENTINA S.A.,30593174057,,True
0.0,CICAD,0.0,102.1,106.65,0.0,0.0,,0,0.0,-1,,,2028-06-03,102.1,1,3811.0,0.0,USD,103.05,0.0,BYMA,0.0,0.0,0.0,613,CORP,0.0,0.0,1000.0,,1.6783,3.6,3.4934,46.12,CNH INDUSTRIAL CAPITAL ARGENTINA S.A.,30714322938,,True
0.0,HJCGD,0.0,105.0,105.1,0.0,0.0,,0,0.0,-1,,,2028-10-21,105.0,2,10000.0,0.0,USD,101.55,0.0,BYMA,0.0,0.0,0.0,753,CORP,0.0,0.0,1200.0,,2.0616,3.55,3.4958,46.1,John Deere Credit Cía. Financiera S.A.,30707024859,Financiero - Crédito Industrial,True
0.0,OLC6C,0.0,99.93,103.2,0.0,0.0,,0,0.0,-1,,,2029-06-05,99.93,2,11989.0,0.0,EXT,99.68,0.0,BYMA,0.0,0.0,0.0,980,CORP,0.0,0.0,12410.0,,2.6831,3.52,3.5313,46.07,OLEODUCTOS DEL VALLE S.A.,30658840165,,True
0.0,VBC1D,0.0,100.2192,102.5,0.0,0.0,,0,0.0,-1,,,2027-03-11,100.2192,1,3000.0,0.0,USD,99.0,0.0,BYMA,0.0,0.0,0.0,163,CORP,0.0,0.0,1000.0,,0.4463,3.5,3.5354,46.06,[VBC],,Sin mapear,False
0.0,PN36O,0.0,169950.0,168500.0,0.0,0.0,,0,0.0,-1,,,2031-11-13,169950.0,1,2385.0,0.0,ARS,162700.0,0.0,BYMA,0.0,0.0,0.0,1871,CORP,0.0,0.0,1170.0,,5.1225,5800.0,3.5648,46.04,Pan American Energy LLC (PAE Sucursal),30714813583,Energía - Petróleo y Gas,True
0.0,YCAMD,0.0,108.0,108.25,0.0,0.0,,0,0.0,-1,,,2027-07-21,108.0,2,10000.0,0.0,USD,104.5,0.0,BYMA,0.0,0.0,0.0,295,CORP,0.0,0.0,34000.0,,0.8077,3.75,3.5885,46.03,[YCA],,Sin mapear,False
0.0,YMCJC,0.0,101.35,100.5,0.0,0.0,,0,0.0,-1,,,2033-09-30,101.35,1,30000.0,0.0,EXT,97.0,0.0,BYMA,0.0,0.0,0.0,2558,CORP,0.0,0.0,2000.0,,7.0034,3.5,3.6082,46.01,YPF S.A.,30546689979,Energía - Petróleo y Gas,True
0.0,HBCFD,0.0,98.0,101.55,0.0,0.0,,0,0.0,-1,,,2027-02-23,98.0,2,2000.0,0.0,USD,98.0,0.0,BYMA,0.0,0.0,0.0,147,CORP,0.0,0.0,1000.0,,0.4025,3.55,3.6224,45.98,BANCO HIPOTECARIO S.A.,30500011072,,True
0.0,OT41O,0.0,156300.0,162000.0,0.0,0.0,,0,0.0,-1,,,2028-01-17,156300.0,2,1980.0,0.0,ARS,156300.0,0.0,BYMA,0.0,0.0,0.0,475,CORP,0.0,0.0,99.0,,1.3005,5700.0,3.6468,45.95,[OT4],,Sin mapear,False
0.0,VSCPD,0.0,108.6,110.0,0.0,0.0,,0,0.0,-1,,,2029-05-03,108.6,1,809.0,0.0,USD,106.05,0.0,BYMA,0.0,0.0,0.0,947,CORP,0.0,0.0,2000.0,,2.5927,3.95,3.7247,45.88,Vista Oil & Gas Argentina S.A.U.,33515950899,Energía - Petróleo y Gas,True
0.0,YFCGD,0.0,100.15,102.85,0.0,0.0,,0,0.0,-1,,,2027-02-27,100.15,1,3750.0,0.0,USD,99.11,0.0,BYMA,0.0,0.0,0.0,151,CORP,0.0,0.0,2459.0,,0.4134,3.74,3.7736,45.85,YPF Energía Eléctrica S.A.,30714128309,Energía - Electricidad,True
0.0,MGCED,0.0,93.0,95.5,0.0,0.0,,0,0.0,-1,,,2027-12-19,93.0,1,2500.0,0.0,USD,92.01,0.0,BYMA,0.0,0.0,0.0,446,CORP,0.0,0.0,5000.0,,1.2211,3.49,3.7931,45.84,Pampa Energía S.A.,30526552659,Energía - Electricidad,True
0.0,MCC1C,0.0,97.0,98.37,0.0,0.0,,0,0.0,-1,,,2029-03-10,97.0,2,5470.0,0.0,EXT,94.77,0.0,BYMA,0.0,0.0,0.0,893,CORP,0.0,0.0,2412.0,,2.4449,3.6,3.7987,45.82,[MCC],,Sin mapear,False
0.0,NPCED,0.0,96.15,103.0,0.0,0.0,,0,0.0,-1,,,2029-07-27,96.15,1,1000.0,0.0,USD,99.2,0.0,BYMA,0.0,0.0,0.0,1032,CORP,0.0,0.0,1.0,,2.8255,3.8,3.8306,45.79,[NPC],,Sin mapear,False
0.0,HJCGC,0.0,99.25,100.8,0.0,0.0,,0,0.0,-1,,,2028-10-21,99.25,2,1480.0,0.0,EXT,97.05,0.0,BYMA,0.0,0.0,0.0,753,CORP,0.0,0.0,1200.0,,2.0616,3.75,3.864,45.76,John Deere Credit Cía. Financiera S.A.,30707024859,Financiero - Crédito Industrial,True
0.0,CP37O,0.0,155420.0,161000.0,0.0,0.0,,0,0.0,-1,,,2027-03-10,155420.0,2,4700.0,0.0,ARS,155000.0,0.0,BYMA,0.0,0.0,0.0,162,CORP,0.0,0.0,23903.0,,0.4435,6000.0,3.871,45.74,Cía. General de Combustibles S.A.,30506733932,Energía - Gas,True
0.0,YM40O,0.0,167350.0,166000.0,0.0,0.0,,0,0.0,-1,,,2028-08-28,167350.0,1,3612.0,0.0,ARS,159760.0,0.0,BYMA,0.0,0.0,0.0,699,CORP,0.0,0.0,8129.0,,1.9138,6240.0,3.9059,45.73,YPF S.A.,30546689979,Energía - Petróleo y Gas,True
0.0,OLC7C,0.0,99.38,98.74,0.0,0.0,,0,0.0,-1,,,2030-02-23,99.38,2,2933.0,0.0,EXT,95.02,0.0,BYMA,0.0,0.0,0.0,1243,CORP,0.0,0.0,75000.0,,3.4031,3.72,3.915,45.71,OLEODUCTOS DEL VALLE S.A.,30658840165,,True
0.0,YFCLD,0.0,107.4,106.0,0.0,0.0,,0,0.0,-1,,,2028-11-21,107.4,1,1335.0,0.0,USD,102.0,0.0,BYMA,0.0,0.0,0.0,784,CORP,0.0,0.0,1499.0,,2.1465,4.0,3.9216,45.7,YPF Energía Eléctrica S.A.,30714128309,Energía - Electricidad,True
0.0,EAC3D,0.0,100.8,105.0,0.0,0.0,,0,0.0,-1,,,2028-12-20,100.8,1,30000.0,0.0,USD,101.0,0.0,BYMA,0.0,0.0,0.0,813,CORP,0.0,0.0,5000.0,,2.2259,4.0,3.9604,45.68,MSU GREEN ENERGY S.A.U.,30714155128,,True
0.0,MR48O,0.0,110500.0,115000.0,0.0,0.0,,0,0.0,-1,,,2034-12-31,110500.0,2,500.0,0.0,ARS,110600.0,0.0,BYMA,0.0,0.0,0.0,3015,CORP,0.0,0.0,350.0,,8.2546,4400.0,3.9783,45.65,Generación Mediterránea / Central Térmica Roca S.A.,33711944899,Energía - Electricidad,True
0.0,LMS8C,0.0,51.04,53.22,0.0,0.0,,0,0.0,-1,,,2027-03-21,51.04,2,200000.0,0.0,EXT,51.18,0.0,BYMA,0.0,0.0,0.0,173,CORP,0.0,0.0,50000.0,,0.4736,2.04,3.9859,45.64,BLM DESARROLLOS SA,30718221516,,True
0.0,LMS8O,0.0,78410.0,86450.0,0.0,0.0,,0,0.0,-1,,,2027-03-21,78410.0,2,200000.0,0.0,ARS,83130.0,0.0,BYMA,0.0,0.0,0.0,173,CORP,0.0,0.0,100000.0,,0.4736,3320.0,3.9937,45.6,BLM DESARROLLOS SA,30718221516,,True
0.0,FYC1O,0.0,158100.0,161000.0,0.0,0.0,,0,0.0,-1,,,2029-05-11,158100.0,2,20400.0,0.0,ARS,154810.0,0.0,BYMA,0.0,0.0,0.0,955,CORP,0.0,0.0,1000.0,,2.6146,6190.0,3.9984,45.59,[FYC],,Sin mapear,False
0.0,OZC8C,0.0,98.5,98.45,0.0,0.0,,0,0.0,-1,,,2033-06-11,98.5,2,42000.0,0.0,EXT,94.66,0.0,BYMA,0.0,0.0,0.0,2447,CORP,0.0,0.0,10000.0,,6.6995,3.79,4.0038,45.57,EMPRESA DISTRIB DE ELECTRICIDAD DE MENDOZA S.A.,30699542454,,True
0.0,OZC8D,0.0,101.5,102.5,0.0,0.0,,0,0.0,-1,,,2033-06-11,101.5,2,112000.0,0.0,USD,98.5,0.0,BYMA,0.0,0.0,0.0,2447,CORP,0.0,0.0,110000.0,,6.6995,4.0,4.0609,45.51,EMPRESA DISTRIB DE ELECTRICIDAD DE MENDOZA S.A.,30699542454,,True
0.0,BF49D,0.0,102.0,101.0,0.0,0.0,,0,0.0,-1,,,2027-07-24,102.0,2,3000.0,0.0,USD,97.0,0.0,BYMA,0.0,0.0,0.0,298,CORP,0.0,0.0,1200.0,,0.8159,4.0,4.1237,45.45,BANCO BBVA ARGENTINA S.A.,30500003193,,True
0.0,LMS7D,0.0,81.99,81.9,0.0,0.0,,0,0.0,-1,,,2028-10-12,81.99,1,200.0,0.0,USD,78.6,0.0,BYMA,0.0,0.0,0.0,744,CORP,0.0,0.0,2000.0,,2.037,3.3,4.1985,45.39,BLM DESARROLLOS SA,30718221516,,True
0.0,PLC1C,0.0,99.91,103.15,0.0,0.0,,0,0.0,-1,,,2028-01-27,99.91,2,2441.0,0.0,EXT,98.99,0.0,BYMA,0.0,0.0,0.0,485,CORP,0.0,0.0,10000.0,,1.3279,4.16,4.2024,45.37,Pluspetrol S.A.,30678224010,Energía - Petróleo y Gas,True
0.0,ZZC1C,0.0,95.0,99.24,0.0,0.0,,0,0.0,-1,,,2027-02-21,95.0,2,2000.0,0.0,EXT,95.18,0.0,BYMA,0.0,0.0,0.0,145,CORP,0.0,0.0,4759.0,,0.397,4.06,4.2656,45.34,[ZZC],,Sin mapear,False
0.0,PN34D,0.0,102.8946,105.4,0.0,0.0,,0,0.0,-1,,,2027-09-27,102.8946,1,160.0,0.0,USD,101.05,0.0,BYMA,0.0,0.0,0.0,363,CORP,0.0,0.0,2000.0,,0.9938,4.35,4.3048,45.31,Pan American Energy LLC (PAE Sucursal),30714813583,Energía - Petróleo y Gas,True
0.0,VSCZD,0.0,101.0,100.0,0.0,0.0,,0,0.0,-1,,,2029-07-16,101.0,1,1030.0,0.0,USD,95.8,0.0,BYMA,0.0,0.0,0.0,1021,CORP,0.0,0.0,423.0,,2.7953,4.2,4.3841,45.28,Vista Oil & Gas Argentina S.A.U.,33515950899,Energía - Petróleo y Gas,True
0.0,YFCPD,0.0,97.2,101.4,0.0,0.0,,0,0.0,-1,,,2029-08-18,97.2,1,398.0,0.0,USD,97.1,0.0,BYMA,0.0,0.0,0.0,1054,CORP,0.0,0.0,2315.0,,2.8857,4.3,4.4284,45.23,YPF Energía Eléctrica S.A.,30714128309,Energía - Electricidad,True
0.0,SIC2O,0.0,156520.0,162000.0,0.0,0.0,,0,0.0,-1,,,2029-06-19,156520.0,1,500.0,0.0,ARS,155130.0,0.0,BYMA,0.0,0.0,0.0,994,CORP,0.0,0.0,100.0,,2.7214,6870.0,4.4285,45.21,[SIC],,Sin mapear,False
0.0,OZC3C,0.0,98.07,103.0,0.0,0.0,,0,0.0,-1,,,2027-11-29,98.07,2,82828.0,0.0,EXT,98.63,0.0,BYMA,0.0,0.0,0.0,426,CORP,0.0,0.0,1902.0,,1.1663,4.37,4.4307,45.2,EMPRESA DISTRIB DE ELECTRICIDAD DE MENDOZA S.A.,30699542454,,True
0.0,GN47O,0.0,157460.0,163680.0,0.0,0.0,,0,0.0,-1,,,2028-10-17,157460.0,1,1000.0,0.0,ARS,156630.0,0.0,BYMA,0.0,0.0,0.0,749,CORP,0.0,0.0,1549.0,,2.0507,7050.0,4.5011,45.17,Genneia S.A.,30665234114,Energía - Renovable,True
0.0,YFCOC,0.0,100.9832,101.15,0.0,0.0,,0,0.0,-1,,,2028-12-15,100.9832,2,1486.0,0.0,EXT,96.79,0.0,BYMA,0.0,0.0,0.0,808,CORP,0.0,0.0,8290.0,,2.2122,4.36,4.5046,45.15,YPF Energía Eléctrica S.A.,30714128309,Energía - Electricidad,True
0.0,LMS7O,0.0,122120.0,127000.0,0.0,0.0,,0,0.0,-1,,,2028-10-12,122120.0,1,2000.0,0.0,ARS,121500.0,0.0,BYMA,0.0,0.0,0.0,744,CORP,0.0,0.0,2400.0,,2.037,5500.0,4.5267,45.14,BLM DESARROLLOS SA,30718221516,,True
0.0,NPCCO,0.0,167010.0,171520.0,0.0,0.0,,0,0.0,-1,,,2029-08-25,167010.0,1,790.0,0.0,ARS,164010.0,0.0,BYMA,0.0,0.0,0.0,1061,CORP,0.0,0.0,1305.0,,2.9049,7510.0,4.579,45.09,[NPC],,Sin mapear,False
0.0,IRCNO,0.0,153010.0,161000.0,0.0,0.0,,0,0.0,-1,,,2027-10-23,153010.0,1,100.0,0.0,ARS,153860.0,0.0,BYMA,0.0,0.0,0.0,389,CORP,0.0,0.0,1100.0,,1.065,7140.0,4.6406,45.06,IRSA Inversiones y Representaciones S.A.,30524688673,Real Estate,True
0.0,OLC5C,0.0,101.8,102.5,0.0,0.0,,0,0.0,-1,,,2028-06-12,101.8,2,3411.0,0.0,EXT,97.95,0.0,BYMA,0.0,0.0,0.0,622,CORP,0.0,0.0,100000.0,,1.7029,4.55,4.6452,45.04,OLEODUCTOS DEL VALLE S.A.,30658840165,,True
0.0,TLCWC,0.0,102.05,99.94,0.0,0.0,,0,0.0,-1,,,2030-05-29,102.05,2,2806.0,0.0,EXT,95.5,0.0,BYMA,0.0,0.0,0.0,1338,CORP,0.0,0.0,5000.0,,3.6632,4.44,4.6492,45.03,Telecom Argentina S.A.,30639453738,Telecomunicaciones,True
0.0,RC3CD,0.0,0.067,0.067,0.0,0.0,,0,0.0,-1,,,2026-12-15,0.067,2,74674.0,0.0,USD,0.064,0.0,BYMA,0.0,0.0,0.0,77,CORP,0.0,0.0,8000.0,,0.2108,0.003,4.6875,45.01,Arcor S.A.I.C.,30502793175,Consumo - Alimentos,True
0.0,YFCLO,0.0,159100.0,164990.0,0.0,0.0,,0,0.0,-1,,,2028-11-21,159100.0,1,1341.0,0.0,ARS,157510.0,0.0,BYMA,0.0,0.0,0.0,784,CORP,0.0,0.0,2403.0,,2.1465,7480.0,4.7489,44.97,YPF Energía Eléctrica S.A.,30714128309,Energía - Electricidad,True
0.0,LOC6C,0.0,98.1,98.38,0.0,0.0,,0,0.0,-1,,,2029-01-23,98.1,2,2001.0,0.0,EXT,93.85,0.0,BYMA,0.0,0.0,0.0,847,CORP,0.0,0.0,50000.0,,2.319,4.53,4.8269,44.95,[LOC],,Sin mapear,False
0.0,TLCUC,0.0,96.57,100.1,0.0,0.0,,0,0.0,-1,,,2029-03-05,96.57,2,1384.0,0.0,EXT,95.46,0.0,BYMA,0.0,0.0,0.0,888,CORP,0.0,0.0,2352.0,,2.4312,4.64,4.8607,44.92,Telecom Argentina S.A.,30639453738,Telecomunicaciones,True
0.0,AEC3D,0.0,100.75,100.5,0.0,0.0,,0,0.0,-1,,,2028-08-06,100.75,1,200.0,0.0,USD,95.81,0.0,BYMA,0.0,0.0,0.0,677,CORP,0.0,0.0,200.0,,1.8535,4.69,4.8951,44.89,[AEC],,Sin mapear,False
0.0,LOC5C,0.0,98.55,103.0,0.0,0.0,,0,0.0,-1,,,2027-07-24,98.55,2,9700.0,0.0,EXT,98.14,0.0,BYMA,0.0,0.0,0.0,298,CORP,0.0,0.0,7100.0,,0.8159,4.86,4.9521,44.86,[LOC],,Sin mapear,False
0.0,SIC2D,0.0,100.05,104.0,0.0,0.0,,0,0.0,-1,,,2029-06-19,100.05,1,500.0,0.0,USD,99.02,0.0,BYMA,0.0,0.0,0.0,994,CORP,0.0,0.0,200.0,,2.7214,4.98,5.0293,44.84,[SIC],,Sin mapear,False
0.0,EMC1O,0.0,159650.0,163730.0,0.0,0.0,,0,0.0,-1,,,2027-07-04,159650.0,1,1100.0,0.0,ARS,155880.0,0.0,BYMA,0.0,0.0,0.0,278,CORP,0.0,0.0,3000.0,,0.7611,7850.0,5.0359,44.83,[EMC],,Sin mapear,False
0.0,DNCAC,0.0,101.5,101.5,0.0,0.0,,0,0.0,-1,,,2033-04-28,101.5,1,3300.0,0.0,EXT,96.5,0.0,BYMA,0.0,0.0,0.0,2403,CORP,0.0,0.0,100000.0,,6.5791,5.0,5.1813,44.78,EDENOR S.A.,30655116202,,True
0.0,HVS1O,0.0,160000.0,160500.0,0.0,0.0,,0,0.0,-1,,,2028-07-08,160000.0,2,1021.0,0.0,ARS,152400.0,0.0,BYMA,0.0,0.0,0.0,648,CORP,0.0,0.0,2500.0,,1.7741,8100.0,5.315,44.72,[HVS],,Sin mapear,False
0.0,OT41D,0.0,100.6,105.95,0.0,0.0,,0,0.0,-1,,,2028-01-17,100.6,1,848.0,0.0,USD,100.6,0.0,BYMA,0.0,0.0,0.0,475,CORP,0.0,0.0,208.0,,1.3005,5.35,5.3181,44.7,[OT4],,Sin mapear,False
0.0,VSCYD,0.0,104.0,103.95,0.0,0.0,,0,0.0,-1,,,2028-01-16,104.0,1,25.0,0.0,USD,98.61,0.0,BYMA,0.0,0.0,0.0,474,CORP,0.0,0.0,100.0,,1.2977,5.34,5.4153,44.64,Vista Oil & Gas Argentina S.A.U.,33515950899,Energía - Petróleo y Gas,True
0.0,SBC4O,0.0,150200.0,159000.0,0.0,0.0,,0,0.0,-1,,,2029-09-08,150200.0,1,1000.0,0.0,ARS,150750.0,0.0,BYMA,0.0,0.0,0.0,1075,CORP,0.0,0.0,1.0,,2.9432,8250.0,5.4726,44.62,SAN BAUTISTA DEL SUR SA,30715659340,,True
0.0,PNRCO,0.0,145000.0,152990.0,0.0,0.0,,0,0.0,-1,,,2028-08-07,145000.0,2,963.0,0.0,ARS,145050.0,0.0,BYMA,0.0,0.0,0.0,678,CORP,0.0,0.0,11.0,,1.8563,7940.0,5.474,44.61,Pan American Energy LLC (PAE Sucursal),30714813583,Energía - Petróleo y Gas,True
0.0,MGCUO,0.0,153500.0,161000.0,0.0,0.0,,0,0.0,-1,,,2030-08-21,153500.0,1,2000.0,0.0,ARS,152620.0,0.0,BYMA,0.0,0.0,0.0,1422,CORP,0.0,0.0,1000.0,,3.8932,8380.0,5.4908,44.58,Pampa Energía S.A.,30526552659,Energía - Electricidad,True
0.0,PLC1O,0.0,167300.0,166930.0,0.0,0.0,,0,0.0,-1,,,2028-01-27,167300.0,1,3112.0,0.0,ARS,158210.0,0.0,BYMA,0.0,0.0,0.0,485,CORP,0.0,0.0,5238.0,,1.3279,8720.0,5.5117,44.56,Pluspetrol S.A.,30678224010,Energía - Petróleo y Gas,True
0.0,PFC2C,0.0,97.81,102.0,0.0,0.0,,0,0.0,-1,,,2027-07-14,97.81,2,1461.0,0.0,EXT,96.67,0.0,BYMA,0.0,0.0,0.0,288,CORP,0.0,0.0,50000.0,,0.7885,5.33,5.5136,44.54,PATAGONIA FRUITS TRADE S.A,30690967541,,True
0.0,ZPC5D,0.0,101.0,102.5,0.0,0.0,,0,0.0,-1,,,2029-06-26,101.0,1,260.0,0.0,USD,97.0,0.0,BYMA,0.0,0.0,0.0,1001,CORP,0.0,0.0,3900.0,,2.7406,5.5,5.6701,44.5,PLAZA LOGISTICA S.R.L.,30655942382,,True
0.0,SNEBO,0.0,102400.0,103500.0,0.0,0.0,,0,0.0,-1,,,2029-07-14,102400.0,1,445.0,0.0,ARS,97930.0,0.0,BYMA,0.0,0.0,0.0,1019,CORP,0.0,0.0,5105.0,,2.7899,5570.0,5.6877,44.48,SION S.A.,30690076043,,True
0.0,CP37C,0.0,94.7327,100.15,0.0,0.0,,0,0.0,-1,,,2027-03-10,94.7327,2,4700.0,0.0,EXT,94.7,0.0,BYMA,0.0,0.0,0.0,162,CORP,0.0,0.0,12000.0,,0.4435,5.45,5.755,44.45,Cía. General de Combustibles S.A.,30506733932,Energía - Gas,True
0.0,TSC3D,0.0,110.5,110.1,0.0,0.0,,0,0.0,-1,,,2031-07-24,110.5,1,30000.0,0.0,USD,104.05,0.0,BYMA,0.0,0.0,0.0,1759,CORP,0.0,0.0,10000.0,,4.8159,6.05,5.8145,44.44,[TSC],,Sin mapear,False
0.0,PQCRC,0.0,99.6,100.45,0.0,0.0,,0,0.0,-1,,,2028-10-22,99.6,2,1017.0,0.0,EXT,94.87,0.0,BYMA,0.0,0.0,0.0,754,CORP,0.0,0.0,438.0,,2.0643,5.58,5.8817,44.4,Petroquímica Comodoro Rivadavia S.A.,30563598111,Industria - Petroquímica,True
0.0,MGCEO,0.0,143000.0,148600.0,0.0,0.0,,0,0.0,-1,,,2027-12-19,143000.0,1,8730.0,0.0,ARS,140260.0,0.0,BYMA,0.0,0.0,0.0,446,CORP,0.0,0.0,5100.0,,1.2211,8340.0,5.9461,44.39,Pampa Energía S.A.,30526552659,Energía - Electricidad,True
0.0,YFCLC,0.0,97.27,103.15,0.0,0.0,,0,0.0,-1,,,2028-11-21,97.27,2,1590.0,0.0,EXT,97.26,0.0,BYMA,0.0,0.0,0.0,784,CORP,0.0,0.0,1000.0,,2.1465,5.89,6.0559,44.36,YPF Energía Eléctrica S.A.,30714128309,Energía - Electricidad,True
0.0,HJCFC,0.0,91.0165,99.24,0.0,0.0,,0,0.0,-1,,,2026-10-21,91.0165,2,12468.0,0.0,EXT,93.57,0.0,BYMA,0.0,0.0,0.0,22,CORP,0.0,0.0,13235.0,,0.0602,5.67,6.0596,44.34,John Deere Credit Cía. Financiera S.A.,30707024859,Financiero - Crédito Industrial,True
0.0,RCCRC,0.0,98.03,104.0,0.0,0.0,,0,0.0,-1,,,2027-05-09,98.03,2,7185.0,0.0,EXT,97.93,0.0,BYMA,0.0,0.0,0.0,222,CORP,0.0,0.0,75000.0,,0.6078,6.07,6.1983,44.31,Arcor S.A.I.C.,30502793175,Consumo - Alimentos,True
0.0,GN48C,0.0,99.848,102.0,0.0,0.0,,0,0.0,-1,,,2028-03-05,99.848,2,4731.0,0.0,EXT,95.98,0.0,BYMA,0.0,0.0,0.0,523,CORP,0.0,0.0,10000.0,,1.4319,6.02,6.2721,44.28,Genneia S.A.,30665234114,Energía - Renovable,True
0.0,SNABO,0.0,124000.0,120280.0,0.0,0.0,,0,0.0,-1,,,2029-07-14,124000.0,2,2500.0,0.0,ARS,113000.0,0.0,BYMA,0.0,0.0,0.0,1019,CORP,0.0,0.0,10.0,,2.7899,7280.0,6.4425,44.26,S.A. San Miguel,30511190238,Agro - Frutícola,True
0.0,HJCLD,0.0,102.5,102.25,0.0,0.0,,0,0.0,-1,,,2028-12-06,102.5,1,30000.0,0.0,USD,96.05,0.0,BYMA,0.0,0.0,0.0,799,CORP,0.0,0.0,10000.0,,2.1875,6.2,6.455,44.25,John Deere Credit Cía. Financiera S.A.,30707024859,Financiero - Crédito Industrial,True
0.0,TSC3O,0.0,169800.0,170400.0,0.0,0.0,,0,0.0,-1,,,2031-07-24,169800.0,1,30000.0,0.0,ARS,160020.0,0.0,BYMA,0.0,0.0,0.0,1759,CORP,0.0,0.0,10000.0,,4.8159,10380.0,6.4867,44.23,[TSC],,Sin mapear,False
0.0,HJCLO,0.0,151220.0,158270.0,0.0,0.0,,0,0.0,-1,,,2028-12-06,151220.0,1,30000.0,0.0,ARS,148610.0,0.0,BYMA,0.0,0.0,0.0,799,CORP,0.0,0.0,10000.0,,2.1875,9660.0,6.5002,44.22,John Deere Credit Cía. Financiera S.A.,30707024859,Financiero - Crédito Industrial,True
0.0,VBC1O,0.0,148616.5476,159830.0,0.0,0.0,,0,0.0,-1,,,2027-03-11,148616.5476,1,3000.0,0.0,ARS,150000.0,0.0,BYMA,0.0,0.0,0.0,163,CORP,0.0,0.0,6000.0,,0.4463,9830.0,6.5533,44.2,[VBC],,Sin mapear,False
0.0,CACDC,0.0,99.45,99.73,0.0,0.0,,0,0.0,-1,,,2029-06-04,99.45,2,595.0,0.0,EXT,93.51,0.0,BYMA,0.0,0.0,0.0,979,CORP,0.0,0.0,13220.0,,2.6804,6.22,6.6517,44.19,Capex S.A.,30629827060,Energía - Electricidad,True
0.0,GN48D,0.0,102.0,104.0,0.0,0.0,,0,0.0,-1,,,2028-03-05,102.0,1,2000.0,0.0,USD,97.4,0.0,BYMA,0.0,0.0,0.0,523,CORP,0.0,0.0,2015.0,,1.4319,6.6,6.7762,44.17,Genneia S.A.,30665234114,Energía - Renovable,True
0.0,VSCUO,0.0,165700.0,170900.0,0.0,0.0,,0,0.0,-1,,,2030-03-07,165700.0,1,2710.0,0.0,ARS,160040.0,0.0,BYMA,0.0,0.0,0.0,1255,CORP,0.0,0.0,100.0,,3.436,10860.0,6.7858,44.16,Vista Oil & Gas Argentina S.A.U.,33515950899,Energía - Petróleo y Gas,True
0.0,CP37D,0.0,99.0,105.9,0.0,0.0,,0,0.0,-1,,,2027-03-10,99.0,1,1000.0,0.0,USD,99.1,0.0,BYMA,0.0,0.0,0.0,162,CORP,0.0,0.0,6000.0,,0.4435,6.8,6.8618,44.11,Cía. General de Combustibles S.A.,30506733932,Energía - Gas,True
0.0,YFCIO,0.0,158020.0,166800.0,0.0,0.0,,0,0.0,-1,,,2027-06-13,158020.0,1,4008.0,0.0,ARS,156060.0,0.0,BYMA,0.0,0.0,0.0,257,CORP,0.0,0.0,1.0,,0.7036,10740.0,6.882,44.09,YPF Energía Eléctrica S.A.,30714128309,Energía - Electricidad,True
0.0,CIC9O,0.0,154500.0,163600.0,0.0,0.0,,0,0.0,-1,,,2027-05-21,154500.0,1,1463.0,0.0,ARS,153000.0,0.0,BYMA,0.0,0.0,0.0,234,CORP,0.0,0.0,1430.0,,0.6407,10600.0,6.9281,44.06,CNH INDUSTRIAL CAPITAL ARGENTINA S.A.,30714322938,,True
0.0,YM37C,0.0,96.58,104.0,0.0,0.0,,0,0.0,-1,,,2027-05-07,96.58,2,5026.0,0.0,EXT,97.05,0.0,BYMA,0.0,0.0,0.0,220,CORP,0.0,0.0,7387.0,,0.6023,6.95,7.1613,44.03,YPF S.A.,30546689979,Energía - Petróleo y Gas,True
0.0,CIC8D,0.0,104.8,109.0,0.0,0.0,,0,0.0,-1,,,2028-11-12,104.8,1,2000.0,0.0,USD,101.7,0.0,BYMA,0.0,0.0,0.0,775,CORP,0.0,0.0,1179.0,,2.1218,7.3,7.178,44.01,CNH INDUSTRIAL CAPITAL ARGENTINA S.A.,30714322938,,True
0.0,GN42O,0.0,152000.0,151500.0,0.0,0.0,,0,0.0,-1,,,2027-05-16,152000.0,2,199.0,0.0,ARS,141280.0,0.0,BYMA,0.0,0.0,0.0,229,CORP,0.0,0.0,200.0,,0.627,10220.0,7.2339,44.0,Genneia S.A.,30665234114,Energía - Renovable,True
0.0,PNRCD,0.0,96.14,99.94,0.0,0.0,,0,0.0,-1,,,2028-08-07,96.14,2,905.0,0.0,USD,93.15,0.0,BYMA,0.0,0.0,0.0,678,CORP,0.0,0.0,10.0,,1.8563,6.79,7.2893,43.98,Pan American Energy LLC (PAE Sucursal),30714813583,Energía - Petróleo y Gas,True
0.0,ZPC5O,0.0,152000.0,159590.0,0.0,0.0,,0,0.0,-1,,,2029-06-26,152000.0,1,260.0,0.0,ARS,148710.0,0.0,BYMA,0.0,0.0,0.0,1001,CORP,0.0,0.0,4000.0,,2.7406,10880.0,7.3163,43.95,PLAZA LOGISTICA S.R.L.,30655942382,,True
0.0,T641C,0.0,98.78,106.7,0.0,0.0,,0,0.0,-1,,,2027-04-30,98.78,2,5795.0,0.0,EXT,99.37,0.0,BYMA,0.0,0.0,0.0,213,CORP,0.0,0.0,75000.0,,0.5832,7.33,7.3765,43.94,Tarjeta Naranja S.A.,30685376349,Financiero - Crédito Consumo,True
0.0,SBC3C,0.0,100.7,100.95,0.0,0.0,,0,0.0,-1,,,2029-05-26,100.7,2,6052.0,0.0,EXT,94.0,0.0,BYMA,0.0,0.0,0.0,970,CORP,0.0,0.0,6500.0,,2.6557,6.95,7.3936,43.92,SAN BAUTISTA DEL SUR SA,30715659340,,True
0.0,EAC3O,0.0,154010.0,163380.0,0.0,0.0,,0,0.0,-1,,,2028-12-20,154010.0,1,12200.0,0.0,ARS,151810.0,0.0,BYMA,0.0,0.0,0.0,813,CORP,0.0,0.0,5100.0,,2.2259,11570.0,7.6214,43.91,MSU GREEN ENERGY S.A.U.,30714155128,,True
0.0,TLCOC,0.0,100.25,104.6,0.0,0.0,,0,0.0,-1,,,2028-11-28,100.25,2,2510.0,0.0,EXT,97.0,0.0,BYMA,0.0,0.0,0.0,791,CORP,0.0,0.0,50000.0,,2.1656,7.6,7.8351,43.86,Telecom Argentina S.A.,30639453738,Telecomunicaciones,True
0.0,CP37O,0.0,162500.0,165000.0,0.0,0.0,,0,0.0,-1,,,2027-03-10,162500.0,1,2474.0,0.0,ARS,153010.0,0.0,BYMA,0.0,0.0,0.0,162,CORP,0.0,0.0,6100.0,,0.4435,11990.0,7.8361,43.84,Cía. General de Combustibles S.A.,30506733932,Energía - Gas,True
0.0,PN42C,0.0,98.8,104.4,0.0,0.0,,0,0.0,-1,,,2027-04-17,98.8,2,2901.0,0.0,EXT,96.72,0.0,BYMA,0.0,0.0,0.0,200,CORP,0.0,0.0,50000.0,,0.5476,7.68,7.9404,43.83,Pan American Energy LLC (PAE Sucursal),30714813583,Energía - Petróleo y Gas,True
0.0,RZ9BD,0.0,55.0,59.5,0.0,0.0,,0,0.0,-1,,,2029-09-03,55.0,2,100.0,0.0,USD,55.0,0.0,BYMA,0.0,0.0,0.0,1070,CORP,0.0,0.0,1346.0,,2.9295,4.5,8.1818,43.81,Rizobacter Argentina S.A.,30593174057,Agro - Biotech,True
0.0,LUC5D,0.0,99.9,106.0,0.0,0.0,,0,0.0,-1,,,2029-02-26,99.9,1,420.0,0.0,USD,97.71,0.0,BYMA,0.0,0.0,0.0,881,CORP,0.0,0.0,100.0,,2.412,8.29,8.4843,43.8,[LUC],,Sin mapear,False
0.0,MCC2C,0.0,92.18,102.1,0.0,0.0,,0,0.0,-1,,,2027-06-03,92.18,2,9106.0,0.0,EXT,94.07,0.0,BYMA,0.0,0.0,0.0,247,CORP,0.0,0.0,6550.0,,0.6762,8.03,8.5362,43.78,[MCC],,Sin mapear,False
0.0,SXC3O,0.0,100.0,107.5,0.0,0.0,,0,0.0,-1,,,2027-02-23,100.0,1,100000.0,0.0,ARS,99.0,0.0,BYMA,0.0,0.0,0.0,147,CORP,0.0,0.0,37777.0,,0.4025,8.5,8.5859,43.77,MERCADO PAGO SERVICIOS DE PROCESAMIENTO S.R.L.,30716999498,,True
0.0,YFCGO,0.0,152660.0,166000.0,0.0,0.0,,0,0.0,-1,,,2027-02-27,152660.0,1,4295.0,0.0,ARS,152700.0,0.0,BYMA,0.0,0.0,0.0,151,CORP,0.0,0.0,2459.0,,0.4134,13300.0,8.7099,43.73,YPF Energía Eléctrica S.A.,30714128309,Energía - Electricidad,True
0.0,SNEBD,0.0,67.59,68.0,0.0,0.0,,0,0.0,-1,,,2029-07-14,67.59,1,5742.0,0.0,USD,62.45,0.0,BYMA,0.0,0.0,0.0,1019,CORP,0.0,0.0,5355.0,,2.7899,5.55,8.8871,43.72,SION S.A.,30690076043,,True
0.0,PUC2D,0.0,100.5,107.0,0.0,0.0,,0,0.0,-1,,,2027-08-28,100.5,2,209.0,0.0,USD,98.0,0.0,BYMA,0.0,0.0,0.0,333,CORP,0.0,0.0,20.0,,0.9117,9.0,9.1837,43.7,[PUC],,Sin mapear,False
0.0,PECKO,0.0,76000.0,80000.0,0.0,0.0,,0,0.0,-1,,,2030-08-25,76000.0,2,2393.0,0.0,ARS,73000.0,0.0,BYMA,0.0,0.0,0.0,1426,CORP,0.0,0.0,2274.0,,3.9042,7000.0,9.589,43.69,PETROLERA ACONCAGUA ENERGIA S.A.,30714814229,,True
0.0,CACBO,0.0,151499.1178,163560.0,0.0,0.0,,0,0.0,-1,,,2028-06-17,151499.1178,1,1883.0,0.0,ARS,148850.0,0.0,BYMA,0.0,0.0,0.0,627,CORP,0.0,0.0,2000.0,,1.7166,14710.0,9.8824,43.67,Capex S.A.,30629827060,Energía - Electricidad,True
0.0,MIC4O,0.0,152010.0,169790.0,0.0,0.0,,0,0.0,-1,,,2027-07-29,152010.0,1,51000.0,0.0,ARS,153810.0,0.0,BYMA,0.0,0.0,0.0,303,CORP,0.0,0.0,6890.0,,0.8296,15980.0,10.3894,43.61,MIRGOR S.A.,30578036071,,True
0.0,YFCIC,0.0,92.8092,101.2,0.0,0.0,,0,0.0,-1,,,2027-06-13,92.8092,2,297.0,0.0,EXT,91.61,0.0,BYMA,0.0,0.0,0.0,257,CORP,0.0,0.0,7234.0,,0.7036,9.59,10.4683,43.59,YPF Energía Eléctrica S.A.,30714128309,Energía - Electricidad,True
0.0,PECMO,0.0,78980.0,78500.0,0.0,0.0,,0,0.0,-1,,,2032-08-25,78980.0,2,1009.0,0.0,ARS,71000.0,0.0,BYMA,0.0,0.0,0.0,2157,CORP,0.0,0.0,63.0,,5.9055,7500.0,10.5634,43.58,PETROLERA ACONCAGUA ENERGIA S.A.,30714814229,,True
0.0,BF39O,0.0,158560.0,159000.0,0.0,0.0,,0,0.0,-1,,,2026-12-05,158560.0,2,10000.0,0.0,ARS,143640.0,0.0,BYMA,0.0,0.0,0.0,67,CORP,0.0,0.0,100000.0,,0.1834,15360.0,10.6934,43.56,Banco BBVA Argentina S.A.,30500003193,Financiero - Bancos,True
0.0,LMS8O,0.0,84006.7859,89900.0,0.0,0.0,,0,0.0,-1,,,2027-03-21,84006.7859,1,1300.0,0.0,ARS,81160.0,0.0,BYMA,0.0,0.0,0.0,173,CORP,0.0,0.0,30000.0,,0.4736,8740.0,10.7689,43.55,BLM DESARROLLOS SA,30718221516,,True
0.0,CLSIO,0.0,69980.0,69980.0,0.0,0.0,,0,0.0,-1,,,2027-07-26,69980.0,1,5500.0,0.0,ARS,63110.0,0.0,BYMA,0.0,0.0,0.0,300,CORP,0.0,0.0,1500.0,,0.8214,6870.0,10.8858,43.53,[CLS],,Sin mapear,False
0.0,VAC3D,0.0,96.1,101.4,0.0,0.0,,0,0.0,-1,,,2027-10-27,96.1,2,876.0,0.0,USD,91.21,0.0,BYMA,0.0,0.0,0.0,393,CORP,0.0,0.0,1600.0,,1.076,10.19,11.172,43.5,[VAC],,Sin mapear,False
0.0,CIC8O,0.0,152460.0,169870.0,0.0,0.0,,0,0.0,-1,,,2028-11-12,152460.0,1,2000.0,0.0,ARS,152510.0,0.0,BYMA,0.0,0.0,0.0,775,CORP,0.0,0.0,1279.0,,2.1218,17360.0,11.3829,43.49,CNH INDUSTRIAL CAPITAL ARGENTINA S.A.,30714322938,,True
0.0,GN48O,0.0,135530.8718,161100.0,0.0,0.0,,0,0.0,-1,,,2028-03-05,135530.8718,1,3850.0,0.0,ARS,144010.0,0.0,BYMA,0.0,0.0,0.0,523,CORP,0.0,0.0,100.0,,1.4319,17090.0,11.8672,43.47,Genneia S.A.,30665234114,Energía - Renovable,True
0.0,VSCKO,0.0,130000.0,147000.0,0.0,0.0,,0,0.0,-1,,,2028-03-03,130000.0,2,3057.0,0.0,ARS,131000.0,0.0,BYMA,0.0,0.0,0.0,521,CORP,0.0,0.0,10.0,,1.4264,16000.0,12.2137,43.45,Vista Oil & Gas Argentina S.A.U.,33515950899,Energía - Petróleo y Gas,True
0.0,CWC6O,0.0,140240.0,158300.0,0.0,0.0,,0,0.0,-1,,,2027-10-30,140240.0,2,1330.0,0.0,ARS,140510.0,0.0,BYMA,0.0,0.0,0.0,396,CORP,0.0,0.0,2799.0,,1.0842,17790.0,12.661,43.44,CROWN POINT ENERGIA S.A.,30709346268,,True
0.0,VSCJO,0.0,145840.0,159990.0,0.0,0.0,,0,0.0,-1,,,2027-03-03,145840.0,2,3000.0,0.0,ARS,141870.0,0.0,BYMA,0.0,0.0,0.0,155,CORP,0.0,0.0,6700.0,,0.4244,18120.0,12.7723,43.42,Vista Oil & Gas Argentina S.A.U.,33515950899,Energía - Petróleo y Gas,True
0.0,PNDCO,0.0,66970.0,69650.0,0.0,0.0,,0,0.0,-1,,,2027-04-30,66970.0,1,2000.0,0.0,ARS,61720.0,0.0,BYMA,0.0,0.0,0.0,213,CORP,0.0,0.0,5000.0,,0.5832,7930.0,12.8483,43.41,Pan American Energy LLC (PAE Sucursal),30714813583,Energía - Petróleo y Gas,True
0.0,VSCKD,0.0,81.0,94.0,0.0,0.0,,0,0.0,-1,,,2028-03-03,81.0,2,1120.0,0.0,USD,83.02,0.0,BYMA,0.0,0.0,0.0,521,CORP,0.0,0.0,9.0,,1.4264,10.98,13.2257,43.39,Vista Oil & Gas Argentina S.A.U.,33515950899,Energía - Petróleo y Gas,True
0.0,PECNC,0.0,60.0,60.0,0.0,0.0,,0,0.0,-1,,,2032-08-25,60.0,2,5200.0,0.0,EXT,52.93,0.0,BYMA,0.0,0.0,0.0,2157,CORP,0.0,0.0,3450.0,,5.9055,7.07,13.3573,43.38,PETROLERA ACONCAGUA ENERGIA S.A.,30714814229,,True
0.0,MR47C,0.0,43.542,42.49,0.0,0.0,,0,0.0,-1,,,2036-06-30,43.542,2,100.0,0.0,EXT,37.473,0.0,BYMA,0.0,0.0,0.0,3562,CORP,0.0,0.0,9434.0,,9.7522,5.017,13.3883,43.36,Generación Mediterránea / Central Térmica Roca S.A.,33711944899,Energía - Electricidad,True
0.0,RZABO,0.0,96500.0,96400.0,0.0,0.0,,0,0.0,-1,,,2027-11-28,96500.0,2,5000.0,0.0,ARS,85000.0,0.0,BYMA,0.0,0.0,0.0,425,CORP,0.0,0.0,5000.0,,1.1636,11400.0,13.4118,43.34,Rizobacter Argentina S.A.,30593174057,Agro - Biotech,True
0.0,MR43O,0.0,39350.0,36590.0,0.0,0.0,,0,0.0,-1,,,2036-06-30,39350.0,1,2085.0,0.0,ARS,32105.0,0.0,BYMA,0.0,0.0,0.0,3562,CORP,0.0,0.0,288.0,,9.7522,4485.0,13.9698,43.33,Generación Mediterránea / Central Térmica Roca S.A.,33711944899,Energía - Electricidad,True
0.0,YMCTO,0.0,159990.0,159890.0,0.0,0.0,,0,0.0,-1,,,2026-10-10,159990.0,2,8000.0,0.0,ARS,140000.0,0.0,BYMA,0.0,0.0,0.0,11,CORP,0.0,0.0,7000.0,,0.0301,19890.0,14.2071,43.31,YPF S.A.,30546689979,,True
0.0,CLSIC,0.0,43.36,47.469,0.0,0.0,,0,0.0,-1,,,2027-07-26,43.36,2,2058.0,0.0,EXT,41.495,0.0,BYMA,0.0,0.0,0.0,300,CORP,0.0,0.0,597.0,,0.8214,5.974,14.3969,43.3,[CLS],,Sin mapear,False
0.0,CLSID,0.0,42.21,47.058,0.0,0.0,,0,0.0,-1,,,2027-07-26,42.21,1,6870.0,0.0,USD,41.0,0.0,BYMA,0.0,0.0,0.0,300,CORP,0.0,0.0,1000.0,,0.8214,6.058,14.7756,43.28,[CLS],,Sin mapear,False
0.0,PNDCD,0.0,44.5,46.5,0.0,0.0,,0,0.0,-1,,,2027-04-30,44.5,1,5000.0,0.0,USD,40.0,0.0,BYMA,0.0,0.0,0.0,213,CORP,0.0,0.0,5000.0,,0.5832,6.5,16.25,43.24,Pan American Energy LLC (PAE Sucursal),30714813583,Energía - Petróleo y Gas,True
0.0,YMCRD,0.0,93.6,97.89,0.0,0.0,,0,0.0,-1,,,2028-09-12,93.6,2,1.0,0.0,USD,83.9,0.0,BYMA,0.0,0.0,0.0,714,CORP,0.0,0.0,100.0,,1.9548,13.99,16.6746,43.22,YPF S.A.,30546689979,Energía - Petróleo y Gas,True
0.0,MR47O,0.0,68040.0,71220.0,0.0,0.0,,0,0.0,-1,,,2036-06-30,68040.0,1,31.0,0.0,ARS,60920.0,0.0,BYMA,0.0,0.0,0.0,3562,CORP,0.0,0.0,251.0,,9.7522,10300.0,16.9074,43.2,Generación Mediterránea / Central Térmica Roca S.A.,33711944899,Energía - Electricidad,True
0.0,SNEAO,0.0,92000.0,94800.0,0.0,0.0,,0,0.0,-1,,,2029-07-14,92000.0,1,6500.0,0.0,ARS,81010.0,0.0,BYMA,0.0,0.0,0.0,1019,CORP,0.0,0.0,1.0,,2.7899,13790.0,17.0226,43.19,SION S.A.,30690076043,,True
0.0,HJCKD,0.0,105.0,120.0,0.0,0.0,,0,0.0,-1,,,2029-01-16,105.0,1,1000.0,0.0,USD,100.1,0.0,BYMA,0.0,0.0,0.0,840,CORP,0.0,0.0,3000.0,,2.2998,19.9,19.8801,43.17,John Deere Credit Cía. Financiera S.A.,30707024859,Financiero - Crédito Industrial,True
0.0,MR44D,0.0,22.397,25.9,0.0,0.0,,0,0.0,-1,,,2036-06-30,22.397,1,35420.0,0.0,USD,21.5,0.0,BYMA,0.0,0.0,0.0,3562,CORP,0.0,0.0,3300.0,,9.7522,4.4,20.4651,43.16,Generación Mediterránea / Central Térmica Roca S.A.,33711944899,Energía - Electricidad,True
0.0,RZABD,0.0,63.32,63.14,0.0,0.0,,0,0.0,-1,,,2027-11-28,63.32,2,5000.0,0.0,USD,50.11,0.0,BYMA,0.0,0.0,0.0,425,CORP,0.0,0.0,800.0,,1.1636,13.03,26.0028,43.14,Rizobacter Argentina S.A.,30593174057,Agro - Biotech,True
0.0,RZ8BO,0.0,47600.0,80000.0,0.0,0.0,,0,0.0,-1,,,2029-09-03,47600.0,2,225.0,0.0,ARS,47600.0,0.0,BYMA,0.0,0.0,0.0,1070,CORP,0.0,0.0,200.0,,2.9295,32400.0,68.0672,43.13,RIZOBACTER ARGENTINA S.A.,30593174057,,True
0.0,GN39O,0.0,144850.0,146000.0,0.0,0.0,,0,0.0,-1,,,2028-07-14,144850.0,2,15000.0,0.0,ARS,86050.0,0.0,BYMA,0.0,0.0,0.0,654,CORP,0.0,0.0,10.0,,1.7906,59950.0,69.6688,43.11,Genneia S.A.,30665234114,Energía - Renovable,True
0.0,PECMD,0.0,53.4882,56.0,0.0,0.0,,0,0.0,-1,,,2032-08-25,53.4882,2,3213.0,0.0,USD,30.0,0.0,BYMA,0.0,0.0,0.0,2157,CORP,0.0,0.0,100.0,,5.9055,26.0,86.6667,43.1,PETROLERA ACONCAGUA ENERGIA S.A.,30714814229,,True
0.0,CLSIC,0.0,43.75,47.997,0.0,0.0,,0,0.0,-1,,,2027-07-26,43.75,1,3127.0,0.0,EXT,25.2,0.0,BYMA,0.0,0.0,0.0,300,CORP,0.0,0.0,1000.0,,0.8214,22.797,90.4643,43.08,[CLS],,Sin mapear,False
0.0,PECLO,0.0,44.0,95.0,0.0,0.0,,0,0.0,-1,,,2032-08-25,44.0,2,564517.0,0.0,ARS,44.01,0.0,BYMA,0.0,0.0,0.0,2157,CORP,0.0,0.0,114000.0,,5.9055,50.99,115.86,43.06,PETROLERA ACONCAGUA ENERGIA S.A.,30714814229,,True
0.0,MU32D,0.0,98.86,103.5,0.0,0.0,,0,0.0,-1,,,2027-12-19,98.86,2,1099.0,0.0,USD,30.0,0.0,BYMA,0.0,0.0,0.0,446,CORP,0.0,0.0,1000.0,,1.2211,73.5,245.0,43.05,[MU3],,Sin mapear,False
0.0,VAC3P,0.0,150350.0,160000.0,0.0,0.0,,0,0.0,-1,,,2027-10-27,150350.0,1,300.0,0.0,ARS,16625.0,0.0,BYMA,0.0,0.0,0.0,393,CORP,0.0,0.0,1000.0,,1.076,143375.0,862.406,43.03,[VAC],,Sin mapear,False
0.0,CRCJO,0.0,7000.0,62820.0,0.0,0.0,,0,0.0,-1,,,2028-05-16,7000.0,1,1000.0,0.0,ARS,6071.0,0.0,BYMA,0.0,0.0,0.0,595,CORP,0.0,0.0,3000.0,,1.629,56749.0,934.7554,43.02,[CRC],,Sin mapear,False
0.0,RZBAO,0.0,92500.0,92000.0,0.0,0.0,,0,0.0,-1,,,2029-09-03,92500.0,2,600.0,0.0,ARS,91.0,0.0,BYMA,0.0,0.0,0.0,1070,CORP,0.0,0.0,15000.0,,2.9295,91909.0,100998.9011,43.0,RIZOBACTER ARGENTINA S.A.,30593174057,,True
0.0,YFCNX,0.0,157684.8,0.0,0.0,0.0,,0,0.0,-1,,,2026-10-03,157684.8,1,0.0,0.0,ARS,0.0,0.0,BYMA,0.0,0.0,0.0,4,CORP,0.0,0.0,0.0,,0.011,,,32.89,YPF Energía Eléctrica S.A.,30714128309,Energía - Electricidad,True
0.0,YFCNX,0.0,155800.0,0.0,0.0,0.0,,0,0.0,-1,,,2026-10-03,155800.0,2,0.0,0.0,ARS,0.0,0.0,BYMA,0.0,0.0,0.0,4,CORP,0.0,0.0,0.0,,0.011,,,32.89,YPF Energía Eléctrica S.A.,30714128309,Energía - Electricidad,True
0.0,YFCNY,0.0,100.9,0.0,0.0,0.0,,0,0.0,-1,,,2026-10-03,100.9,2,0.0,0.0,USD,0.0,0.0,BYMA,0.0,0.0,0.0,4,CORP,0.0,0.0,0.0,,0.011,,,32.89,YPF Energía Eléctrica S.A.,30714128309,Energía - Electricidad,True
0.0,YFCNZ,0.0,98.8,0.0,0.0,0.0,,0,0.0,-1,,,2026-10-03,98.8,1,0.0,0.0,EXT,0.0,0.0,BYMA,0.0,0.0,0.0,4,CORP,0.0,0.0,0.0,,0.011,,,32.89,YPF Energía Eléctrica S.A.,30714128309,Energía - Electricidad,True
0.0,YFCNZ,0.0,100.0,0.0,0.0,0.0,,0,0.0,-1,,,2026-10-03,100.0,2,0.0,0.0,EXT,0.0,0.0,BYMA,0.0,0.0,0.0,4,CORP,0.0,0.0,0.0,,0.011,,,32.89,YPF Energía Eléctrica S.A.,30714128309,Energía - Electricidad,True
0.0,DHSKD,0.0,102.6,0.0,0.0,0.0,,0,0.0,-1,,,2026-10-05,102.6,2,0.0,0.0,USD,0.0,0.0,BYMA,0.0,0.0,0.0,6,CORP,0.0,0.0,0.0,,0.0164,,,32.89,Credicuotas Consumo S.A.,30710911580,Financiero - Crédito Consumo,True
0.0,DHSKO,0.0,145540.0,0.0,0.0,0.0,,0,0.0,-1,,,2026-10-05,145540.0,2,0.0,0.0,ARS,0.0,0.0,BYMA,0.0,0.0,0.0,6,CORP,0.0,0.0,0.0,,0.0164,,,32.89,Credicuotas Consumo S.A.,30710911580,Financiero - Crédito Consumo,True
0.0,RC2CC,0.0,97.1633,0.0,0.0,0.0,,0,0.0,-1,,,2026-10-06,97.1633,1,0.0,0.0,EXT,0.0,0.0,BYMA,0.0,0.0,0.0,7,CORP,0.0,0.0,0.0,,0.0192,,,32.89,ARCOR S.A.I.C.,30502793175,,True
0.0,RC2CD,0.0,102.55,0.0,0.0,0.0,,0,0.0,-1,,,2026-10-06,102.55,1,0.0,0.0,USD,103.0,0.0,BYMA,0.0,0.0,0.0,7,CORP,0.0,0.0,1.0,,0.0192,,,32.89,ARCOR S.A.I.C.,30502793175,,True
0.0,RC2CO,0.0,163000.0,0.0,0.0,0.0,,0,0.0,-1,,,2026-10-06,163000.0,1,0.0,0.0,ARS,159500.0,0.0,BYMA,0.0,0.0,0.0,7,CORP,0.0,0.0,1.0,,0.0192,,,32.89,ARCOR S.A.I.C.,30502793175,,True
0.0,RC2CX,0.0,152950.0,0.0,0.0,0.0,,0,0.0,-1,,,2026-10-06,152950.0,1,0.0,0.0,ARS,0.0,0.0,BYMA,0.0,0.0,0.0,7,CORP,0.0,0.0,0.0,,0.0192,,,32.89,ARCOR S.A.I.C.,30502793175,,True
0.0,RC2CY,0.0,101.75,0.0,0.0,0.0,,0,0.0,-1,,,2026-10-06,101.75,1,0.0,0.0,USD,0.0,0.0,BYMA,0.0,0.0,0.0,7,CORP,0.0,0.0,0.0,,0.0192,,,32.89,ARCOR S.A.I.C.,30502793175,,True
0.0,JNC5D,0.0,97.021,0.0,0.0,0.0,,0,0.0,-1,,,2026-10-09,97.021,1,0.0,0.0,USD,0.0,0.0,BYMA,0.0,0.0,0.0,10,CORP,0.0,0.0,0.0,,0.0274,,,32.89,[JNC],,Sin mapear,False
0.0,JNC5D,0.0,101.5,0.0,0.0,0.0,,0,0.0,-1,,,2026-10-09,101.5,2,0.0,0.0,USD,99.1,0.0,BYMA,0.0,0.0,0.0,10,CORP,0.0,0.0,500.0,,0.0274,,,32.89,[JNC],,Sin mapear,False
0.0,JNC5O,0.0,135540.255,0.0,0.0,0.0,,0,0.0,-1,,,2026-10-09,135540.255,1,0.0,0.0,ARS,0.0,0.0,BYMA,0.0,0.0,0.0,10,CORP,0.0,0.0,0.0,,0.0274,,,32.89,[JNC],,Sin mapear,False
0.0,JNC5O,0.0,150100.0,0.0,0.0,0.0,,0,0.0,-1,,,2026-10-09,150100.0,2,0.0,0.0,ARS,150120.0,0.0,BYMA,0.0,0.0,0.0,10,CORP,0.0,0.0,100.0,,0.0274,,,32.89,[JNC],,Sin mapear,False
0.0,JNC5Y,0.0,100.6,0.0,0.0,0.0,,0,0.0,-1,,,2026-10-09,100.6,2,0.0,0.0,USD,0.0,0.0,BYMA,0.0,0.0,0.0,10,CORP,0.0,0.0,0.0,,0.0274,,,32.89,[JNC],,Sin mapear,False
0.0,YMCTD,0.0,97.0,0.0,0.0,0.0,,0,0.0,-1,,,2026-10-10,97.0,1,0.0,0.0,USD,0.0,0.0,BYMA,0.0,0.0,0.0,11,CORP,0.0,0.0,0.0,,0.0301,,,32.89,YPF S.A.,30546689979,,True
0.0,YMCTO,0.0,165000.0,162500.0,0.0,0.0,,0,0.0,-1,,,2026-10-10,165000.0,1,200.0,0.0,ARS,0.0,0.0,BYMA,0.0,0.0,0.0,11,CORP,0.0,0.0,0.0,,0.0301,,,32.89,YPF S.A.,30546689979,,True
0.0,YMCTX,0.0,129050.0,0.0,0.0,0.0,,0,0.0,-1,,,2026-10-10,129050.0,1,0.0,0.0,ARS,0.0,0.0,BYMA,0.0,0.0,0.0,11,CORP,0.0,0.0,0.0,,0.0301,,,32.89,YPF S.A.,30546689979,,True
0.0,YMCTX,0.0,133397.0,0.0,0.0,0.0,,0,0.0,-1,,,2026-10-10,133397.0,2,0.0,0.0,ARS,0.0,0.0,BYMA,0.0,0.0,0.0,11,CORP,0.0,0.0,0.0,,0.0301,,,32.89,YPF S.A.,30546689979,,True
0.0,YMCTZ,0.0,90.426,0.0,0.0,0.0,,0,0.0,-1,,,2026-10-10,90.426,2,0.0,0.0,EXT,0.0,0.0,BYMA,0.0,0.0,0.0,11,CORP,0.0,0.0,0.0,,0.0301,,,32.89,YPF S.A.,30546689979,,True
0.0,PN40D,0.0,0.01,0.0,0.0,0.0,,0,0.0,-1,,,2026-10-11,0.01,2,0.0,0.0,USD,0.0,0.0,BYMA,0.0,0.0,0.0,12,CORP,0.0,0.0,0.0,,0.0329,,,32.89,Pan American Energy LLC (PAE Sucursal),30714813583,Energía - Petróleo y Gas,True
0.0,PN40O,0.0,133574.12,0.0,0.0,0.0,,0,0.0,-1,,,2026-10-11,133574.12,1,0.0,0.0,ARS,0.0,0.0,BYMA,0.0,0.0,0.0,12,CORP,0.0,0.0,0.0,,0.0329,,,32.89,Pan American Energy LLC (PAE Sucursal),30714813583,Energía - Petróleo y Gas,True
0.0,PN40O,0.0,137850.0,0.0,0.0,0.0,,0,0.0,-1,,,2026-10-11,137850.0,2,0.0,0.0,ARS,125000.0,0.0,BYMA,0.0,0.0,0.0,12,CORP,0.0,0.0,10.0,,0.0329,,,32.89,Pan American Energy LLC (PAE Sucursal),30714813583,Energía - Petróleo y Gas,True
0.0,PN40X,0.0,139000.0,0.0,0.0,0.0,,0,0.0,-1,,,2026-10-11,139000.0,1,0.0,0.0,ARS,0.0,0.0,BYMA,0.0,0.0,0.0,12,CORP,0.0,0.0,0.0,,0.0329,,,32.89,Pan American Energy LLC (PAE Sucursal),30714813583,Energía - Petróleo y Gas,True
0.0,PN40X,0.0,145048.0,0.0,0.0,0.0,,0,0.0,-1,,,2026-10-11,145048.0,2,0.0,0.0,ARS,0.0,0.0,BYMA,0.0,0.0,0.0,12,CORP,0.0,0.0,0.0,,0.0329,,,32.89,Pan American Energy LLC (PAE Sucursal),30714813583,Energía - Petróleo y Gas,True
0.0,PN40Y,0.0,90.153,0.0,0.0,0.0,,0,0.0,-1,,,2026-10-11,90.153,1,0.0,0.0,USD,0.0,0.0,BYMA,0.0,0.0,0.0,12,CORP,0.0,0.0,0.0,,0.0329,,,32.89,Pan American Energy LLC (PAE Sucursal),30714813583,Energía - Petróleo y Gas,True
0.0,PN40Z,0.0,90.153,0.0,0.0,0.0,,0,0.0,-1,,,2026-10-11,90.153,1,0.0,0.0,EXT,0.0,0.0,BYMA,0.0,0.0,0.0,12,CORP,0.0,0.0,0.0,,0.0329,,,32.89,Pan American Energy LLC (PAE Sucursal),30714813583,Energía - Petróleo y Gas,True
0.0,PN40Z,0.0,87.58,0.0,0.0,0.0,,0,0.0,-1,,,2026-10-11,87.58,2,0.0,0.0,EXT,0.0,0.0,BYMA,0.0,0.0,0.0,12,CORP,0.0,0.0,0.0,,0.0329,,,32.89,Pan American Energy LLC (PAE Sucursal),30714813583,Energía - Petróleo y Gas,True
0.0,SOC3O,0.0,112850.0,0.0,0.0,0.0,,0,0.0,-1,,,2026-10-11,112850.0,2,0.0,0.0,ARS,0.0,0.0,BYMA,0.0,0.0,0.0,12,CORP,0.0,0.0,0.0,,0.0329,,,32.89,SPECIAL GRAINS S.A/PETROAGRO S.A.,30600615889,,True
0.0,EAC1C,0.0,72.776,0.0,0.0,0.0,,0,0.0,-1,,,2026-10-12,72.776,1,0.0,0.0,EXT,0.0,0.0,BYMA,0.0,0.0,0.0,13,CORP,0.0,0.0,0.0,,0.0356,,,32.89,MSU GREEN ENERGY S.A.U.,30714155128,,True
0.0,EAC1D,0.0,63.885,0.0,0.0,0.0,,0,0.0,-1,,,2026-10-12,63.885,1,0.0,0.0,USD,0.0,0.0,BYMA,0.0,0.0,0.0,13,CORP,0.0,0.0,0.0,,0.0356,,,32.89,MSU GREEN ENERGY S.A.U.,30714155128,,True
0.0,EAC1D,0.0,96.0,105.0,0.0,0.0,,0,0.0,-1,,,2026-10-12,96.0,2,200.0,0.0,USD,0.0,0.0,BYMA,0.0,0.0,0.0,13,CORP,0.0,0.0,0.0,,0.0356,,,32.89,MSU GREEN ENERGY S.A.U.,30714155128,,True
0.0,EAC1O,0.0,148500.0,0.0,0.0,0.0,,0,0.0,-1,,,2026-10-12,148500.0,1,0.0,0.0,ARS,0.0,0.0,BYMA,0.0,0.0,0.0,13,CORP,0.0,0.0,0.0,,0.0356,,,32.89,MSU GREEN ENERGY S.A.U.,30714155128,,True
0.0,EAC1O,0.0,149500.0,0.0,0.0,0.0,,0,0.0,-1,,,2026-10-12,149500.0,2,0.0,0.0,ARS,147600.0,0.0,BYMA,0.0,0.0,0.0,13,CORP,0.0,0.0,300.0,,0.0356,,,32.89,MSU GREEN ENERGY S.A.U.,30714155128,,True
0.0,EAC1X,0.0,36540.0,0.0,0.0,0.0,,0,0.0,-1,,,2026-10-12,36540.0,1,0.0,0.0,ARS,0.0,0.0,BYMA,0.0,0.0,0.0,13,CORP,0.0,0.0,0.0,,0.0356,,,32.89,MSU GREEN ENERGY S.A.U.,30714155128,,True
0.0,SNSBD,0.0,85.04,0.0,0.0,0.0,,0,0.0,-1,,,2026-10-14,85.04,1,0.0,0.0,USD,0.0,0.0,BYMA,0.0,0.0,0.0,15,CORP,0.0,0.0,0.0,,0.0411,,,32.89,SION S.A.,30690076043,,True
0.0,BVCPD,0.0,94.1165,0.0,0.0,0.0,,0,0.0,-1,,,2026-10-21,94.1165,1,0.0,0.0,USD,101.5,0.0,BYMA,0.0,0.0,0.0,22,CORP,0.0,0.0,30000.0,,0.0602,,,32.89,Banco de Servicios y Transacciones S.A.,30704960995,Financiero - Bancos,True
0.0,BVCPO,0.0,0.0,0.0,0.0,0.0,,0,0.0,-1,,,2026-10-21,0.0,1,0.0,0.0,ARS,156830.0,0.0,BYMA,0.0,0.0,0.0,22,CORP,0.0,0.0,30000.0,,0.0602,,,32.89,Banco de Servicios y Transacciones S.A.,30704960995,Financiero - Bancos,True
0.0,BVCPO,0.0,154540.0,0.0,0.0,0.0,,0,0.0,-1,,,2026-10-21,154540.0,2,0.0,0.0,ARS,156930.0,0.0,BYMA,0.0,0.0,0.0,22,CORP,0.0,0.0,30000.0,,0.0602,,,32.89,Banco de Servicios y Transacciones S.A.,30704960995,Financiero - Bancos,True
0.0,HJCFX,0.0,125130.99,0.0,0.0,0.0,,0,0.0,-1,,,2026-10-21,125130.99,1,0.0,0.0,ARS,0.0,0.0,BYMA,0.0,0.0,0.0,22,CORP,0.0,0.0,0.0,,0.0602,,,32.89,John Deere Credit Cía. Financiera S.A.,30707024859,Financiero - Crédito Industrial,True
0.0,HJCFY,0.0,100.0,0.0,0.0,0.0,,0,0.0,-1,,,2026-10-21,100.0,2,0.0,0.0,USD,0.0,0.0,BYMA,0.0,0.0,0.0,22,CORP,0.0,0.0,0.0,,0.0602,,,32.89,John Deere Credit Cía. Financiera S.A.,30707024859,Financiero - Crédito Industrial,True
0.0,OTS5O,0.0,159250.0,0.0,0.0,0.0,,0,0.0,-1,,,2026-10-23,159250.0,1,0.0,0.0,ARS,159400.0,0.0,BYMA,0.0,0.0,0.0,24,CORP,0.0,0.0,1.0,,0.0657,,,32.89,[OTS],,Sin mapear,False
0.0,OTS5X,0.0,157850.0,0.0,0.0,0.0,,0,0.0,-1,,,2026-10-23,157850.0,2,0.0,0.0,ARS,0.0,0.0,BYMA,0.0,0.0,0.0,24,CORP,0.0,0.0,0.0,,0.0657,,,32.89,[OTS],,Sin mapear,False
0.0,OTS5Y,0.0,100.7,0.0,0.0,0.0,,0,0.0,-1,,,2026-10-23,100.7,2,0.0,0.0,USD,0.0,0.0,BYMA,0.0,0.0,0.0,24,CORP,0.0,0.0,0.0,,0.0657,,,32.89,[OTS],,Sin mapear,False
0.0,VBC3O,0.0,105.0,0.0,0.0,0.0,,0,0.0,-1,,,2026-10-24,105.0,2,0.0,0.0,ARS,106.0,0.0,BYMA,0.0,0.0,0.0,25,CORP,0.0,0.0,2500000.0,,0.0684,,,32.89,[VBC],,Sin mapear,False
0.0,BACAC,0.0,85.438,0.0,0.0,0.0,,0,0.0,-1,,,2026-11-04,85.438,1,0.0,0.0,EXT,0.0,0.0,BYMA,0.0,0.0,0.0,36,CORP,0.0,0.0,0.0,,0.0986,,,32.89,[BAC],,Sin mapear,False
0.0,BACAC,0.0,92.08,0.0,0.0,0.0,,0,0.0,-1,,,2026-11-04,92.08,2,0.0,0.0,EXT,0.0,0.0,BYMA,0.0,0.0,0.0,36,CORP,0.0,0.0,0.0,,0.0986,,,32.89,[BAC],,Sin mapear,False
0.0,BACAD,0.0,95.828,0.0,0.0,0.0,,0,0.0,-1,,,2026-11-04,95.828,1,0.0,0.0,USD,0.0,0.0,BYMA,0.0,0.0,0.0,36,CORP,0.0,0.0,0.0,,0.0986,,,32.89,[BAC],,Sin mapear,False
0.0,BACAD,0.0,100.9029,0.0,0.0,0.0,,0,0.0,-1,,,2026-11-04,100.9029,2,0.0,0.0,USD,0.0,0.0,BYMA,0.0,0.0,0.0,36,CORP,0.0,0.0,0.0,,0.0986,,,32.89,[BAC],,Sin mapear,False
0.0,BACAO,0.0,142395.8336,0.0,0.0,0.0,,0,0.0,-1,,,2026-11-04,142395.8336,1,0.0,0.0,ARS,0.0,0.0,BYMA,0.0,0.0,0.0,36,CORP,0.0,0.0,0.0,,0.0986,,,32.89,[BAC],,Sin mapear,False
0.0,BACAO,0.0,142682.0048,0.0,0.0,0.0,,0,0.0,-1,,,2026-11-04,142682.0048,2,0.0,0.0,ARS,0.0,0.0,BYMA,0.0,0.0,0.0,36,CORP,0.0,0.0,0.0,,0.0986,,,32.89,[BAC],,Sin mapear,False
0.0,BACAX,0.0,151800.0,0.0,0.0,0.0,,0,0.0,-1,,,2026-11-04,151800.0,1,0.0,0.0,ARS,0.0,0.0,BYMA,0.0,0.0,0.0,36,CORP,0.0,0.0,0.0,,0.0986,,,32.89,[BAC],,Sin mapear,False
0.0,BACAX,0.0,154500.0,0.0,0.0,0.0,,0,0.0,-1,,,2026-11-04,154500.0,2,0.0,0.0,ARS,0.0,0.0,BYMA,0.0,0.0,0.0,36,CORP,0.0,0.0,0.0,,0.0986,,,32.89,[BAC],,Sin mapear,False
0.0,BACAY,0.0,91.775,0.0,0.0,0.0,,0,0.0,-1,,,2026-11-04,91.775,1,0.0,0.0,USD,0.0,0.0,BYMA,0.0,0.0,0.0,36,CORP,0.0,0.0,0.0,,0.0986,,,32.89,[BAC],,Sin mapear,False
0.0,BACAY,0.0,85.9,0.0,0.0,0.0,,0,0.0,-1,,,2026-11-04,85.9,2,0.0,0.0,USD,0.0,0.0,BYMA,0.0,0.0,0.0,36,CORP,0.0,0.0,0.0,,0.0986,,,32.89,[BAC],,Sin mapear,False
0.0,BACAZ,0.0,100.0,0.0,0.0,0.0,,0,0.0,-1,,,2026-11-04,100.0,1,0.0,0.0,EXT,0.0,0.0,BYMA,0.0,0.0,0.0,36,CORP,0.0,0.0,0.0,,0.0986,,,32.89,[BAC],,Sin mapear,False
0.0,BACAZ,0.0,100.0,0.0,0.0,0.0,,0,0.0,-1,,,2026-11-04,100.0,2,0.0,0.0,EXT,0.0,0.0,BYMA,0.0,0.0,0.0,36,CORP,0.0,0.0,0.0,,0.0986,,,32.89,[BAC],,Sin mapear,False
0.0,AFCIC,0.0,0.0,0.0,0.0,0.0,,0,0.0,-1,,,2026-11-07,0.0,2,0.0,0.0,EXT,96.15,0.0,BYMA,0.0,0.0,0.0,39,CORP,0.0,0.0,50000.0,,0.1068,,,32.89,Banco Comafi S.A.,30604731018,Financiero - Bancos,True
0.0,AFCIX,0.0,154413.0,0.0,0.0,0.0,,0,0.0,-1,,,2026-11-07,154413.0,2,0.0,0.0,ARS,0.0,0.0,BYMA,0.0,0.0,0.0,39,CORP,0.0,0.0,0.0,,0.1068,,,32.89,Banco Comafi S.A.,30604731018,Financiero - Bancos,True
0.0,AFCIY,0.0,104.003,0.0,0.0,0.0,,0,0.0,-1,,,2026-11-07,104.003,2,0.0,0.0,USD,0.0,0.0,BYMA,0.0,0.0,0.0,39,CORP,0.0,0.0,0.0,,0.1068,,,32.89,Banco Comafi S.A.,30604731018,Financiero - Bancos,True
0.0,AFCIZ,0.0,97.324,0.0,0.0,0.0,,0,0.0,-1,,,2026-11-07,97.324,1,0.0,0.0,EXT,0.0,0.0,BYMA,0.0,0.0,0.0,39,CORP,0.0,0.0,0.0,,0.1068,,,32.89,Banco Comafi S.A.,30604731018,Financiero - Bancos,True
0.0,AFCIZ,0.0,97.36,0.0,0.0,0.0,,0,0.0,-1,,,2026-11-07,97.36,2,0.0,0.0,EXT,0.0,0.0,BYMA,0.0,0.0,0.0,39,CORP,0.0,0.0,0.0,,0.1068,,,32.89,Banco Comafi S.A.,30604731018,Financiero - Bancos,True
0.0,GN37O,0.0,0.01,0.0,0.0,0.0,,0,0.0,-1,,,2026-11-11,0.01,1,0.0,0.0,ARS,0.0,0.0,BYMA,0.0,0.0,0.0,43,CORP,0.0,0.0,0.0,,0.1177,,,32.89,Genneia S.A.,30665234114,Energía - Renovable,True
0.0,GN37O,0.0,48107.1448,0.0,0.0,0.0,,0,0.0,-1,,,2026-11-11,48107.1448,2,0.0,0.0,ARS,0.0,0.0,BYMA,0.0,0.0,0.0,43,CORP,0.0,0.0,0.0,,0.1177,,,32.89,Genneia S.A.,30665234114,Energía - Renovable,True
0.0,GN37X,0.0,133551.0,0.0,0.0,0.0,,0,0.0,-1,,,2026-11-11,133551.0,1,0.0,0.0,ARS,0.0,0.0,BYMA,0.0,0.0,0.0,43,CORP,0.0,0.0,0.0,,0.1177,,,32.89,Genneia S.A.,30665234114,Energía - Renovable,True
0.0,GN37X,0.0,133551.0,0.0,0.0,0.0,,0,0.0,-1,,,2026-11-11,133551.0,2,0.0,0.0,ARS,0.0,0.0,BYMA,0.0,0.0,0.0,43,CORP,0.0,0.0,0.0,,0.1177,,,32.89,Genneia S.A.,30665234114,Energía - Renovable,True
0.0,GN37Y,0.0,55.965,0.0,0.0,0.0,,0,0.0,-1,,,2026-11-11,55.965,2,0.0,0.0,USD,0.0,0.0,BYMA,0.0,0.0,0.0,43,CORP,0.0,0.0,0.0,,0.1177,,,32.89,Genneia S.A.,30665234114,Energía - Renovable,True
0.0,GN37Z,0.0,46.3,0.0,0.0,0.0,,0,0.0,-1,,,2026-11-11,46.3,1,0.0,0.0,EXT,0.0,0.0,BYMA,0.0,0.0,0.0,43,CORP,0.0,0.0,0.0,,0.1177,,,32.89,Genneia S.A.,30665234114,Energía - Renovable,True
0.0,GN37Z,0.0,52.5,0.0,0.0,0.0,,0,0.0,-1,,,2026-11-11,52.5,2,0.0,0.0,EXT,0.0,0.0,BYMA,0.0,0.0,0.0,43,CORP,0.0,0.0,0.0,,0.1177,,,32.89,Genneia S.A.,30665234114,Energía - Renovable,True
0.0,MIC3C,0.0,97.0,0.0,0.0,0.0,,0,0.0,-1,,,2026-11-11,97.0,2,0.0,0.0,EXT,0.0,0.0,BYMA,0.0,0.0,0.0,43,CORP,0.0,0.0,0.0,,0.1177,,,32.89,MIRGOR S.A.,30578036071,,True
0.0,MIC3Y,0.0,101.5,0.0,0.0,0.0,,0,0.0,-1,,,2026-11-11,101.5,2,0.0,0.0,USD,0.0,0.0,BYMA,0.0,0.0,0.0,43,CORP,0.0,0.0,0.0,,0.1177,,,32.89,MIRGOR S.A.,30578036071,,True
0.0,CIC7D,0.0,97.9,0.0,0.0,0.0,,0,0.0,-1,,,2026-11-12,97.9,1,0.0,0.0,USD,0.0,0.0,BYMA,0.0,0.0,0.0,44,CORP,0.0,0.0,0.0,,0.1205,,,32.89,CNH INDUSTRIAL CAPITAL ARGENTINA S.A.,30714322938,,True
0.0,BGC4D,0.0,102.85,0.0,0.0,0.0,,0,0.0,-1,,,2026-11-13,102.85,1,0.0,0.0,USD,0.0,0.0,BYMA,0.0,0.0,0.0,45,CORP,0.0,0.0,0.0,,0.1232,,,32.89,[BGC],,Sin mapear,False
0.0,BGC4O,0.0,153800.0,0.0,0.0,0.0,,0,0.0,-1,,,2026-11-13,153800.0,1,0.0,0.0,ARS,153200.0,0.0,BYMA,0.0,0.0,0.0,45,CORP,0.0,0.0,5000.0,,0.1232,,,32.89,[BGC],,Sin mapear,False
0.0,BGC4Y,0.0,102.8,0.0,0.0,0.0,,0,0.0,-1,,,2026-11-13,102.8,1,0.0,0.0,USD,0.0,0.0,BYMA,0.0,0.0,0.0,45,CORP,0.0,0.0,0.0,,0.1232,,,32.89,[BGC],,Sin mapear,False
0.0,BGC4Y,0.0,102.804,0.0,0.0,0.0,,0,0.0,-1,,,2026-11-13,102.804,2,0.0,0.0,USD,0.0,0.0,BYMA,0.0,0.0,0.0,45,CORP,0.0,0.0,0.0,,0.1232,,,32.89,[BGC],,Sin mapear,False
0.0,BDCKO,0.0,94.8417,0.0,0.0,0.0,,0,0.0,-1,,,2026-11-14,94.8417,2,0.0,0.0,ARS,0.0,0.0,BYMA,0.0,0.0,0.0,46,CORP,0.0,0.0,0.0,,0.1259,,,32.89,BANCO DE CREDITO Y SECURITIZACION SA,30707227415,,True
0.0,BDCKX,0.0,100.0,0.0,0.0,0.0,,0,0.0,-1,,,2026-11-14,100.0,1,0.0,0.0,ARS,0.0,0.0,BYMA,0.0,0.0,0.0,46,CORP,0.0,0.0,0.0,,0.1259,,,32.89,BANCO DE CREDITO Y SECURITIZACION SA,30707227415,,True
0.0,BDCKX,0.0,105.05,0.0,0.0,0.0,,0,0.0,-1,,,2026-11-14,105.05,2,0.0,0.0,ARS,0.0,0.0,BYMA,0.0,0.0,0.0,46,CORP,0.0,0.0,0.0,,0.1259,,,32.89,BANCO DE CREDITO Y SECURITIZACION SA,30707227415,,True
0.0,MSSBO,0.0,0.01,0.0,0.0,0.0,,0,0.0,-1,,,2026-11-14,0.01,1,0.0,0.0,ARS,0.0,0.0,BYMA,0.0,0.0,0.0,46,CORP,0.0,0.0,0.0,,0.1259,,,32.89,MSU S.A.,30607597193,Energía,True
0.0,MSSBO,0.0,99580.0,0.0,0.0,0.0,,0,0.0,-1,,,2026-11-14,99580.0,2,0.0,0.0,ARS,0.0,0.0,BYMA,0.0,0.0,0.0,46,CORP,0.0,0.0,0.0,,0.1259,,,32.89,MSU S.A.,30607597193,Energía,True
0.0,MSSBX,0.0,17320.2655,0.0,0.0,0.0,,0,0.0,-1,,,2026-11-14,17320.2655,2,0.0,0.0,ARS,0.0,0.0,BYMA,0.0,0.0,0.0,46,CORP,0.0,0.0,0.0,,0.1259,,,32.89,MSU S.A.,30607597193,Energía,True
0.0,MSSBZ,0.0,49.575,0.0,0.0,0.0,,0,0.0,-1,,,2026-11-14,49.575,2,0.0,0.0,EXT,0.0,0.0,BYMA,0.0,0.0,0.0,46,CORP,0.0,0.0,0.0,,0.1259,,,32.89,MSU S.A.,30607597193,Energía,True
0.0,TLCKO,0.0,131610.0,0.0,0.0,0.0,,0,0.0,-1,,,2026-11-17,131610.0,1,0.0,0.0,ARS,0.0,0.0,BYMA,0.0,0.0,0.0,49,CORP,0.0,0.0,0.0,,0.1342,,,32.89,TELECOM ARGENTINA S.A.,30639453738,,True
0.0,TLCKO,0.0,150340.0,0.0,0.0,0.0,,0,0.0,-1,,,2026-11-17,150340.0,2,0.0,0.0,ARS,130000.0,0.0,BYMA,0.0,0.0,0.0,49,CORP,0.0,0.0,10.0,,0.1342,,,32.89,TELECOM ARGENTINA S.A.,30639453738,,True
0.0,TLCKX,0.0,93850.0,0.0,0.0,0.0,,0,0.0,-1,,,2026-11-17,93850.0,1,0.0,0.0,ARS,0.0,0.0,BYMA,0.0,0.0,0.0,49,CORP,0.0,0.0,0.0,,0.1342,,,32.89,TELECOM ARGENTINA S.A.,30639453738,,True
0.0,TLCKX,0.0,134895.0,0.0,0.0,0.0,,0,0.0,-1,,,2026-11-17,134895.0,2,0.0,0.0,ARS,0.0,0.0,BYMA,0.0,0.0,0.0,49,CORP,0.0,0.0,0.0,,0.1342,,,32.89,TELECOM ARGENTINA S.A.,30639453738,,True
0.0,SXC5O,0.0,102.0,0.0,0.0,0.0,,0,0.0,-1,,,2026-11-18,102.0,2,0.0,0.0,ARS,0.0,0.0,BYMA,0.0,0.0,0.0,50,CORP,0.0,0.0,0.0,,0.1369,,,32.89,MERCADO PAGO SERVICIOS DE PROCESAMIENTO S.R.L.,30716999498,,True
0.0,SXC5X,0.0,102.0,0.0,0.0,0.0,,0,0.0,-1,,,2026-11-18,102.0,1,0.0,0.0,ARS,0.0,0.0,BYMA,0.0,0.0,0.0,50,CORP,0.0,0.0,0.0,,0.1369,,,32.89,MERCADO PAGO SERVICIOS DE PROCESAMIENTO S.R.L.,30716999498,,True
0.0,SXC5X,0.0,102.0,0.0,0.0,0.0,,0,0.0,-1,,,2026-11-18,102.0,2,0.0,0.0,ARS,0.0,0.0,BYMA,0.0,0.0,0.0,50,CORP,0.0,0.0,0.0,,0.1369,,,32.89,MERCADO PAGO SERVICIOS DE PROCESAMIENTO S.R.L.,30716999498,,True
0.0,BF38O,0.0,88.5415,0.0,0.0,0.0,,0,0.0,-1,,,2026-11-20,88.5415,2,0.0,0.0,ARS,0.0,0.0,BYMA,0.0,0.0,0.0,52,CORP,0.0,0.0,0.0,,0.1424,,,32.89,Banco BBVA Argentina S.A.,30500003193,Financiero - Bancos,True
0.0,BF38X,0.0,101.05,0.0,0.0,0.0,,0,0.0,-1,,,2026-11-20,101.05,2,0.0,0.0,ARS,0.0,0.0,BYMA,0.0,0.0,0.0,52,CORP,0.0,0.0,0.0,,0.1424,,,32.89,Banco BBVA Argentina S.A.,30500003193,Financiero - Bancos,True
0.0,DHSIO,0.0,75.6821,0.0,0.0,0.0,,0,0.0,-1,,,2026-11-20,75.6821,1,0.0,0.0,ARS,0.0,0.0,BYMA,0.0,0.0,0.0,52,CORP,0.0,0.0,0.0,,0.1424,,,32.89,Credicuotas Consumo S.A.,30710911580,Financiero - Crédito Consumo,True
0.0,DHSIO,0.0,91.6518,0.0,0.0,0.0,,0,0.0,-1,,,2026-11-20,91.6518,2,0.0,0.0,ARS,0.0,0.0,BYMA,0.0,0.0,0.0,52,CORP,0.0,0.0,0.0,,0.1424,,,32.89,Credicuotas Consumo S.A.,30710911580,Financiero - Crédito Consumo,True
0.0,DHSIX,0.0,101.0,0.0,0.0,0.0,,0,0.0,-1,,,2026-11-20,101.0,1,0.0,0.0,ARS,0.0,0.0,BYMA,0.0,0.0,0.0,52,CORP,0.0,0.0,0.0,,0.1424,,,32.89,Credicuotas Consumo S.A.,30710911580,Financiero - Crédito Consumo,True
0.0,HBCBO,0.0,77.046,0.0,0.0,0.0,,0,0.0,-1,,,2026-11-20,77.046,1,0.0,0.0,ARS,0.0,0.0,BYMA,0.0,0.0,0.0,52,CORP,0.0,0.0,0.0,,0.1424,,,32.89,BANCO HIPOTECARIO S.A.,30500011072,,True
0.0,HBCBX,0.0,100.8,0.0,0.0,0.0,,0,0.0,-1,,,2026-11-20,100.8,1,0.0,0.0,ARS,0.0,0.0,BYMA,0.0,0.0,0.0,52,CORP,0.0,0.0,0.0,,0.1424,,,32.89,BANCO HIPOTECARIO S.A.,30500011072,,True
0.0,HBCBX,0.0,106.77,0.0,0.0,0.0,,0,0.0,-1,,,2026-11-20,106.77,2,0.0,0.0,ARS,0.0,0.0,BYMA,0.0,0.0,0.0,52,CORP,0.0,0.0,0.0,,0.1424,,,32.89,BANCO HIPOTECARIO S.A.,30500011072,,True
0.0,YFCKX,0.0,154100.0,0.0,0.0,0.0,,0,0.0,-1,,,2026-11-21,154100.0,2,0.0,0.0,ARS,0.0,0.0,BYMA,0.0,0.0,0.0,53,CORP,0.0,0.0,0.0,,0.1451,,,32.89,YPF Energía Eléctrica S.A.,30714128309,Energía - Electricidad,True
0.0,DNC3C,0.0,89.5577,0.0,0.0,0.0,,0,0.0,-1,,,2026-11-22,89.5577,1,0.0,0.0,EXT,0.0,0.0,BYMA,0.0,0.0,0.0,54,CORP,0.0,0.0,0.0,,0.1478,,,32.89,EDENOR S.A.,30655116202,,True
0.0,FTN2X,0.0,113.0,0.0,0.0,0.0,,0,0.0,-1,,,2026-11-24,113.0,2,0.0,0.0,ARS,0.0,0.0,BYMA,0.0,0.0,0.0,56,CORP,0.0,0.0,0.0,,0.1533,,,32.89,[FTN],,Sin mapear,False
0.0,BYCWC,0.0,0.0,0.0,0.0,0.0,,0,0.0,-1,,,2026-11-30,0.0,2,0.0,0.0,EXT,96.21,0.0,BYMA,0.0,0.0,0.0,62,CORP,0.0,0.0,100000.0,,0.1697,,,32.89,Banco de Galicia y Buenos Aires S.A.,30500001735,Financiero - Bancos,True
0.0,BYCWX,0.0,156728.4635,0.0,0.0,0.0,,0,0.0,-1,,,2026-11-30,156728.4635,1,0.0,0.0,ARS,0.0,0.0,BYMA,0.0,0.0,0.0,62,CORP,0.0,0.0,0.0,,0.1697,,,32.89,Banco de Galicia y Buenos Aires S.A.,30500001735,Financiero - Bancos,True
0.0,BYCWY,0.0,103.417,0.0,0.0,0.0,,0,0.0,-1,,,2026-11-30,103.417,1,0.0,0.0,USD,0.0,0.0,BYMA,0.0,0.0,0.0,62,CORP,0.0,0.0,0.0,,0.1697,,,32.89,Banco de Galicia y Buenos Aires S.A.,30500001735,Financiero - Bancos,True
0.0,BYCWY,0.0,105.66,0.0,0.0,0.0,,0,0.0,-1,,,2026-11-30,105.66,2,0.0,0.0,USD,0.0,0.0,BYMA,0.0,0.0,0.0,62,CORP,0.0,0.0,0.0,,0.1697,,,32.89,Banco de Galicia y Buenos Aires S.A.,30500001735,Financiero - Bancos,True
0.0,BYCWZ,0.0,99.0,0.0,0.0,0.0,,0,0.0,-1,,,2026-11-30,99.0,1,0.0,0.0,EXT,0.0,0.0,BYMA,0.0,0.0,0.0,62,CORP,0.0,0.0,0.0,,0.1697,,,32.89,Banco de Galicia y Buenos Aires S.A.,30500001735,Financiero - Bancos,True
0.0,T661C,0.0,0.0594,0.0,0.0,0.0,,0,0.0,-1,,,2026-11-30,0.0594,1,0.0,0.0,EXT,0.0,0.0,BYMA,0.0,0.0,0.0,62,CORP,0.0,0.0,0.0,,0.1697,,,32.89,Tarjeta Naranja S.A.,30685376349,Financiero - Crédito Consumo,True
0.0,T661D,0.0,0.0601,0.0,0.0,0.0,,0,0.0,-1,,,2026-11-30,0.0601,1,0.0,0.0,USD,0.0,0.0,BYMA,0.0,0.0,0.0,62,CORP,0.0,0.0,0.0,,0.1697,,,32.89,Tarjeta Naranja S.A.,30685376349,Financiero - Crédito Consumo,True
0.0,T661D,0.0,0.0666,0.0,0.0,0.0,,0,0.0,-1,,,2026-11-30,0.0666,2,0.0,0.0,USD,0.0,0.0,BYMA,0.0,0.0,0.0,62,CORP,0.0,0.0,0.0,,0.1697,,,32.89,Tarjeta Naranja S.A.,30685376349,Financiero - Crédito Consumo,True
0.0,T661O,0.0,91.9458,108.0,0.0,0.0,,0,0.0,-1,,,2026-11-30,91.9458,1,100000.0,0.0,ARS,0.0,0.0,BYMA,0.0,0.0,0.0,62,CORP,0.0,0.0,0.0,,0.1697,,,32.89,Tarjeta Naranja S.A.,30685376349,Financiero - Crédito Consumo,True
0.0,T661X,0.0,108.43,0.0,0.0,0.0,,0,0.0,-1,,,2026-11-30,108.43,1,0.0,0.0,ARS,0.0,0.0,BYMA,0.0,0.0,0.0,62,CORP,0.0,0.0,0.0,,0.1697,,,32.89,Tarjeta Naranja S.A.,30685376349,Financiero - Crédito Consumo,True
0.0,T661X,0.0,100.61,0.0,0.0,0.0,,0,0.0,-1,,,2026-11-30,100.61,2,0.0,0.0,ARS,0.0,0.0,BYMA,0.0,0.0,0.0,62,CORP,0.0,0.0,0.0,,0.1697,,,32.89,Tarjeta Naranja S.A.,30685376349,Financiero - Crédito Consumo,True
0.0,ZPC1D,0.0,0.0602,0.0,0.0,0.0,,0,0.0,-1,,,2026-12-02,0.0602,1,0.0,0.0,USD,0.0,0.0,BYMA,0.0,0.0,0.0,64,CORP,0.0,0.0,0.0,,0.1752,,,32.89,PLAZA LOGISTICA S.R.L.,30655942382,,True
0.0,ZPC1O,0.0,94.69,0.0,0.0,0.0,,0,0.0,-1,,,2026-12-02,94.69,1,0.0,0.0,ARS,98.25,0.0,BYMA,0.0,0.0,0.0,64,CORP,0.0,0.0,180000.0,,0.1752,,,32.89,PLAZA LOGISTICA S.R.L.,30655942382,,True
0.0,ZPC1O,0.0,98.05,0.0,0.0,0.0,,0,0.0,-1,,,2026-12-02,98.05,2,0.0,0.0,ARS,100.05,0.0,BYMA,0.0,0.0,0.0,64,CORP,0.0,0.0,280000.0,,0.1752,,,32.89,PLAZA LOGISTICA S.R.L.,30655942382,,True
0.0,BPCUD,0.0,96.9336,0.0,0.0,0.0,,0,0.0,-1,,,2026-12-04,96.9336,1,0.0,0.0,USD,0.0,0.0,BYMA,0.0,0.0,0.0,66,CORP,0.0,0.0,0.0,,0.1807,,,32.89,Banco Supervielle S.A.,33500005179,Financiero - Bancos,True
0.0,BPCUO,0.0,152000.0,0.0,0.0,0.0,,0,0.0,-1,,,2026-12-04,152000.0,1,0.0,0.0,ARS,0.0,0.0,BYMA,0.0,0.0,0.0,66,CORP,0.0,0.0,0.0,,0.1807,,,32.89,Banco Supervielle S.A.,33500005179,Financiero - Bancos,True
0.0,BPCUO,0.0,156580.0,0.0,0.0,0.0,,0,0.0,-1,,,2026-12-04,156580.0,2,0.0,0.0,ARS,0.0,0.0,BYMA,0.0,0.0,0.0,66,CORP,0.0,0.0,0.0,,0.1807,,,32.89,Banco Supervielle S.A.,33500005179,Financiero - Bancos,True
0.0,BPCUY,0.0,100.1,0.0,0.0,0.0,,0,0.0,-1,,,2026-12-04,100.1,2,0.0,0.0,USD,0.0,0.0,BYMA,0.0,0.0,0.0,66,CORP,0.0,0.0,0.0,,0.1807,,,32.89,Banco Supervielle S.A.,33500005179,Financiero - Bancos,True
0.0,BF39C,0.0,0.0,0.0,0.0,0.0,,0,0.0,-1,,,2026-12-05,0.0,2,0.0,0.0,EXT,95.76,0.0,BYMA,0.0,0.0,0.0,67,CORP,0.0,0.0,100000.0,,0.1834,,,32.89,Banco BBVA Argentina S.A.,30500003193,Financiero - Bancos,True
0.0,BF39O,0.0,153400.0,0.0,0.0,0.0,,0,0.0,-1,,,2026-12-05,153400.0,1,0.0,0.0,ARS,155120.0,0.0,BYMA,0.0,0.0,0.0,67,CORP,0.0,0.0,1200.0,,0.1834,,,32.89,Banco BBVA Argentina S.A.,30500003193,Financiero - Bancos,True
0.0,BF39X,0.0,152303.194,0.0,0.0,0.0,,0,0.0,-1,,,2026-12-05,152303.194,2,0.0,0.0,ARS,0.0,0.0,BYMA,0.0,0.0,0.0,67,CORP,0.0,0.0,0.0,,0.1834,,,32.89,Banco BBVA Argentina S.A.,30500003193,Financiero - Bancos,True
0.0,BF39Y,0.0,100.75,0.0,0.0,0.0,,0,0.0,-1,,,2026-12-05,100.75,2,0.0,0.0,USD,0.0,0.0,BYMA,0.0,0.0,0.0,67,CORP,0.0,0.0,0.0,,0.1834,,,32.89,Banco BBVA Argentina S.A.,30500003193,Financiero - Bancos,True
0.0,BF39Z,0.0,98.834,0.0,0.0,0.0,,0,0.0,-1,,,2026-12-05,98.834,2,0.0,0.0,EXT,0.0,0.0,BYMA,0.0,0.0,0.0,67,CORP,0.0,0.0,0.0,,0.1834,,,32.89,Banco BBVA Argentina S.A.,30500003193,Financiero - Bancos,True
0.0,VSCID,0.0,98.11,0.0,0.0,0.0,,0,0.0,-1,,,2026-12-06,98.11,1,0.0,0.0,USD,0.0,0.0,BYMA,0.0,0.0,0.0,68,CORP,0.0,0.0,0.0,,0.1862,,,32.89,Vista Oil & Gas Argentina S.A.U.,33515950899,Energía - Petróleo y Gas,True
0.0,VSCID,0.0,100.0,0.0,0.0,0.0,,0,0.0,-1,,,2026-12-06,100.0,2,0.0,0.0,USD,0.0,0.0,BYMA,0.0,0.0,0.0,68,CORP,0.0,0.0,0.0,,0.1862,,,32.89,Vista Oil & Gas Argentina S.A.U.,33515950899,Energía - Petróleo y Gas,True
0.0,VSCIO,0.0,149000.0,0.0,0.0,0.0,,0,0.0,-1,,,2026-12-06,149000.0,1,0.0,0.0,ARS,0.0,0.0,BYMA,0.0,0.0,0.0,68,CORP,0.0,0.0,0.0,,0.1862,,,32.89,Vista Oil & Gas Argentina S.A.U.,33515950899,Energía - Petróleo y Gas,True
0.0,VSCIX,0.0,52500.0,0.0,0.0,0.0,,0,0.0,-1,,,2026-12-06,52500.0,1,0.0,0.0,ARS,0.0,0.0,BYMA,0.0,0.0,0.0,68,CORP,0.0,0.0,0.0,,0.1862,,,32.89,Vista Oil & Gas Argentina S.A.U.,33515950899,Energía - Petróleo y Gas,True
0.0,VSCIX,0.0,130177.5,0.0,0.0,0.0,,0,0.0,-1,,,2026-12-06,130177.5,2,0.0,0.0,ARS,0.0,0.0,BYMA,0.0,0.0,0.0,68,CORP,0.0,0.0,0.0,,0.1862,,,32.89,Vista Oil & Gas Argentina S.A.U.,33515950899,Energía - Petróleo y Gas,True
0.0,PQCKO,0.0,60589.3628,0.0,0.0,0.0,,0,0.0,-1,,,2026-12-07,60589.3628,1,0.0,0.0,ARS,0.0,0.0,BYMA,0.0,0.0,0.0,69,CORP,0.0,0.0,0.0,,0.1889,,,32.89,Petroquímica Comodoro Rivadavia S.A.,30563598111,Industria - Petroquímica,True
0.0,PQCKO,0.0,67985.7278,0.0,0.0,0.0,,0,0.0,-1,,,2026-12-07,67985.7278,2,0.0,0.0,ARS,68120.0,0.0,BYMA,0.0,0.0,0.0,69,CORP,0.0,0.0,100.0,,0.1889,,,32.89,Petroquímica Comodoro Rivadavia S.A.,30563598111,Industria - Petroquímica,True
0.0,PQCKX,0.0,75000.0,0.0,0.0,0.0,,0,0.0,-1,,,2026-12-07,75000.0,1,0.0,0.0,ARS,0.0,0.0,BYMA,0.0,0.0,0.0,69,CORP,0.0,0.0,0.0,,0.1889,,,32.89,Petroquímica Comodoro Rivadavia S.A.,30563598111,Industria - Petroquímica,True
0.0,PQCKX,0.0,116031.0,0.0,0.0,0.0,,0,0.0,-1,,,2026-12-07,116031.0,2,0.0,0.0,ARS,0.0,0.0,BYMA,0.0,0.0,0.0,69,CORP,0.0,0.0,0.0,,0.1889,,,32.89,Petroquímica Comodoro Rivadavia S.A.,30563598111,Industria - Petroquímica,True
0.0,NHC1O,0.0,98.1485,0.0,0.0,0.0,,0,0.0,-1,,,2026-12-09,98.1485,2,0.0,0.0,ARS,0.0,0.0,BYMA,0.0,0.0,0.0,71,CORP,0.0,0.0,0.0,,0.1944,,,32.89,NUEVO BANCO DEL CHACO S.A.,30670157799,,True
0.0,NHC1X,0.0,100.0,0.0,0.0,0.0,,0,0.0,-1,,,2026-12-09,100.0,1,0.0,0.0,ARS,0.0,0.0,BYMA,0.0,0.0,0.0,71,CORP,0.0,0.0,0.0,,0.1944,,,32.89,NUEVO BANCO DEL CHACO S.A.,30670157799,,True
0.0,SIC1C,0.0,98.0,0.0,0.0,0.0,,0,0.0,-1,,,2026-12-09,98.0,2,0.0,0.0,EXT,0.0,0.0,BYMA,0.0,0.0,0.0,71,CORP,0.0,0.0,0.0,,0.1944,,,32.89,[SIC],,Sin mapear,False
0.0,SIC1O,0.0,156140.0,0.0,0.0,0.0,,0,0.0,-1,,,2026-12-09,156140.0,1,0.0,0.0,ARS,0.0,0.0,BYMA,0.0,0.0,0.0,71,CORP,0.0,0.0,0.0,,0.1944,,,32.89,[SIC],,Sin mapear,False
0.0,SIC1O,0.0,158480.0,0.0,0.0,0.0,,0,0.0,-1,,,2026-12-09,158480.0,2,0.0,0.0,ARS,156770.0,0.0,BYMA,0.0,0.0,0.0,71,CORP,0.0,0.0,1000.0,,0.1944,,,32.89,[SIC],,Sin mapear,False
0.0,SIC1Y,0.0,103.5,0.0,0.0,0.0,,0,0.0,-1,,,2026-12-09,103.5,2,0.0,0.0,USD,0.0,0.0,BYMA,0.0,0.0,0.0,71,CORP,0.0,0.0,0.0,,0.1944,,,32.89,[SIC],,Sin mapear,False
0.0,LR7AO,0.0,69.4277,0.0,0.0,0.0,,0,0.0,-1,,,2026-12-10,69.4277,1,0.0,0.0,ARS,0.0,0.0,BYMA,0.0,0.0,0.0,72,CORP,0.0,0.0,0.0,,0.1971,,,32.89,LABORATORIOS RICHMOND S.A.C.I.F.,30501152826,,True
0.0,LR7AO,0.0,75.0745,0.0,0.0,0.0,,0,0.0,-1,,,2026-12-10,75.0745,2,0.0,0.0,ARS,0.0,0.0,BYMA,0.0,0.0,0.0,72,CORP,0.0,0.0,0.0,,0.1971,,,32.89,LABORATORIOS RICHMOND S.A.C.I.F.,30501152826,,True
0.0,LR7BO,0.0,137218.987,0.0,0.0,0.0,,0,0.0,-1,,,2026-12-10,137218.987,2,0.0,0.0,ARS,0.0,0.0,BYMA,0.0,0.0,0.0,72,CORP,0.0,0.0,0.0,,0.1971,,,32.89,LABORATORIOS RICHMOND S.A.C.I.F.,30501152826,,True
0.0,VWCDO,0.0,84.3022,0.0,0.0,0.0,,0,0.0,-1,,,2026-12-11,84.3022,2,0.0,0.0,ARS,0.0,0.0,BYMA,0.0,0.0,0.0,73,CORP,0.0,0.0,0.0,,0.1999,,,32.89,VOLKSWAGEN FINANCIAL SERVICES COMPAÑIA FINANCIERA SA,30682419578,,True
0.0,VWCDX,0.0,104.88,0.0,0.0,0.0,,0,0.0,-1,,,2026-12-11,104.88,1,0.0,0.0,ARS,0.0,0.0,BYMA,0.0,0.0,0.0,73,CORP,0.0,0.0,0.0,,0.1999,,,32.89,VOLKSWAGEN FINANCIAL SERVICES COMPAÑIA FINANCIERA SA,30682419578,,True
0.0,VWCDX,0.0,107.15,0.0,0.0,0.0,,0,0.0,-1,,,2026-12-11,107.15,2,0.0,0.0,ARS,0.0,0.0,BYMA,0.0,0.0,0.0,73,CORP,0.0,0.0,0.0,,0.1999,,,32.89,VOLKSWAGEN FINANCIAL SERVICES COMPAÑIA FINANCIERA SA,30682419578,,True
0.0,CFS9O,0.0,81.1751,0.0,0.0,0.0,,0,0.0,-1,,,2026-12-12,81.1751,2,0.0,0.0,ARS,81.2,0.0,BYMA,0.0,0.0,0.0,74,CORP,0.0,0.0,100000.0,,0.2026,,,32.89,CFN S.A.,30641056177,,True
0.0,AERBC,0.0,96.98,0.0,0.0,0.0,,0,0.0,-1,,,2026-12-15,96.98,2,0.0,0.0,EXT,96.01,0.0,BYMA,0.0,0.0,0.0,77,CORP,0.0,0.0,100000.0,,0.2108,,,32.89,[AER],,Sin mapear,False
0.0,AERBY,0.0,102.0,0.0,0.0,0.0,,0,0.0,-1,,,2026-12-15,102.0,2,0.0,0.0,USD,0.0,0.0,BYMA,0.0,0.0,0.0,77,CORP,0.0,0.0,0.0,,0.2108,,,32.89,[AER],,Sin mapear,False
0.0,RC3CX,0.0,103.6,0.0,0.0,0.0,,0,0.0,-1,,,2026-12-15,103.6,2,0.0,0.0,ARS,0.0,0.0,BYMA,0.0,0.0,0.0,77,CORP,0.0,0.0,0.0,,0.2108,,,32.89,Arcor S.A.I.C.,30502793175,Consumo - Alimentos,True
0.0,RB64X,0.0,100.0,0.0,0.0,0.0,,0,0.0,-1,,,2026-12-17,100.0,1,0.0,0.0,ARS,0.0,0.0,BYMA,0.0,0.0,0.0,79,CORP,0.0,0.0,0.0,,0.2163,,,32.89,Rombo Cía. Financiera S.A.,33707124909,Financiero - Crédito Automotriz,True
0.0,RB64X,0.0,108.51,0.0,0.0,0.0,,0,0.0,-1,,,2026-12-17,108.51,2,0.0,0.0,ARS,0.0,0.0,BYMA,0.0,0.0,0.0,79,CORP,0.0,0.0,0.0,,0.2163,,,32.89,Rombo Cía. Financiera S.A.,33707124909,Financiero - Crédito Automotriz,True
0.0,CVS3V,0.0,25.4042,0.0,0.0,0.0,,0,0.0,-1,,,2026-12-18,25.4042,1,0.0,0.0,ARS,0.0,0.0,BYMA,0.0,0.0,0.0,80,CORP,0.0,0.0,0.0,,0.219,,,32.89,[CVS],,Sin mapear,False
0.0,CS40O,0.0,5892.0,0.0,0.0,0.0,,0,0.0,-1,,,2026-12-21,5892.0,2,0.0,0.0,ARS,6068.0,0.0,BYMA,0.0,0.0,0.0,83,CORP,0.0,0.0,2010.0,,0.2272,,,32.89,Cresud S.A.C.I.F. y A.,30509300700,Agro - Real Estate,True
0.0,CS40X,0.0,91567.0,0.0,0.0,0.0,,0,0.0,-1,,,2026-12-21,91567.0,1,0.0,0.0,ARS,0.0,0.0,BYMA,0.0,0.0,0.0,83,CORP,0.0,0.0,0.0,,0.2272,,,32.89,Cresud S.A.C.I.F. y A.,30509300700,Agro - Real Estate,True
0.0,CS40X,0.0,135950.0,0.0,0.0,0.0,,0,0.0,-1,,,2026-12-21,135950.0,2,0.0,0.0,ARS,0.0,0.0,BYMA,0.0,0.0,0.0,83,CORP,0.0,0.0,0.0,,0.2272,,,32.89,Cresud S.A.C.I.F. y A.,30509300700,Agro - Real Estate,True
0.0,CS40Z,0.0,52.244,0.0,0.0,0.0,,0,0.0,-1,,,2026-12-21,52.244,1,0.0,0.0,EXT,0.0,0.0,BYMA,0.0,0.0,0.0,83,CORP,0.0,0.0,0.0,,0.2272,,,32.89,Cresud S.A.C.I.F. y A.,30509300700,Agro - Real Estate,True
0.0,EP3AP,0.0,15.5484,0.0,0.0,0.0,,0,0.0,-1,,,2026-12-26,15.5484,2,0.0,0.0,ARS,0.0,0.0,BYMA,0.0,0.0,0.0,88,CORP,0.0,0.0,0.0,,0.2409,,,32.89,TRESNAL AGROPECUARIA S.A.,33708830599,,True
0.0,BYCXC,0.0,0.0,0.0,0.0,0.0,,0,0.0,-1,,,2026-12-30,0.0,2,0.0,0.0,EXT,95.68,0.0,BYMA,0.0,0.0,0.0,92,CORP,0.0,0.0,100000.0,,0.2519,,,32.89,Banco de Galicia y Buenos Aires S.A.,30500001735,Financiero - Bancos,True
0.0,BYCXD,0.0,100.0,0.0,0.0,0.0,,0,0.0,-1,,,2026-12-30,100.0,1,0.0,0.0,USD,0.0,0.0,BYMA,0.0,0.0,0.0,92,CORP,0.0,0.0,0.0,,0.2519,,,32.89,Banco de Galicia y Buenos Aires S.A.,30500001735,Financiero - Bancos,True
0.0,BYCXO,0.0,152010.0,0.0,0.0,0.0,,0,0.0,-1,,,2026-12-30,152010.0,1,0.0,0.0,ARS,157540.0,0.0,BYMA,0.0,0.0,0.0,92,CORP,0.0,0.0,3000.0,,0.2519,,,32.89,Banco de Galicia y Buenos Aires S.A.,30500001735,Financiero - Bancos,True
0.0,BYCXX,0.0,149700.0,0.0,0.0,0.0,,0,0.0,-1,,,2026-12-30,149700.0,1,0.0,0.0,ARS,0.0,0.0,BYMA,0.0,0.0,0.0,92,CORP,0.0,0.0,0.0,,0.2519,,,32.89,Banco de Galicia y Buenos Aires S.A.,30500001735,Financiero - Bancos,True
0.0,YM41C,0.0,96.29,0.0,0.0,0.0,,0,0.0,-1,,,2027-01-08,96.29,2,0.0,0.0,EXT,94.64,0.0,BYMA,0.0,0.0,0.0,101,CORP,0.0,0.0,50000.0,,0.2765,,,32.89,YPF S.A.,30546689979,Energía - Petróleo y Gas,True
0.0,YM41X,0.0,152000.0,0.0,0.0,0.0,,0,0.0,-1,,,2027-01-08,152000.0,1,0.0,0.0,ARS,0.0,0.0,BYMA,0.0,0.0,0.0,101,CORP,0.0,0.0,0.0,,0.2765,,,32.89,YPF S.A.,30546689979,Energía - Petróleo y Gas,True
0.0,YM41Y,0.0,101.45,0.0,0.0,0.0,,0,0.0,-1,,,2027-01-08,101.45,1,0.0,0.0,USD,0.0,0.0,BYMA,0.0,0.0,0.0,101,CORP,0.0,0.0,0.0,,0.2765,,,32.89,YPF S.A.,30546689979,Energía - Petróleo y Gas,True
0.0,YM41Y,0.0,100.05,0.0,0.0,0.0,,0,0.0,-1,,,2027-01-08,100.05,2,0.0,0.0,USD,0.0,0.0,BYMA,0.0,0.0,0.0,101,CORP,0.0,0.0,0.0,,0.2765,,,32.89,YPF S.A.,30546689979,Energía - Petróleo y Gas,True
0.0,BVCRD,0.0,102.124,0.0,0.0,0.0,,0,0.0,-1,,,2027-01-15,102.124,1,0.0,0.0,USD,0.0,0.0,BYMA,0.0,0.0,0.0,108,CORP,0.0,0.0,0.0,,0.2957,,,32.89,Banco de Servicios y Transacciones S.A.,30704960995,Financiero - Bancos,True
0.0,BVCRD,0.0,98.0,0.0,0.0,0.0,,0,0.0,-1,,,2027-01-15,98.0,2,0.0,0.0,USD,0.0,0.0,BYMA,0.0,0.0,0.0,108,CORP,0.0,0.0,0.0,,0.2957,,,32.89,Banco de Servicios y Transacciones S.A.,30704960995,Financiero - Bancos,True
0.0,BVCRX,0.0,147440.0,0.0,0.0,0.0,,0,0.0,-1,,,2027-01-15,147440.0,1,0.0,0.0,ARS,0.0,0.0,BYMA,0.0,0.0,0.0,108,CORP,0.0,0.0,0.0,,0.2957,,,32.89,Banco de Servicios y Transacciones S.A.,30704960995,Financiero - Bancos,True
0.0,BVCTO,0.0,101.6,0.0,0.0,0.0,,0,0.0,-1,,,2027-01-15,101.6,1,0.0,0.0,ARS,0.0,0.0,BYMA,0.0,0.0,0.0,108,CORP,0.0,0.0,0.0,,0.2957,,,32.89,Banco de Servicios y Transacciones S.A.,30704960995,Financiero - Bancos,True
0.0,BVCTO,0.0,101.6,0.0,0.0,0.0,,0,0.0,-1,,,2027-01-15,101.6,2,0.0,0.0,ARS,0.0,0.0,BYMA,0.0,0.0,0.0,108,CORP,0.0,0.0,0.0,,0.2957,,,32.89,Banco de Servicios y Transacciones S.A.,30704960995,Financiero - Bancos,True
0.0,BVCTX,0.0,100.8,0.0,0.0,0.0,,0,0.0,-1,,,2027-01-15,100.8,2,0.0,0.0,ARS,0.0,0.0,BYMA,0.0,0.0,0.0,108,CORP,0.0,0.0,0.0,,0.2957,,,32.89,Banco de Servicios y Transacciones S.A.,30704960995,Financiero - Bancos,True
0.0,PHC3D,0.0,95.05,0.0,0.0,0.0,,0,0.0,-1,,,2027-01-16,95.05,1,0.0,0.0,USD,0.0,0.0,BYMA,0.0,0.0,0.0,109,CORP,0.0,0.0,0.0,,0.2984,,,32.89,[PHC],,Sin mapear,False
0.0,PHC3D,0.0,100.6,0.0,0.0,0.0,,0,0.0,-1,,,2027-01-16,100.6,2,0.0,0.0,USD,0.0,0.0,BYMA,0.0,0.0,0.0,109,CORP,0.0,0.0,0.0,,0.2984,,,32.89,[PHC],,Sin mapear,False
0.0,SNSEP,0.0,58527.49,0.0,0.0,0.0,,0,0.0,-1,,,2027-01-18,58527.49,2,0.0,0.0,ARS,0.0,0.0,BYMA,0.0,0.0,0.0,111,CORP,0.0,0.0,0.0,,0.3039,,,32.89,SION S.A.,30690076043,,True
0.0,CS51X,0.0,156290.0,0.0,0.0,0.0,,0,0.0,-1,,,2027-01-20,156290.0,1,0.0,0.0,ARS,0.0,0.0,BYMA,0.0,0.0,0.0,113,CORP,0.0,0.0,0.0,,0.3094,,,32.89,Cresud S.A.C.I.F. y A.,30509300700,Agro - Real Estate,True
0.0,CS51X,0.0,155691.48,0.0,0.0,0.0,,0,0.0,-1,,,2027-01-20,155691.48,2,0.0,0.0,ARS,0.0,0.0,BYMA,0.0,0.0,0.0,113,CORP,0.0,0.0,0.0,,0.3094,,,32.89,Cresud S.A.C.I.F. y A.,30509300700,Agro - Real Estate,True
0.0,CS51Y,0.0,100.0,0.0,0.0,0.0,,0,0.0,-1,,,2027-01-20,100.0,2,0.0,0.0,USD,0.0,0.0,BYMA,0.0,0.0,0.0,113,CORP,0.0,0.0,0.0,,0.3094,,,32.89,Cresud S.A.C.I.F. y A.,30509300700,Agro - Real Estate,True
0.0,FO4BD,0.0,94.735,0.0,0.0,0.0,,0,0.0,-1,,,2027-01-20,94.735,2,0.0,0.0,USD,0.0,0.0,BYMA,0.0,0.0,0.0,113,CORP,0.0,0.0,0.0,,0.3094,,,32.89,[FO4],,Sin mapear,False
0.0,FO4BO,0.0,139124.1802,0.0,0.0,0.0,,0,0.0,-1,,,2027-01-20,139124.1802,1,0.0,0.0,ARS,0.0,0.0,BYMA,0.0,0.0,0.0,113,CORP,0.0,0.0,0.0,,0.3094,,,32.89,[FO4],,Sin mapear,False
0.0,FO4BO,0.0,139124.1802,0.0,0.0,0.0,,0,0.0,-1,,,2027-01-20,139124.1802,2,0.0,0.0,ARS,0.0,0.0,BYMA,0.0,0.0,0.0,113,CORP,0.0,0.0,0.0,,0.3094,,,32.89,[FO4],,Sin mapear,False
0.0,STCHX,0.0,99.9,0.0,0.0,0.0,,0,0.0,-1,,,2027-01-21,99.9,2,0.0,0.0,ARS,0.0,0.0,BYMA,0.0,0.0,0.0,114,CORP,0.0,0.0,0.0,,0.3121,,,32.89,[STC],,Sin mapear,False
0.0,GPS1M,0.0,147946.6964,0.0,0.0,0.0,,0,0.0,-1,,,2027-01-31,147946.6964,2,0.0,0.0,ARS,0.0,0.0,BYMA,0.0,0.0,0.0,124,CORP,0.0,0.0,0.0,,0.3395,,,32.89,[GPS],,Sin mapear,False
0.0,RB60O,0.0,102636.67,0.0,0.0,0.0,,0,0.0,-1,,,2027-01-31,102636.67,2,0.0,0.0,ARS,0.0,0.0,BYMA,0.0,0.0,0.0,124,CORP,0.0,0.0,0.0,,0.3395,,,32.89,Rombo Cía. Financiera S.A.,33707124909,Financiero - Crédito Automotriz,True
0.0,AER1D,0.0,9.282,0.0,0.0,0.0,,0,0.0,-1,,,2027-02-01,9.282,2,0.0,0.0,USD,0.0,0.0,BYMA,0.0,0.0,0.0,125,CORP,0.0,0.0,0.0,,0.3422,,,32.89,[AER],,Sin mapear,False
0.0,AER1X,0.0,27348.975,0.0,0.0,0.0,,0,0.0,-1,,,2027-02-01,27348.975,1,0.0,0.0,ARS,0.0,0.0,BYMA,0.0,0.0,0.0,125,CORP,0.0,0.0,0.0,,0.3422,,,32.89,[AER],,Sin mapear,False
0.0,AER1X,0.0,31804.5,0.0,0.0,0.0,,0,0.0,-1,,,2027-02-01,31804.5,2,0.0,0.0,ARS,0.0,0.0,BYMA,0.0,0.0,0.0,125,CORP,0.0,0.0,0.0,,0.3422,,,32.89,[AER],,Sin mapear,False
0.0,AER1Y,0.0,73.5,0.0,0.0,0.0,,0,0.0,-1,,,2027-02-01,73.5,1,0.0,0.0,USD,0.0,0.0,BYMA,0.0,0.0,0.0,125,CORP,0.0,0.0,0.0,,0.3422,,,32.89,[AER],,Sin mapear,False
0.0,AER1Z,0.0,55.8,0.0,0.0,0.0,,0,0.0,-1,,,2027-02-01,55.8,1,0.0,0.0,EXT,0.0,0.0,BYMA,0.0,0.0,0.0,125,CORP,0.0,0.0,0.0,,0.3422,,,32.89,[AER],,Sin mapear,False
0.0,AER1Z,0.0,58.25,0.0,0.0,0.0,,0,0.0,-1,,,2027-02-01,58.25,2,0.0,0.0,EXT,0.0,0.0,BYMA,0.0,0.0,0.0,125,CORP,0.0,0.0,0.0,,0.3422,,,32.89,[AER],,Sin mapear,False
0.0,AERAC,0.0,18.9473,0.0,0.0,0.0,,0,0.0,-1,,,2027-02-01,18.9473,2,0.0,0.0,EXT,0.0,0.0,BYMA,0.0,0.0,0.0,125,CORP,0.0,0.0,0.0,,0.3422,,,32.89,[AER],,Sin mapear,False
0.0,AERAD,0.0,23.0162,0.0,0.0,0.0,,0,0.0,-1,,,2027-02-01,23.0162,1,0.0,0.0,USD,0.0,0.0,BYMA,0.0,0.0,0.0,125,CORP,0.0,0.0,0.0,,0.3422,,,32.89,[AER],,Sin mapear,False
0.0,AERAD,0.0,24.7738,0.0,0.0,0.0,,0,0.0,-1,,,2027-02-01,24.7738,2,0.0,0.0,USD,0.0,0.0,BYMA,0.0,0.0,0.0,125,CORP,0.0,0.0,0.0,,0.3422,,,32.89,[AER],,Sin mapear,False
0.0,AERAO,0.0,0.01,0.0,0.0,0.0,,0,0.0,-1,,,2027-02-01,0.01,1,0.0,0.0,ARS,0.0,0.0,BYMA,0.0,0.0,0.0,125,CORP,0.0,0.0,0.0,,0.3422,,,32.89,[AER],,Sin mapear,False
0.0,AERAO,0.0,0.01,0.0,0.0,0.0,,0,0.0,-1,,,2027-02-01,0.01,2,0.0,0.0,ARS,0.0,0.0,BYMA,0.0,0.0,0.0,125,CORP,0.0,0.0,0.0,,0.3422,,,32.89,[AER],,Sin mapear,False
0.0,AFCJC,0.0,95.9707,0.0,0.0,0.0,,0,0.0,-1,,,2027-02-06,95.9707,1,0.0,0.0,EXT,0.0,0.0,BYMA,0.0,0.0,0.0,130,CORP,0.0,0.0,0.0,,0.3559,,,32.89,Banco Comafi S.A.,30604731018,Financiero - Bancos,True
0.0,AFCJD,0.0,100.65,0.0,0.0,0.0,,0,0.0,-1,,,2027-02-06,100.65,2,0.0,0.0,USD,0.0,0.0,BYMA,0.0,0.0,0.0,130,CORP,0.0,0.0,0.0,,0.3559,,,32.89,Banco Comafi S.A.,30604731018,Financiero - Bancos,True
0.0,AFCJO,0.0,135687.2675,0.0,0.0,0.0,,0,0.0,-1,,,2027-02-06,135687.2675,1,0.0,0.0,ARS,0.0,0.0,BYMA,0.0,0.0,0.0,130,CORP,0.0,0.0,0.0,,0.3559,,,32.89,Banco Comafi S.A.,30604731018,Financiero - Bancos,True
0.0,AFCJO,0.0,150000.0,0.0,0.0,0.0,,0,0.0,-1,,,2027-02-06,150000.0,2,0.0,0.0,ARS,0.0,0.0,BYMA,0.0,0.0,0.0,130,CORP,0.0,0.0,0.0,,0.3559,,,32.89,Banco Comafi S.A.,30604731018,Financiero - Bancos,True
0.0,PNJCD,0.0,0.0,0.0,0.0,0.0,,0,0.0,-1,,,2027-02-07,0.0,2,0.0,0.0,USD,82.47,0.0,BYMA,0.0,0.0,0.0,131,CORP,0.0,0.0,188.0,,0.3587,,,32.89,Pan American Energy LLC (PAE Sucursal),30714813583,Energía - Petróleo y Gas,True
0.0,PNJCO,0.0,8478.5913,0.0,0.0,0.0,,0,0.0,-1,,,2027-02-07,8478.5913,1,0.0,0.0,ARS,0.0,0.0,BYMA,0.0,0.0,0.0,131,CORP,0.0,0.0,0.0,,0.3587,,,32.89,Pan American Energy LLC (PAE Sucursal),30714813583,Energía - Petróleo y Gas,True
0.0,PNJCO,0.0,127100.0,0.0,0.0,0.0,,0,0.0,-1,,,2027-02-07,127100.0,2,0.0,0.0,ARS,128000.0,0.0,BYMA,0.0,0.0,0.0,131,CORP,0.0,0.0,200.0,,0.3587,,,32.89,Pan American Energy LLC (PAE Sucursal),30714813583,Energía - Petróleo y Gas,True
0.0,PNJCX,0.0,68080.0,0.0,0.0,0.0,,0,0.0,-1,,,2027-02-07,68080.0,1,0.0,0.0,ARS,0.0,0.0,BYMA,0.0,0.0,0.0,131,CORP,0.0,0.0,0.0,,0.3587,,,32.89,Pan American Energy LLC (PAE Sucursal),30714813583,Energía - Petróleo y Gas,True
0.0,PNJCX,0.0,146694.0,0.0,0.0,0.0,,0,0.0,-1,,,2027-02-07,146694.0,2,0.0,0.0,ARS,0.0,0.0,BYMA,0.0,0.0,0.0,131,CORP,0.0,0.0,0.0,,0.3587,,,32.89,Pan American Energy LLC (PAE Sucursal),30714813583,Energía - Petróleo y Gas,True
0.0,PNJCY,0.0,51.515,0.0,0.0,0.0,,0,0.0,-1,,,2027-02-07,51.515,1,0.0,0.0,USD,0.0,0.0,BYMA,0.0,0.0,0.0,131,CORP,0.0,0.0,0.0,,0.3587,,,32.89,Pan American Energy LLC (PAE Sucursal),30714813583,Energía - Petróleo y Gas,True
0.0,PNJCZ,0.0,48.6,0.0,0.0,0.0,,0,0.0,-1,,,2027-02-07,48.6,1,0.0,0.0,EXT,0.0,0.0,BYMA,0.0,0.0,0.0,131,CORP,0.0,0.0,0.0,,0.3587,,,32.89,Pan American Energy LLC (PAE Sucursal),30714813583,Energía - Petróleo y Gas,True
0.0,BO1AP,0.0,6.2282,0.0,0.0,0.0,,0,0.0,-1,,,2027-02-10,6.2282,1,0.0,0.0,ARS,0.0,0.0,BYMA,0.0,0.0,0.0,134,CORP,0.0,0.0,0.0,,0.3669,,,32.89,PROCHEM BIO S.A.,30710218192,,True
0.0,BO1AP,0.0,21.4845,0.0,0.0,0.0,,0,0.0,-1,,,2027-02-10,21.4845,2,0.0,0.0,ARS,0.0,0.0,BYMA,0.0,0.0,0.0,134,CORP,0.0,0.0,0.0,,0.3669,,,32.89,PROCHEM BIO S.A.,30710218192,,True
0.0,TGCHO,0.0,13875.0,0.0,0.0,0.0,,0,0.0,-1,,,2027-02-11,13875.0,2,0.0,0.0,ARS,0.0,0.0,BYMA,0.0,0.0,0.0,135,CORP,0.0,0.0,0.0,,0.3696,,,32.89,[TGC],,Sin mapear,False
0.0,STCFC,0.0,99.5,0.0,0.0,0.0,,0,0.0,-1,,,2027-02-18,99.5,1,0.0,0.0,EXT,0.0,0.0,BYMA,0.0,0.0,0.0,142,CORP,0.0,0.0,0.0,,0.3888,,,32.89,[STC],,Sin mapear,False
0.0,STCFD,0.0,101.5,0.0,0.0,0.0,,0,0.0,-1,,,2027-02-18,101.5,1,0.0,0.0,USD,0.0,0.0,BYMA,0.0,0.0,0.0,142,CORP,0.0,0.0,0.0,,0.3888,,,32.89,[STC],,Sin mapear,False
0.0,STCFO,0.0,143765.2791,0.0,0.0,0.0,,0,0.0,-1,,,2027-02-18,143765.2791,1,0.0,0.0,ARS,0.0,0.0,BYMA,0.0,0.0,0.0,142,CORP,0.0,0.0,0.0,,0.3888,,,32.89,[STC],,Sin mapear,False
0.0,STCFY,0.0,102.4,0.0,0.0,0.0,,0,0.0,-1,,,2027-02-18,102.4,2,0.0,0.0,USD,0.0,0.0,BYMA,0.0,0.0,0.0,142,CORP,0.0,0.0,0.0,,0.3888,,,32.89,[STC],,Sin mapear,False
0.0,STCGO,0.0,94.817,0.0,0.0,0.0,,0,0.0,-1,,,2027-02-18,94.817,2,0.0,0.0,ARS,0.0,0.0,BYMA,0.0,0.0,0.0,142,CORP,0.0,0.0,0.0,,0.3888,,,32.89,[STC],,Sin mapear,False
0.0,STCGX,0.0,105.5,0.0,0.0,0.0,,0,0.0,-1,,,2027-02-18,105.5,2,0.0,0.0,ARS,0.0,0.0,BYMA,0.0,0.0,0.0,142,CORP,0.0,0.0,0.0,,0.3888,,,32.89,[STC],,Sin mapear,False
0.0,MJC1D,0.0,51.41,0.0,0.0,0.0,,0,0.0,-1,,,2027-02-19,51.41,1,0.0,0.0,USD,0.0,0.0,BYMA,0.0,0.0,0.0,143,CORP,0.0,0.0,0.0,,0.3915,,,32.89,[MJC],,Sin mapear,False
0.0,MJC1O,0.0,67751.6381,0.0,0.0,0.0,,0,0.0,-1,,,2027-02-19,67751.6381,1,0.0,0.0,ARS,0.0,0.0,BYMA,0.0,0.0,0.0,143,CORP,0.0,0.0,0.0,,0.3915,,,32.89,[MJC],,Sin mapear,False
0.0,MJC1O,0.0,152390.0,0.0,0.0,0.0,,0,0.0,-1,,,2027-02-19,152390.0,2,0.0,0.0,ARS,0.0,0.0,BYMA,0.0,0.0,0.0,143,CORP,0.0,0.0,0.0,,0.3915,,,32.89,[MJC],,Sin mapear,False
0.0,ZZC1C,0.0,87.7848,0.0,0.0,0.0,,0,0.0,-1,,,2027-02-21,87.7848,1,0.0,0.0,EXT,0.0,0.0,BYMA,0.0,0.0,0.0,145,CORP,0.0,0.0,0.0,,0.397,,,32.89,[ZZC],,Sin mapear,False
0.0,T672D,0.0,102.0,0.0,0.0,0.0,,0,0.0,-1,,,2027-02-22,102.0,1,0.0,0.0,USD,0.0,0.0,BYMA,0.0,0.0,0.0,146,CORP,0.0,0.0,0.0,,0.3997,,,32.89,Tarjeta Naranja S.A.U.,30685376349,Financiero - Consumo,True
0.0,T672O,0.0,154200.0,0.0,0.0,0.0,,0,0.0,-1,,,2027-02-22,154200.0,1,0.0,0.0,ARS,0.0,0.0,BYMA,0.0,0.0,0.0,146,CORP,0.0,0.0,0.0,,0.3997,,,32.89,Tarjeta Naranja S.A.U.,30685376349,Financiero - Consumo,True
0.0,T672X,0.0,147149.0,0.0,0.0,0.0,,0,0.0,-1,,,2027-02-22,147149.0,1,0.0,0.0,ARS,0.0,0.0,BYMA,0.0,0.0,0.0,146,CORP,0.0,0.0,0.0,,0.3997,,,32.89,Tarjeta Naranja S.A.U.,30685376349,Financiero - Consumo,True
0.0,T672Z,0.0,97.0,0.0,0.0,0.0,,0,0.0,-1,,,2027-02-22,97.0,1,0.0,0.0,EXT,0.0,0.0,BYMA,0.0,0.0,0.0,146,CORP,0.0,0.0,0.0,,0.3997,,,32.89,Tarjeta Naranja S.A.U.,30685376349,Financiero - Consumo,True
0.0,HBCEO,0.0,87.434,0.0,0.0,0.0,,0,0.0,-1,,,2027-02-23,87.434,2,0.0,0.0,ARS,90.05,0.0,BYMA,0.0,0.0,0.0,147,CORP,0.0,0.0,1000000.0,,0.4025,,,32.89,BANCO HIPOTECARIO S.A.,30500011072,,True
0.0,HBCEX,0.0,101.15,0.0,0.0,0.0,,0,0.0,-1,,,2027-02-23,101.15,2,0.0,0.0,ARS,0.0,0.0,BYMA,0.0,0.0,0.0,147,CORP,0.0,0.0,0.0,,0.4025,,,32.89,BANCO HIPOTECARIO S.A.,30500011072,,True
0.0,HBCFO,0.0,152962.0128,0.0,0.0,0.0,,0,0.0,-1,,,2027-02-23,152962.0128,1,0.0,0.0,ARS,0.0,0.0,BYMA,0.0,0.0,0.0,147,CORP,0.0,0.0,0.0,,0.4025,,,32.89,BANCO HIPOTECARIO S.A.,30500011072,,True
0.0,HBCFO,0.0,149042.1708,0.0,0.0,0.0,,0,0.0,-1,,,2027-02-23,149042.1708,2,0.0,0.0,ARS,0.0,0.0,BYMA,0.0,0.0,0.0,147,CORP,0.0,0.0,0.0,,0.4025,,,32.89,BANCO HIPOTECARIO S.A.,30500011072,,True
0.0,HBCFY,0.0,100.0,0.0,0.0,0.0,,0,0.0,-1,,,2027-02-23,100.0,2,0.0,0.0,USD,0.0,0.0,BYMA,0.0,0.0,0.0,147,CORP,0.0,0.0,0.0,,0.4025,,,32.89,BANCO HIPOTECARIO S.A.,30500011072,,True
0.0,SXC3X,0.0,100.0,0.0,0.0,0.0,,0,0.0,-1,,,2027-02-23,100.0,1,0.0,0.0,ARS,0.0,0.0,BYMA,0.0,0.0,0.0,147,CORP,0.0,0.0,0.0,,0.4025,,,32.89,MERCADO PAGO SERVICIOS DE PROCESAMIENTO S.R.L.,30716999498,,True
0.0,SXC3X,0.0,106.72,0.0,0.0,0.0,,0,0.0,-1,,,2027-02-23,106.72,2,0.0,0.0,ARS,0.0,0.0,BYMA,0.0,0.0,0.0,147,CORP,0.0,0.0,0.0,,0.4025,,,32.89,MERCADO PAGO SERVICIOS DE PROCESAMIENTO S.R.L.,30716999498,,True
0.0,DEC2C,0.0,91.239,0.0,0.0,0.0,,0,0.0,-1,,,2027-02-24,91.239,1,0.0,0.0,EXT,0.0,0.0,BYMA,0.0,0.0,0.0,148,CORP,0.0,0.0,0.0,,0.4052,,,32.89,Empresa Distrib. de Electricidad Salta S.A.,30690633635,Energía - Electricidad,True
0.0,DEC2X,0.0,146500.0,0.0,0.0,0.0,,0,0.0,-1,,,2027-02-24,146500.0,2,0.0,0.0,ARS,0.0,0.0,BYMA,0.0,0.0,0.0,148,CORP,0.0,0.0,0.0,,0.4052,,,32.89,Empresa Distrib. de Electricidad Salta S.A.,30690633635,Energía - Electricidad,True
0.0,DEC2Y,0.0,101.02,0.0,0.0,0.0,,0,0.0,-1,,,2027-02-24,101.02,1,0.0,0.0,USD,0.0,0.0,BYMA,0.0,0.0,0.0,148,CORP,0.0,0.0,0.0,,0.4052,,,32.89,Empresa Distrib. de Electricidad Salta S.A.,30690633635,Energía - Electricidad,True
0.0,DEC2Y,0.0,101.024,0.0,0.0,0.0,,0,0.0,-1,,,2027-02-24,101.024,2,0.0,0.0,USD,0.0,0.0,BYMA,0.0,0.0,0.0,148,CORP,0.0,0.0,0.0,,0.4052,,,32.89,Empresa Distrib. de Electricidad Salta S.A.,30690633635,Energía - Electricidad,True
0.0,FTN3X,0.0,101.89,0.0,0.0,0.0,,0,0.0,-1,,,2027-02-24,101.89,1,0.0,0.0,ARS,0.0,0.0,BYMA,0.0,0.0,0.0,148,CORP,0.0,0.0,0.0,,0.4052,,,32.89,[FTN],,Sin mapear,False
0.0,FTN3X,0.0,100.7,0.0,0.0,0.0,,0,0.0,-1,,,2027-02-24,100.7,2,0.0,0.0,ARS,0.0,0.0,BYMA,0.0,0.0,0.0,148,CORP,0.0,0.0,0.0,,0.4052,,,32.89,[FTN],,Sin mapear,False
0.0,RC4CO,0.0,101.75,108.5,0.0,0.0,,0,0.0,-1,,,2027-02-25,101.75,1,100000.0,0.0,ARS,0.0,0.0,BYMA,0.0,0.0,0.0,149,CORP,0.0,0.0,0.0,,0.4079,,,32.89,ARCOR S.A.I.C.,30502793175,,True
0.0,RC4CO,0.0,100.5,108.95,0.0,0.0,,0,0.0,-1,,,2027-02-25,100.5,2,106233.0,0.0,ARS,0.0,0.0,BYMA,0.0,0.0,0.0,149,CORP,0.0,0.0,0.0,,0.4079,,,32.89,ARCOR S.A.I.C.,30502793175,,True
0.0,RC4CX,0.0,101.15,0.0,0.0,0.0,,0,0.0,-1,,,2027-02-25,101.15,2,0.0,0.0,ARS,0.0,0.0,BYMA,0.0,0.0,0.0,149,CORP,0.0,0.0,0.0,,0.4079,,,32.89,ARCOR S.A.I.C.,30502793175,,True
0.0,TY34O,0.0,92.73,0.0,0.0,0.0,,0,0.0,-1,,,2027-02-26,92.73,2,0.0,0.0,ARS,0.0,0.0,BYMA,0.0,0.0,0.0,150,CORP,0.0,0.0,0.0,,0.4107,,,32.89,Toyota Compañía Financiera de Argentina S.A.,30709000426,Financiero - Crédito Automotriz,True
0.0,CAC4O,0.0,68550.0,0.0,0.0,0.0,,0,0.0,-1,,,2027-02-27,68550.0,2,0.0,0.0,ARS,70600.0,0.0,BYMA,0.0,0.0,0.0,151,CORP,0.0,0.0,100.0,,0.4134,,,32.89,Capex S.A.,30629827060,Energía - Electricidad,True
0.0,CAC4X,0.0,55200.0,0.0,0.0,0.0,,0,0.0,-1,,,2027-02-27,55200.0,2,0.0,0.0,ARS,0.0,0.0,BYMA,0.0,0.0,0.0,151,CORP,0.0,0.0,0.0,,0.4134,,,32.89,Capex S.A.,30629827060,Energía - Electricidad,True
0.0,YFCFX,0.0,138000.0,0.0,0.0,0.0,,0,0.0,-1,,,2027-02-27,138000.0,2,0.0,0.0,ARS,0.0,0.0,BYMA,0.0,0.0,0.0,151,CORP,0.0,0.0,0.0,,0.4134,,,32.89,YPF ENERGIA ELECTRICA S.A.,30714128309,,True
0.0,YFCGX,0.0,94934.0,0.0,0.0,0.0,,0,0.0,-1,,,2027-02-27,94934.0,2,0.0,0.0,ARS,0.0,0.0,BYMA,0.0,0.0,0.0,151,CORP,0.0,0.0,0.0,,0.4134,,,32.89,YPF Energía Eléctrica S.A.,30714128309,Energía - Electricidad,True
0.0,IRCJC,0.0,95.2402,0.0,0.0,0.0,,0,0.0,-1,,,2027-02-28,95.2402,1,0.0,0.0,EXT,0.0,0.0,BYMA,0.0,0.0,0.0,152,CORP,0.0,0.0,0.0,,0.4162,,,32.89,IRSA Inversiones y Representaciones S.A.,30524688673,Real Estate,True
0.0,IRCJC,0.0,95.9,0.0,0.0,0.0,,0,0.0,-1,,,2027-02-28,95.9,2,0.0,0.0,EXT,0.0,0.0,BYMA,0.0,0.0,0.0,152,CORP,0.0,0.0,0.0,,0.4162,,,32.89,IRSA Inversiones y Representaciones S.A.,30524688673,Real Estate,True
0.0,PSSXO,0.0,200959.0,0.0,0.0,0.0,,0,0.0,-1,,,2027-02-28,200959.0,2,0.0,0.0,ARS,0.0,0.0,BYMA,0.0,0.0,0.0,152,CORP,0.0,0.0,0.0,,0.4162,,,32.89,PSA Finance Argentina Cía. Financiera S.A.,30707847367,Financiero - Crédito Automotriz,True
0.0,VSCJD,0.0,91.0,0.0,0.0,0.0,,0,0.0,-1,,,2027-03-03,91.0,1,0.0,0.0,USD,92.05,0.0,BYMA,0.0,0.0,0.0,155,CORP,0.0,0.0,118.0,,0.4244,,,32.89,Vista Oil & Gas Argentina S.A.U.,33515950899,Energía - Petróleo y Gas,True
0.0,VSCJD,0.0,93.98,0.0,0.0,0.0,,0,0.0,-1,,,2027-03-03,93.98,2,0.0,0.0,USD,94.22,0.0,BYMA,0.0,0.0,0.0,155,CORP,0.0,0.0,4200.0,,0.4244,,,32.89,Vista Oil & Gas Argentina S.A.U.,33515950899,Energía - Petróleo y Gas,True
0.0,VSCJO,0.0,141000.0,0.0,0.0,0.0,,0,0.0,-1,,,2027-03-03,141000.0,1,0.0,0.0,ARS,140450.0,0.0,BYMA,0.0,0.0,0.0,155,CORP,0.0,0.0,100.0,,0.4244,,,32.89,Vista Oil & Gas Argentina S.A.U.,33515950899,Energía - Petróleo y Gas,True
0.0,VSCJX,0.0,127500.0,0.0,0.0,0.0,,0,0.0,-1,,,2027-03-03,127500.0,1,0.0,0.0,ARS,0.0,0.0,BYMA,0.0,0.0,0.0,155,CORP,0.0,0.0,0.0,,0.4244,,,32.89,Vista Oil & Gas Argentina S.A.U.,33515950899,Energía - Petróleo y Gas,True
0.0,VSCJX,0.0,141150.0,0.0,0.0,0.0,,0,0.0,-1,,,2027-03-03,141150.0,2,0.0,0.0,ARS,0.0,0.0,BYMA,0.0,0.0,0.0,155,CORP,0.0,0.0,0.0,,0.4244,,,32.89,Vista Oil & Gas Argentina S.A.U.,33515950899,Energía - Petróleo y Gas,True
0.0,VSCJY,0.0,81.2,0.0,0.0,0.0,,0,0.0,-1,,,2027-03-03,81.2,1,0.0,0.0,USD,0.0,0.0,BYMA,0.0,0.0,0.0,155,CORP,0.0,0.0,0.0,,0.4244,,,32.89,Vista Oil & Gas Argentina S.A.U.,33515950899,Energía - Petróleo y Gas,True
0.0,BF41O,0.0,87.0253,0.0,0.0,0.0,,0,0.0,-1,,,2027-03-04,87.0253,2,0.0,0.0,ARS,0.0,0.0,BYMA,0.0,0.0,0.0,156,CORP,0.0,0.0,0.0,,0.4271,,,32.89,BANCO BBVA ARGENTINA S.A.,30500003193,,True
0.0,TY38X,0.0,119.0,0.0,0.0,0.0,,0,0.0,-1,,,2027-03-06,119.0,2,0.0,0.0,ARS,0.0,0.0,BYMA,0.0,0.0,0.0,158,CORP,0.0,0.0,0.0,,0.4326,,,32.89,Toyota Compañía Financiera de Argentina S.A.,30709000426,Financiero - Crédito Automotriz,True
0.0,GN43X,0.0,119900.0,0.0,0.0,0.0,,0,0.0,-1,,,2027-03-08,119900.0,1,0.0,0.0,ARS,0.0,0.0,BYMA,0.0,0.0,0.0,160,CORP,0.0,0.0,0.0,,0.4381,,,32.89,Genneia S.A.,30665234114,Energía - Renovable,True
0.0,GN43X,0.0,120750.0,0.0,0.0,0.0,,0,0.0,-1,,,2027-03-08,120750.0,2,0.0,0.0,ARS,0.0,0.0,BYMA,0.0,0.0,0.0,160,CORP,0.0,0.0,0.0,,0.4381,,,32.89,Genneia S.A.,30665234114,Energía - Renovable,True
0.0,TLCDD,0.0,97.5,0.0,0.0,0.0,,0,0.0,-1,,,2027-03-09,97.5,2,0.0,0.0,USD,97.5,0.0,BYMA,0.0,0.0,0.0,161,CORP,0.0,0.0,1945.0,,0.4408,,,32.89,Telecom Argentina S.A.,30639453738,Telecomunicaciones,True
0.0,TLCDO,0.0,150619.1064,0.0,0.0,0.0,,0,0.0,-1,,,2027-03-09,150619.1064,1,0.0,0.0,ARS,0.0,0.0,BYMA,0.0,0.0,0.0,161,CORP,0.0,0.0,0.0,,0.4408,,,32.89,Telecom Argentina S.A.,30639453738,Telecomunicaciones,True
0.0,TLCDO,0.0,148420.0,0.0,0.0,0.0,,0,0.0,-1,,,2027-03-09,148420.0,2,0.0,0.0,ARS,149240.0,0.0,BYMA,0.0,0.0,0.0,161,CORP,0.0,0.0,2345.0,,0.4408,,,32.89,Telecom Argentina S.A.,30639453738,Telecomunicaciones,True
0.0,TLCDX,0.0,138450.0,0.0,0.0,0.0,,0,0.0,-1,,,2027-03-09,138450.0,1,0.0,0.0,ARS,0.0,0.0,BYMA,0.0,0.0,0.0,161,CORP,0.0,0.0,0.0,,0.4408,,,32.89,Telecom Argentina S.A.,30639453738,Telecomunicaciones,True
0.0,TLCDX,0.0,136450.0,0.0,0.0,0.0,,0,0.0,-1,,,2027-03-09,136450.0,2,0.0,0.0,ARS,0.0,0.0,BYMA,0.0,0.0,0.0,161,CORP,0.0,0.0,0.0,,0.4408,,,32.89,Telecom Argentina S.A.,30639453738,Telecomunicaciones,True
0.0,TLCDZ,0.0,79.631,0.0,0.0,0.0,,0,0.0,-1,,,2027-03-09,79.631,2,0.0,0.0,EXT,0.0,0.0,BYMA,0.0,0.0,0.0,161,CORP,0.0,0.0,0.0,,0.4408,,,32.89,Telecom Argentina S.A.,30639453738,Telecomunicaciones,True
0.0,VBC1C,0.0,92.762,0.0,0.0,0.0,,0,0.0,-1,,,2027-03-11,92.762,1,0.0,0.0,EXT,0.0,0.0,BYMA,0.0,0.0,0.0,163,CORP,0.0,0.0,0.0,,0.4463,,,32.89,[VBC],,Sin mapear,False
0.0,VBC1C,0.0,97.3706,0.0,0.0,0.0,,0,0.0,-1,,,2027-03-11,97.3706,2,0.0,0.0,EXT,0.0,0.0,BYMA,0.0,0.0,0.0,163,CORP,0.0,0.0,0.0,,0.4463,,,32.89,[VBC],,Sin mapear,False
0.0,VBC1Y,0.0,104.5,0.0,0.0,0.0,,0,0.0,-1,,,2027-03-11,104.5,2,0.0,0.0,USD,0.0,0.0,BYMA,0.0,0.0,0.0,163,CORP,0.0,0.0,0.0,,0.4463,,,32.89,[VBC],,Sin mapear,False
0.0,CVS4V,0.0,56.4013,0.0,0.0,0.0,,0,0.0,-1,,,2027-03-20,56.4013,1,0.0,0.0,ARS,0.0,0.0,BYMA,0.0,0.0,0.0,172,CORP,0.0,0.0,0.0,,0.4709,,,32.89,[CVS],,Sin mapear,False
0.0,LMS8C,0.0,52.0721,0.0,0.0,0.0,,0,0.0,-1,,,2027-03-21,52.0721,1,0.0,0.0,EXT,50.24,0.0,BYMA,0.0,0.0,0.0,173,CORP,0.0,0.0,30000.0,,0.4736,,,32.89,BLM DESARROLLOS SA,30718221516,,True
0.0,LMS8D,0.0,55.7977,0.0,0.0,0.0,,0,0.0,-1,,,2027-03-21,55.7977,1,0.0,0.0,USD,52.48,0.0,BYMA,0.0,0.0,0.0,173,CORP,0.0,0.0,30000.0,,0.4736,,,32.89,BLM DESARROLLOS SA,30718221516,,True
0.0,LMS8X,0.0,125000.0,0.0,0.0,0.0,,0,0.0,-1,,,2027-03-21,125000.0,1,0.0,0.0,ARS,0.0,0.0,BYMA,0.0,0.0,0.0,173,CORP,0.0,0.0,0.0,,0.4736,,,32.89,BLM DESARROLLOS SA,30718221516,,True
0.0,LMS8X,0.0,125075.342,0.0,0.0,0.0,,0,0.0,-1,,,2027-03-21,125075.342,2,0.0,0.0,ARS,0.0,0.0,BYMA,0.0,0.0,0.0,173,CORP,0.0,0.0,0.0,,0.4736,,,32.89,BLM DESARROLLOS SA,30718221516,,True
0.0,LMS8Y,0.0,100.0,0.0,0.0,0.0,,0,0.0,-1,,,2027-03-21,100.0,1,0.0,0.0,USD,0.0,0.0,BYMA,0.0,0.0,0.0,173,CORP,0.0,0.0,0.0,,0.4736,,,32.89,BLM DESARROLLOS SA,30718221516,,True
0.0,LMS8Y,0.0,102.0,0.0,0.0,0.0,,0,0.0,-1,,,2027-03-21,102.0,2,0.0,0.0,USD,0.0,0.0,BYMA,0.0,0.0,0.0,173,CORP,0.0,0.0,0.0,,0.4736,,,32.89,BLM DESARROLLOS SA,30718221516,,True
0.0,LMS8Z,0.0,77.5,0.0,0.0,0.0,,0,0.0,-1,,,2027-03-21,77.5,1,0.0,0.0,EXT,0.0,0.0,BYMA,0.0,0.0,0.0,173,CORP,0.0,0.0,0.0,,0.4736,,,32.89,BLM DESARROLLOS SA,30718221516,,True
0.0,CP39O,0.0,128121.1034,0.0,0.0,0.0,,0,0.0,-1,,,2027-03-29,128121.1034,1,0.0,0.0,ARS,0.0,0.0,BYMA,0.0,0.0,0.0,181,CORP,0.0,0.0,0.0,,0.4956,,,32.89,Cía. General de Combustibles S.A.,30506733932,Energía - Gas,True
0.0,CP39O,0.0,151542.8931,0.0,0.0,0.0,,0,0.0,-1,,,2027-03-29,151542.8931,2,0.0,0.0,ARS,120000.0,0.0,BYMA,0.0,0.0,0.0,181,CORP,0.0,0.0,500.0,,0.4956,,,32.89,Cía. General de Combustibles S.A.,30506733932,Energía - Gas,True
0.0,CP39X,0.0,155400.0,0.0,0.0,0.0,,0,0.0,-1,,,2027-03-29,155400.0,2,0.0,0.0,ARS,0.0,0.0,BYMA,0.0,0.0,0.0,181,CORP,0.0,0.0,0.0,,0.4956,,,32.89,Cía. General de Combustibles S.A.,30506733932,Energía - Gas,True
0.0,AFCMD,0.0,100.7,105.0,0.0,0.0,,0,0.0,-1,,,2027-04-17,100.7,2,4636.0,0.0,USD,0.0,0.0,BYMA,0.0,0.0,0.0,200,CORP,0.0,0.0,0.0,,0.5476,,,32.89,Banco Comafi S.A.,30604731018,Financiero - Bancos,True
0.0,AFCMO,0.0,153250.0,0.0,0.0,0.0,,0,0.0,-1,,,2027-04-17,153250.0,1,0.0,0.0,ARS,0.0,0.0,BYMA,0.0,0.0,0.0,200,CORP,0.0,0.0,0.0,,0.5476,,,32.89,Banco Comafi S.A.,30604731018,Financiero - Bancos,True
0.0,AFCMO,0.0,156000.0,158000.0,0.0,0.0,,0,0.0,-1,,,2027-04-17,156000.0,2,2200.0,0.0,ARS,0.0,0.0,BYMA,0.0,0.0,0.0,200,CORP,0.0,0.0,0.0,,0.5476,,,32.89,Banco Comafi S.A.,30604731018,Financiero - Bancos,True
0.0,AFCNO,0.0,100.0,0.0,0.0,0.0,,0,0.0,-1,,,2027-04-17,100.0,2,0.0,0.0,ARS,0.0,0.0,BYMA,0.0,0.0,0.0,200,CORP,0.0,0.0,0.0,,0.5476,,,32.89,Banco Comafi S.A.,30604731018,Financiero - Bancos,True
0.0,AFCNX,0.0,101.65,0.0,0.0,0.0,,0,0.0,-1,,,2027-04-17,101.65,1,0.0,0.0,ARS,0.0,0.0,BYMA,0.0,0.0,0.0,200,CORP,0.0,0.0,0.0,,0.5476,,,32.89,Banco Comafi S.A.,30604731018,Financiero - Bancos,True
0.0,AFCNX,0.0,101.89,0.0,0.0,0.0,,0,0.0,-1,,,2027-04-17,101.89,2,0.0,0.0,ARS,0.0,0.0,BYMA,0.0,0.0,0.0,200,CORP,0.0,0.0,0.0,,0.5476,,,32.89,Banco Comafi S.A.,30604731018,Financiero - Bancos,True
0.0,RB68O,0.0,0.0,101.5,0.0,0.0,,0,0.0,-1,,,2027-04-17,0.0,2,7000000.0,0.0,ARS,0.0,0.0,BYMA,0.0,0.0,0.0,200,CORP,0.0,0.0,0.0,,0.5476,,,32.89,Rombo Cía. Financiera S.A.,33707124909,Financiero - Crédito Automotriz,True
0.0,OTS2C,0.0,84.8788,0.0,0.0,0.0,,0,0.0,-1,,,2027-04-24,84.8788,1,0.0,0.0,EXT,0.0,0.0,BYMA,0.0,0.0,0.0,207,CORP,0.0,0.0,0.0,,0.5667,,,32.89,[OTS],,Sin mapear,False
0.0,OTS2Y,0.0,100.0,0.0,0.0,0.0,,0,0.0,-1,,,2027-04-24,100.0,1,0.0,0.0,USD,0.0,0.0,BYMA,0.0,0.0,0.0,207,CORP,0.0,0.0,0.0,,0.5667,,,32.89,[OTS],,Sin mapear,False
0.0,OTS2Y,0.0,101.5,0.0,0.0,0.0,,0,0.0,-1,,,2027-04-24,101.5,2,0.0,0.0,USD,0.0,0.0,BYMA,0.0,0.0,0.0,207,CORP,0.0,0.0,0.0,,0.5667,,,32.89,[OTS],,Sin mapear,False
0.0,YMCPO,0.0,46216.0334,0.0,0.0,0.0,,0,0.0,-1,,,2027-04-25,46216.0334,1,0.0,0.0,ARS,0.0,0.0,BYMA,0.0,0.0,0.0,208,CORP,0.0,0.0,0.0,,0.5695,,,32.89,YPF S.A.,30546689979,Energía - Petróleo y Gas,True
0.0,YMCPO,0.0,77229.3234,0.0,0.0,0.0,,0,0.0,-1,,,2027-04-25,77229.3234,2,0.0,0.0,ARS,78600.0,0.0,BYMA,0.0,0.0,0.0,208,CORP,0.0,0.0,1.0,,0.5695,,,32.89,YPF S.A.,30546689979,Energía - Petróleo y Gas,True
0.0,YMCPX,0.0,89000.0,0.0,0.0,0.0,,0,0.0,-1,,,2027-04-25,89000.0,1,0.0,0.0,ARS,0.0,0.0,BYMA,0.0,0.0,0.0,208,CORP,0.0,0.0,0.0,,0.5695,,,32.89,YPF S.A.,30546689979,Energía - Petróleo y Gas,True
0.0,YMCPX,0.0,133730.0,0.0,0.0,0.0,,0,0.0,-1,,,2027-04-25,133730.0,2,0.0,0.0,ARS,0.0,0.0,BYMA,0.0,0.0,0.0,208,CORP,0.0,0.0,0.0,,0.5695,,,32.89,YPF S.A.,30546689979,Energía - Petróleo y Gas,True
0.0,BNCXX,0.0,100.06,0.0,0.0,0.0,,0,0.0,-1,,,2027-04-28,100.06,1,0.0,0.0,ARS,0.0,0.0,BYMA,0.0,0.0,0.0,211,CORP,0.0,0.0,0.0,,0.5777,,,32.89,[BNC],,Sin mapear,False
0.0,BNCXX,0.0,103.55,0.0,0.0,0.0,,0,0.0,-1,,,2027-04-28,103.55,2,0.0,0.0,ARS,0.0,0.0,BYMA,0.0,0.0,0.0,211,CORP,0.0,0.0,0.0,,0.5777,,,32.89,[BNC],,Sin mapear,False
0.0,IP11P,0.0,42.8021,0.0,0.0,0.0,,0,0.0,-1,,,2027-04-28,42.8021,2,0.0,0.0,ARS,0.0,0.0,BYMA,0.0,0.0,0.0,211,CORP,0.0,0.0,0.0,,0.5777,,,32.89,PROCESOS INDUSTRIALES METALLO SA,30716855372,,True
0.0,PNDCC,0.0,39.12,0.0,0.0,0.0,,0,0.0,-1,,,2027-04-30,39.12,1,0.0,0.0,EXT,0.0,0.0,BYMA,0.0,0.0,0.0,213,CORP,0.0,0.0,0.0,,0.5832,,,32.89,Pan American Energy LLC (PAE Sucursal),30714813583,Energía - Petróleo y Gas,True
0.0,PNDCX,0.0,37200.0,0.0,0.0,0.0,,0,0.0,-1,,,2027-04-30,37200.0,1,0.0,0.0,ARS,0.0,0.0,BYMA,0.0,0.0,0.0,213,CORP,0.0,0.0,0.0,,0.5832,,,32.89,Pan American Energy LLC (PAE Sucursal),30714813583,Energía - Petróleo y Gas,True
0.0,PNDCX,0.0,54047.45,0.0,0.0,0.0,,0,0.0,-1,,,2027-04-30,54047.45,2,0.0,0.0,ARS,0.0,0.0,BYMA,0.0,0.0,0.0,213,CORP,0.0,0.0,0.0,,0.5832,,,32.89,Pan American Energy LLC (PAE Sucursal),30714813583,Energía - Petróleo y Gas,True
0.0,PNDCY,0.0,123.675,0.0,0.0,0.0,,0,0.0,-1,,,2027-04-30,123.675,2,0.0,0.0,USD,0.0,0.0,BYMA,0.0,0.0,0.0,213,CORP,0.0,0.0,0.0,,0.5832,,,32.89,Pan American Energy LLC (PAE Sucursal),30714813583,Energía - Petróleo y Gas,True
0.0,PNDCZ,0.0,107.69,0.0,0.0,0.0,,0,0.0,-1,,,2027-04-30,107.69,1,0.0,0.0,EXT,0.0,0.0,BYMA,0.0,0.0,0.0,213,CORP,0.0,0.0,0.0,,0.5832,,,32.89,Pan American Energy LLC (PAE Sucursal),30714813583,Energía - Petróleo y Gas,True
0.0,PNDCZ,0.0,61.606,0.0,0.0,0.0,,0,0.0,-1,,,2027-04-30,61.606,2,0.0,0.0,EXT,0.0,0.0,BYMA,0.0,0.0,0.0,213,CORP,0.0,0.0,0.0,,0.5832,,,32.89,Pan American Energy LLC (PAE Sucursal),30714813583,Energía - Petróleo y Gas,True
0.0,T641C,0.0,91.8466,0.0,0.0,0.0,,0,0.0,-1,,,2027-04-30,91.8466,1,0.0,0.0,EXT,0.0,0.0,BYMA,0.0,0.0,0.0,213,CORP,0.0,0.0,0.0,,0.5832,,,32.89,Tarjeta Naranja S.A.,30685376349,Financiero - Crédito Consumo,True
0.0,T641D,0.0,102.8521,0.0,0.0,0.0,,0,0.0,-1,,,2027-04-30,102.8521,1,0.0,0.0,USD,0.0,0.0,BYMA,0.0,0.0,0.0,213,CORP,0.0,0.0,0.0,,0.5832,,,32.89,Tarjeta Naranja S.A.,30685376349,Financiero - Crédito Consumo,True
0.0,T641O,0.0,155856.0704,0.0,0.0,0.0,,0,0.0,-1,,,2027-04-30,155856.0704,1,0.0,0.0,ARS,0.0,0.0,BYMA,0.0,0.0,0.0,213,CORP,0.0,0.0,0.0,,0.5832,,,32.89,Tarjeta Naranja S.A.,30685376349,Financiero - Crédito Consumo,True
0.0,BPCVD,0.0,98.36,0.0,0.0,0.0,,0,0.0,-1,,,2027-05-05,98.36,2,0.0,0.0,USD,91.0,0.0,BYMA,0.0,0.0,0.0,218,CORP,0.0,0.0,2400.0,,0.5969,,,32.89,Banco Supervielle S.A.,33500005179,Financiero - Bancos,True
0.0,BPCVO,0.0,147000.0,157500.0,0.0,0.0,,0,0.0,-1,,,2027-05-05,147000.0,2,1500.0,0.0,ARS,0.0,0.0,BYMA,0.0,0.0,0.0,218,CORP,0.0,0.0,0.0,,0.5969,,,32.89,Banco Supervielle S.A.,33500005179,Financiero - Bancos,True
0.0,BPCVY,0.0,100.0,0.0,0.0,0.0,,0,0.0,-1,,,2027-05-05,100.0,1,0.0,0.0,USD,0.0,0.0,BYMA,0.0,0.0,0.0,218,CORP,0.0,0.0,0.0,,0.5969,,,32.89,Banco Supervielle S.A.,33500005179,Financiero - Bancos,True
0.0,BPCVY,0.0,100.07,0.0,0.0,0.0,,0,0.0,-1,,,2027-05-05,100.07,2,0.0,0.0,USD,0.0,0.0,BYMA,0.0,0.0,0.0,218,CORP,0.0,0.0,0.0,,0.5969,,,32.89,Banco Supervielle S.A.,33500005179,Financiero - Bancos,True
0.0,YM37C,0.0,99.4475,0.0,0.0,0.0,,0,0.0,-1,,,2027-05-07,99.4475,1,0.0,0.0,EXT,0.0,0.0,BYMA,0.0,0.0,0.0,220,CORP,0.0,0.0,0.0,,0.6023,,,32.89,YPF S.A.,30546689979,Energía - Petróleo y Gas,True
0.0,YM37X,0.0,142977.8,0.0,0.0,0.0,,0,0.0,-1,,,2027-05-07,142977.8,1,0.0,0.0,ARS,0.0,0.0,BYMA,0.0,0.0,0.0,220,CORP,0.0,0.0,0.0,,0.6023,,,32.89,YPF S.A.,30546689979,Energía - Petróleo y Gas,True
0.0,YM37X,0.0,157129.524,0.0,0.0,0.0,,0,0.0,-1,,,2027-05-07,157129.524,2,0.0,0.0,ARS,0.0,0.0,BYMA,0.0,0.0,0.0,220,CORP,0.0,0.0,0.0,,0.6023,,,32.89,YPF S.A.,30546689979,Energía - Petróleo y Gas,True
0.0,YM37Y,0.0,103.5,0.0,0.0,0.0,,0,0.0,-1,,,2027-05-07,103.5,2,0.0,0.0,USD,0.0,0.0,BYMA,0.0,0.0,0.0,220,CORP,0.0,0.0,0.0,,0.6023,,,32.89,YPF S.A.,30546689979,Energía - Petróleo y Gas,True
0.0,YM37Z,0.0,100.0,0.0,0.0,0.0,,0,0.0,-1,,,2027-05-07,100.0,1,0.0,0.0,EXT,0.0,0.0,BYMA,0.0,0.0,0.0,220,CORP,0.0,0.0,0.0,,0.6023,,,32.89,YPF S.A.,30546689979,Energía - Petróleo y Gas,True
0.0,BF45X,0.0,143350.0,0.0,0.0,0.0,,0,0.0,-1,,,2027-05-08,143350.0,1,0.0,0.0,ARS,0.0,0.0,BYMA,0.0,0.0,0.0,221,CORP,0.0,0.0,0.0,,0.6051,,,32.89,BANCO BBVA ARGENTINA S.A.,30500003193,,True
0.0,RCCRC,0.0,94.6384,0.0,0.0,0.0,,0,0.0,-1,,,2027-05-09,94.6384,1,0.0,0.0,EXT,0.0,0.0,BYMA,0.0,0.0,0.0,222,CORP,0.0,0.0,0.0,,0.6078,,,32.89,Arcor S.A.I.C.,30502793175,Consumo - Alimentos,True
0.0,RCCRY,0.0,104.0,0.0,0.0,0.0,,0,0.0,-1,,,2027-05-09,104.0,2,0.0,0.0,USD,0.0,0.0,BYMA,0.0,0.0,0.0,222,CORP,0.0,0.0,0.0,,0.6078,,,32.89,Arcor S.A.I.C.,30502793175,Consumo - Alimentos,True
0.0,WNCOX,0.0,100.95,0.0,0.0,0.0,,0,0.0,-1,,,2027-05-12,100.95,1,0.0,0.0,ARS,0.0,0.0,BYMA,0.0,0.0,0.0,225,CORP,0.0,0.0,0.0,,0.616,,,32.89,[WNC],,Sin mapear,False
0.0,WNCOX,0.0,101.39,0.0,0.0,0.0,,0,0.0,-1,,,2027-05-12,101.39,2,0.0,0.0,ARS,0.0,0.0,BYMA,0.0,0.0,0.0,225,CORP,0.0,0.0,0.0,,0.616,,,32.89,[WNC],,Sin mapear,False
0.0,GN42O,0.0,42811.0,0.0,0.0,0.0,,0,0.0,-1,,,2027-05-16,42811.0,1,0.0,0.0,ARS,0.0,0.0,BYMA,0.0,0.0,0.0,229,CORP,0.0,0.0,0.0,,0.627,,,32.89,Genneia S.A.,30665234114,Energía - Renovable,True
0.0,SXC6O,0.0,0.01,0.0,0.0,0.0,,0,0.0,-1,,,2027-05-18,0.01,2,0.0,0.0,ARS,0.0,0.0,BYMA,0.0,0.0,0.0,231,CORP,0.0,0.0,0.0,,0.6324,,,32.89,MERCADO PAGO SERVICIOS DE PROCESAMIENTO S.R.L.,30716999498,,True
0.0,SXC6X,0.0,100.0,0.0,0.0,0.0,,0,0.0,-1,,,2027-05-18,100.0,1,0.0,0.0,ARS,0.0,0.0,BYMA,0.0,0.0,0.0,231,CORP,0.0,0.0,0.0,,0.6324,,,32.89,MERCADO PAGO SERVICIOS DE PROCESAMIENTO S.R.L.,30716999498,,True
0.0,SXC6X,0.0,101.22,0.0,0.0,0.0,,0,0.0,-1,,,2027-05-18,101.22,2,0.0,0.0,ARS,0.0,0.0,BYMA,0.0,0.0,0.0,231,CORP,0.0,0.0,0.0,,0.6324,,,32.89,MERCADO PAGO SERVICIOS DE PROCESAMIENTO S.R.L.,30716999498,,True
0.0,CY2BD,0.0,42.233,0.0,0.0,0.0,,0,0.0,-1,,,2027-05-19,42.233,2,0.0,0.0,USD,0.0,0.0,BYMA,0.0,0.0,0.0,232,CORP,0.0,0.0,0.0,,0.6352,,,32.89,[CY2],,Sin mapear,False
0.0,CY2BP,0.0,56258.0033,0.0,0.0,0.0,,0,0.0,-1,,,2027-05-19,56258.0033,2,0.0,0.0,ARS,0.0,0.0,BYMA,0.0,0.0,0.0,232,CORP,0.0,0.0,0.0,,0.6352,,,32.89,[CY2],,Sin mapear,False
0.0,YFCMC,0.0,92.1451,0.0,0.0,0.0,,0,0.0,-1,,,2027-05-20,92.1451,1,0.0,0.0,EXT,0.0,0.0,BYMA,0.0,0.0,0.0,233,CORP,0.0,0.0,0.0,,0.6379,,,32.89,YPF Energía Eléctrica S.A.,30714128309,Energía - Electricidad,True
0.0,YFCMD,0.0,102.3,0.0,0.0,0.0,,0,0.0,-1,,,2027-05-20,102.3,1,0.0,0.0,USD,101.55,0.0,BYMA,0.0,0.0,0.0,233,CORP,0.0,0.0,600.0,,0.6379,,,32.89,YPF Energía Eléctrica S.A.,30714128309,Energía - Electricidad,True
0.0,YFCMO,0.0,155100.0,0.0,0.0,0.0,,0,0.0,-1,,,2027-05-20,155100.0,1,0.0,0.0,ARS,0.0,0.0,BYMA,0.0,0.0,0.0,233,CORP,0.0,0.0,0.0,,0.6379,,,32.89,YPF Energía Eléctrica S.A.,30714128309,Energía - Electricidad,True
0.0,YFCMY,0.0,103.05,0.0,0.0,0.0,,0,0.0,-1,,,2027-05-20,103.05,2,0.0,0.0,USD,0.0,0.0,BYMA,0.0,0.0,0.0,233,CORP,0.0,0.0,0.0,,0.6379,,,32.89,YPF Energía Eléctrica S.A.,30714128309,Energía - Electricidad,True
0.0,BF46X,0.0,102.61,0.0,0.0,0.0,,0,0.0,-1,,,2027-05-21,102.61,2,0.0,0.0,ARS,0.0,0.0,BYMA,0.0,0.0,0.0,234,CORP,0.0,0.0,0.0,,0.6407,,,32.89,BANCO BBVA ARGENTINA S.A.,30500003193,,True
0.0,ICC6D,0.0,100.0,102.0,0.0,0.0,,0,0.0,-1,,,2027-05-22,100.0,2,2087.0,0.0,USD,0.0,0.0,BYMA,0.0,0.0,0.0,235,CORP,0.0,0.0,0.0,,0.6434,,,32.89,INSUGA CHACO S.A,33711217679,,True
0.0,ICC6O,0.0,149340.4406,0.0,0.0,0.0,,0,0.0,-1,,,2027-05-22,149340.4406,1,0.0,0.0,ARS,0.0,0.0,BYMA,0.0,0.0,0.0,235,CORP,0.0,0.0,0.0,,0.6434,,,32.89,INSUGA CHACO S.A,33711217679,,True
0.0,ICC6O,0.0,148446.5105,0.0,0.0,0.0,,0,0.0,-1,,,2027-05-22,148446.5105,2,0.0,0.0,ARS,0.0,0.0,BYMA,0.0,0.0,0.0,235,CORP,0.0,0.0,0.0,,0.6434,,,32.89,INSUGA CHACO S.A,33711217679,,True
0.0,T671O,0.0,96.6824,0.0,0.0,0.0,,0,0.0,-1,,,2027-05-22,96.6824,2,0.0,0.0,ARS,0.0,0.0,BYMA,0.0,0.0,0.0,235,CORP,0.0,0.0,0.0,,0.6434,,,32.89,Tarjeta Naranja S.A.U.,30685376349,Financiero - Consumo,True
0.0,T671X,0.0,100.0,0.0,0.0,0.0,,0,0.0,-1,,,2027-05-22,100.0,1,0.0,0.0,ARS,0.0,0.0,BYMA,0.0,0.0,0.0,235,CORP,0.0,0.0,0.0,,0.6434,,,32.89,Tarjeta Naranja S.A.U.,30685376349,Financiero - Consumo,True
0.0,T671X,0.0,102.7,0.0,0.0,0.0,,0,0.0,-1,,,2027-05-22,102.7,2,0.0,0.0,ARS,0.0,0.0,BYMA,0.0,0.0,0.0,235,CORP,0.0,0.0,0.0,,0.6434,,,32.89,Tarjeta Naranja S.A.U.,30685376349,Financiero - Consumo,True
0.0,PDS2P,0.0,42.3221,0.0,0.0,0.0,,0,0.0,-1,,,2027-05-26,42.3221,2,0.0,0.0,ARS,0.0,0.0,BYMA,0.0,0.0,0.0,239,CORP,0.0,0.0,0.0,,0.6543,,,32.89,PROSEIND S.A.,30707009892,,True
0.0,PS37X,0.0,100.3,0.0,0.0,0.0,,0,0.0,-1,,,2027-05-26,100.3,2,0.0,0.0,ARS,0.0,0.0,BYMA,0.0,0.0,0.0,239,CORP,0.0,0.0,0.0,,0.6543,,,32.89,PSA Finance Argentina Cía. Financiera S.A.,30707847367,Financiero - Crédito Automotriz,True
0.0,HJCIC,0.0,95.282,0.0,0.0,0.0,,0,0.0,-1,,,2027-05-27,95.282,1,0.0,0.0,EXT,0.0,0.0,BYMA,0.0,0.0,0.0,240,CORP,0.0,0.0,0.0,,0.6571,,,32.89,John Deere Credit Cía. Financiera S.A.,30707024859,Financiero - Crédito Industrial,True
0.0,HJCIC,0.0,95.65,0.0,0.0,0.0,,0,0.0,-1,,,2027-05-27,95.65,2,0.0,0.0,EXT,97.29,0.0,BYMA,0.0,0.0,0.0,240,CORP,0.0,0.0,12709.0,,0.6571,,,32.89,John Deere Credit Cía. Financiera S.A.,30707024859,Financiero - Crédito Industrial,True
0.0,HJCIO,0.0,159020.0,0.0,0.0,0.0,,0,0.0,-1,,,2027-05-27,159020.0,1,0.0,0.0,ARS,160050.0,0.0,BYMA,0.0,0.0,0.0,240,CORP,0.0,0.0,3124.0,,0.6571,,,32.89,John Deere Credit Cía. Financiera S.A.,30707024859,Financiero - Crédito Industrial,True
0.0,DHSLO,0.0,102.05,0.0,0.0,0.0,,0,0.0,-1,,,2027-05-28,102.05,1,0.0,0.0,ARS,0.0,0.0,BYMA,0.0,0.0,0.0,241,CORP,0.0,0.0,0.0,,0.6598,,,32.89,Credicuotas Consumo S.A.,30710911580,Financiero - Crédito Consumo,True
0.0,DHSLO,0.0,102.05,0.0,0.0,0.0,,0,0.0,-1,,,2027-05-28,102.05,2,0.0,0.0,ARS,0.0,0.0,BYMA,0.0,0.0,0.0,241,CORP,0.0,0.0,0.0,,0.6598,,,32.89,Credicuotas Consumo S.A.,30710911580,Financiero - Crédito Consumo,True
0.0,GMCJO,0.0,31848.8399,0.0,0.0,0.0,,0,0.0,-1,,,2027-05-28,31848.8399,1,0.0,0.0,ARS,0.0,0.0,BYMA,0.0,0.0,0.0,241,CORP,0.0,0.0,0.0,,0.6598,,,32.89,GENERACION MEDITERRANEA S.A.,30682434720,,True
0.0,GMCJO,0.0,0.01,0.0,0.0,0.0,,0,0.0,-1,,,2027-05-28,0.01,2,0.0,0.0,ARS,0.0,0.0,BYMA,0.0,0.0,0.0,241,CORP,0.0,0.0,0.0,,0.6598,,,32.89,GENERACION MEDITERRANEA S.A.,30682434720,,True
0.0,FTL1O,0.0,117251.8371,0.0,0.0,0.0,,0,0.0,-1,,,2027-05-29,117251.8371,2,0.0,0.0,ARS,0.0,0.0,BYMA,0.0,0.0,0.0,242,CORP,0.0,0.0,0.0,,0.6626,,,32.89,FCA CIA. FINANCIERA SA,30692304884,,True
0.0,FTL1X,0.0,163218.0,0.0,0.0,0.0,,0,0.0,-1,,,2027-05-29,163218.0,2,0.0,0.0,ARS,0.0,0.0,BYMA,0.0,0.0,0.0,242,CORP,0.0,0.0,0.0,,0.6626,,,32.89,FCA CIA. FINANCIERA SA,30692304884,,True
0.0,NLCJO,0.0,104.0,0.0,0.0,0.0,,0,0.0,-1,,,2027-05-29,104.0,2,0.0,0.0,ARS,0.0,0.0,BYMA,0.0,0.0,0.0,242,CORP,0.0,0.0,0.0,,0.6626,,,32.89,[NLC],,Sin mapear,False
0.0,OR3BD,0.0,48.19,0.0,0.0,0.0,,0,0.0,-1,,,2027-05-29,48.19,1,0.0,0.0,USD,0.0,0.0,BYMA,0.0,0.0,0.0,242,CORP,0.0,0.0,0.0,,0.6626,,,32.89,Agronorte S.R.L.,30547794482,Agro,True
0.0,OR3BD,0.0,47.69,0.0,0.0,0.0,,0,0.0,-1,,,2027-05-29,47.69,2,0.0,0.0,USD,0.0,0.0,BYMA,0.0,0.0,0.0,242,CORP,0.0,0.0,0.0,,0.6626,,,32.89,Agronorte S.R.L.,30547794482,Agro,True
0.0,OR3BP,0.0,69448.0068,0.0,0.0,0.0,,0,0.0,-1,,,2027-05-29,69448.0068,1,0.0,0.0,ARS,0.0,0.0,BYMA,0.0,0.0,0.0,242,CORP,0.0,0.0,0.0,,0.6626,,,32.89,Agronorte S.R.L.,30547794482,Agro,True
0.0,OR3BP,0.0,69681.302,0.0,0.0,0.0,,0,0.0,-1,,,2027-05-29,69681.302,2,0.0,0.0,ARS,0.0,0.0,BYMA,0.0,0.0,0.0,242,CORP,0.0,0.0,0.0,,0.6626,,,32.89,Agronorte S.R.L.,30547794482,Agro,True
0.0,TLCVC,0.0,99.5539,0.0,0.0,0.0,,0,0.0,-1,,,2027-05-29,99.5539,2,0.0,0.0,EXT,0.0,0.0,BYMA,0.0,0.0,0.0,242,CORP,0.0,0.0,0.0,,0.6626,,,32.89,Telecom Argentina S.A.,30639453738,Telecomunicaciones,True
0.0,ZPC2C,0.0,90.0545,0.0,0.0,0.0,,0,0.0,-1,,,2027-06-02,90.0545,1,0.0,0.0,EXT,0.0,0.0,BYMA,0.0,0.0,0.0,246,CORP,0.0,0.0,0.0,,0.6735,,,32.89,PLAZA LOGISTICA S.R.L.,30655942382,,True
0.0,ZPC2D,0.0,86.6104,0.0,0.0,0.0,,0,0.0,-1,,,2027-06-02,86.6104,1,0.0,0.0,USD,0.0,0.0,BYMA,0.0,0.0,0.0,246,CORP,0.0,0.0,0.0,,0.6735,,,32.89,PLAZA LOGISTICA S.R.L.,30655942382,,True
0.0,ZPC2O,0.0,134168.1931,0.0,0.0,0.0,,0,0.0,-1,,,2027-06-02,134168.1931,1,0.0,0.0,ARS,0.0,0.0,BYMA,0.0,0.0,0.0,246,CORP,0.0,0.0,0.0,,0.6735,,,32.89,PLAZA LOGISTICA S.R.L.,30655942382,,True
0.0,MCC2C,0.0,91.6404,0.0,0.0,0.0,,0,0.0,-1,,,2027-06-03,91.6404,1,0.0,0.0,EXT,0.0,0.0,BYMA,0.0,0.0,0.0,247,CORP,0.0,0.0,0.0,,0.6762,,,32.89,[MCC],,Sin mapear,False
0.0,MCC2X,0.0,158255.0,0.0,0.0,0.0,,0,0.0,-1,,,2027-06-03,158255.0,1,0.0,0.0,ARS,0.0,0.0,BYMA,0.0,0.0,0.0,247,CORP,0.0,0.0,0.0,,0.6762,,,32.89,[MCC],,Sin mapear,False
0.0,MCC2Y,0.0,102.25,0.0,0.0,0.0,,0,0.0,-1,,,2027-06-03,102.25,2,0.0,0.0,USD,0.0,0.0,BYMA,0.0,0.0,0.0,247,CORP,0.0,0.0,0.0,,0.6762,,,32.89,[MCC],,Sin mapear,False
0.0,BYY1O,0.0,101.0,0.0,0.0,0.0,,0,0.0,-1,,,2027-06-05,101.0,2,0.0,0.0,ARS,92.0,0.0,BYMA,0.0,0.0,0.0,249,CORP,0.0,0.0,1000000.0,,0.6817,,,32.89,[BYY],,Sin mapear,False
0.0,BYY1X,0.0,106.44,0.0,0.0,0.0,,0,0.0,-1,,,2027-06-05,106.44,2,0.0,0.0,ARS,0.0,0.0,BYMA,0.0,0.0,0.0,249,CORP,0.0,0.0,0.0,,0.6817,,,32.89,[BYY],,Sin mapear,False
0.0,PZCEO,0.0,0.01,0.0,0.0,0.0,,0,0.0,-1,,,2027-06-07,0.01,1,0.0,0.0,ARS,0.0,0.0,BYMA,0.0,0.0,0.0,251,CORP,0.0,0.0,0.0,,0.6872,,,32.89,PLAZA LOGISTICA S.R.L.,30655942382,,True
0.0,PZCEO,0.0,180900.0,0.0,0.0,0.0,,0,0.0,-1,,,2027-06-07,180900.0,2,0.0,0.0,ARS,181000.0,0.0,BYMA,0.0,0.0,0.0,251,CORP,0.0,0.0,142.0,,0.6872,,,32.89,PLAZA LOGISTICA S.R.L.,30655942382,,True
0.0,PZCEX,0.0,105150.0,0.0,0.0,0.0,,0,0.0,-1,,,2027-06-07,105150.0,2,0.0,0.0,ARS,0.0,0.0,BYMA,0.0,0.0,0.0,251,CORP,0.0,0.0,0.0,,0.6872,,,32.89,PLAZA LOGISTICA S.R.L.,30655942382,,True
0.0,IRCQC,0.0,100.5,0.0,0.0,0.0,,0,0.0,-1,,,2027-06-08,100.5,2,0.0,0.0,EXT,0.0,0.0,BYMA,0.0,0.0,0.0,252,CORP,0.0,0.0,0.0,,0.6899,,,32.89,IRSA Inversiones y Representaciones S.A.,30524688673,Real Estate,True
0.0,IRCQO,0.0,153370.0,0.0,0.0,0.0,,0,0.0,-1,,,2027-06-08,153370.0,1,0.0,0.0,ARS,154610.0,0.0,BYMA,0.0,0.0,0.0,252,CORP,0.0,0.0,100.0,,0.6899,,,32.89,IRSA Inversiones y Representaciones S.A.,30524688673,Real Estate,True
0.0,IRCQX,0.0,151050.0,0.0,0.0,0.0,,0,0.0,-1,,,2027-06-08,151050.0,1,0.0,0.0,ARS,0.0,0.0,BYMA,0.0,0.0,0.0,252,CORP,0.0,0.0,0.0,,0.6899,,,32.89,IRSA Inversiones y Representaciones S.A.,30524688673,Real Estate,True
0.0,IRCQX,0.0,152425.0,0.0,0.0,0.0,,0,0.0,-1,,,2027-06-08,152425.0,2,0.0,0.0,ARS,0.0,0.0,BYMA,0.0,0.0,0.0,252,CORP,0.0,0.0,0.0,,0.6899,,,32.89,IRSA Inversiones y Representaciones S.A.,30524688673,Real Estate,True
0.0,IRCQY,0.0,100.4549628,0.0,0.0,0.0,,0,0.0,-1,,,2027-06-08,100.4549628,2,0.0,0.0,USD,0.0,0.0,BYMA,0.0,0.0,0.0,252,CORP,0.0,0.0,0.0,,0.6899,,,32.89,IRSA Inversiones y Representaciones S.A.,30524688673,Real Estate,True
0.0,BF47X,0.0,101.31,0.0,0.0,0.0,,0,0.0,-1,,,2027-06-10,101.31,2,0.0,0.0,ARS,0.0,0.0,BYMA,0.0,0.0,0.0,254,CORP,0.0,0.0,0.0,,0.6954,,,32.89,BANCO BBVA ARGENTINA S.A.,30500003193,,True
0.0,VWCGX,0.0,105.95,0.0,0.0,0.0,,0,0.0,-1,,,2027-06-18,105.95,2,0.0,0.0,ARS,0.0,0.0,BYMA,0.0,0.0,0.0,262,CORP,0.0,0.0,0.0,,0.7173,,,32.89,Volkswagen Financial Services Cía. Financiera S.A.,30682419578,Financiero - Crédito Automotriz,True
0.0,MTC3O,0.0,93.1425,0.0,0.0,0.0,,0,0.0,-1,,,2027-06-22,93.1425,1,0.0,0.0,ARS,0.0,0.0,BYMA,0.0,0.0,0.0,266,CORP,0.0,0.0,0.0,,0.7283,,,32.89,Mastellone Hermanos S.A.,30547242331,Alimentos - Lácteos,True
0.0,MTC3X,0.0,100.25,0.0,0.0,0.0,,0,0.0,-1,,,2027-06-22,100.25,1,0.0,0.0,ARS,0.0,0.0,BYMA,0.0,0.0,0.0,266,CORP,0.0,0.0,0.0,,0.7283,,,32.89,Mastellone Hermanos S.A.,30547242331,Alimentos - Lácteos,True
0.0,MTC3X,0.0,103.23,0.0,0.0,0.0,,0,0.0,-1,,,2027-06-22,103.23,2,0.0,0.0,ARS,0.0,0.0,BYMA,0.0,0.0,0.0,266,CORP,0.0,0.0,0.0,,0.7283,,,32.89,Mastellone Hermanos S.A.,30547242331,Alimentos - Lácteos,True
0.0,TY40O,0.0,100.65,105.0,0.0,0.0,,0,0.0,-1,,,2027-06-22,100.65,2,1000000.0,0.0,ARS,0.0,0.0,BYMA,0.0,0.0,0.0,266,CORP,0.0,0.0,0.0,,0.7283,,,32.89,TOYOTA COMPANIA FINANCIERA DE ARGENTINA,30709000426,,True
0.0,BNCYO,0.0,0.0,100.0,0.0,0.0,,0,0.0,-1,,,2027-06-23,0.0,2,1000000.0,0.0,ARS,0.0,0.0,BYMA,0.0,0.0,0.0,267,CORP,0.0,0.0,0.0,,0.731,,,32.89,[BNC],,Sin mapear,False
0.0,BNCYX,0.0,105.25,0.0,0.0,0.0,,0,0.0,-1,,,2027-06-23,105.25,2,0.0,0.0,ARS,0.0,0.0,BYMA,0.0,0.0,0.0,267,CORP,0.0,0.0,0.0,,0.731,,,32.89,[BNC],,Sin mapear,False
0.0,TLCQC,0.0,98.1895,0.0,0.0,0.0,,0,0.0,-1,,,2027-07-02,98.1895,1,0.0,0.0,EXT,0.0,0.0,BYMA,0.0,0.0,0.0,276,CORP,0.0,0.0,0.0,,0.7556,,,32.89,Telecom Argentina S.A.,30639453738,Telecomunicaciones,True
0.0,DEC3O,0.0,99.0,0.0,0.0,0.0,,0,0.0,-1,,,2027-07-03,99.0,2,0.0,0.0,ARS,101.5,0.0,BYMA,0.0,0.0,0.0,277,CORP,0.0,0.0,100000.0,,0.7584,,,32.89,Empresa Distrib. de Electricidad Salta S.A.,30690633635,Energía - Electricidad,True
0.0,DEC3X,0.0,106.5,0.0,0.0,0.0,,0,0.0,-1,,,2027-07-03,106.5,2,0.0,0.0,ARS,0.0,0.0,BYMA,0.0,0.0,0.0,277,CORP,0.0,0.0,0.0,,0.7584,,,32.89,Empresa Distrib. de Electricidad Salta S.A.,30690633635,Energía - Electricidad,True
0.0,EMC1C,0.0,97.8874,0.0,0.0,0.0,,0,0.0,-1,,,2027-07-04,97.8874,1,0.0,0.0,EXT,0.0,0.0,BYMA,0.0,0.0,0.0,278,CORP,0.0,0.0,0.0,,0.7611,,,32.89,[EMC],,Sin mapear,False
0.0,EMC1C,0.0,98.44,0.0,0.0,0.0,,0,0.0,-1,,,2027-07-04,98.44,2,0.0,0.0,EXT,0.0,0.0,BYMA,0.0,0.0,0.0,278,CORP,0.0,0.0,0.0,,0.7611,,,32.89,[EMC],,Sin mapear,False
0.0,EMC1X,0.0,138498.29,0.0,0.0,0.0,,0,0.0,-1,,,2027-07-04,138498.29,1,0.0,0.0,ARS,0.0,0.0,BYMA,0.0,0.0,0.0,278,CORP,0.0,0.0,0.0,,0.7611,,,32.89,[EMC],,Sin mapear,False
0.0,EMC1Z,0.0,93.77,0.0,0.0,0.0,,0,0.0,-1,,,2027-07-04,93.77,1,0.0,0.0,EXT,0.0,0.0,BYMA,0.0,0.0,0.0,278,CORP,0.0,0.0,0.0,,0.7611,,,32.89,[EMC],,Sin mapear,False
0.0,PNZCD,0.0,69.75,0.0,0.0,0.0,,0,0.0,-1,,,2027-07-04,69.75,1,0.0,0.0,USD,0.0,0.0,BYMA,0.0,0.0,0.0,278,CORP,0.0,0.0,0.0,,0.7611,,,32.89,PAN AMERICAN ENERGY LLC (PAE SUCURSAL),30714813583,,True
0.0,PNZCD,0.0,94.22,0.0,0.0,0.0,,0,0.0,-1,,,2027-07-04,94.22,2,0.0,0.0,USD,83.43,0.0,BYMA,0.0,0.0,0.0,278,CORP,0.0,0.0,6.0,,0.7611,,,32.89,PAN AMERICAN ENERGY LLC (PAE SUCURSAL),30714813583,,True
0.0,PNZCO,0.0,125500.0,0.0,0.0,0.0,,0,0.0,-1,,,2027-07-04,125500.0,1,0.0,0.0,ARS,0.0,0.0,BYMA,0.0,0.0,0.0,278,CORP,0.0,0.0,0.0,,0.7611,,,32.89,PAN AMERICAN ENERGY LLC (PAE SUCURSAL),30714813583,,True
0.0,PNZCO,0.0,145730.0,0.0,0.0,0.0,,0,0.0,-1,,,2027-07-04,145730.0,2,0.0,0.0,ARS,129500.0,0.0,BYMA,0.0,0.0,0.0,278,CORP,0.0,0.0,7.0,,0.7611,,,32.89,PAN AMERICAN ENERGY LLC (PAE SUCURSAL),30714813583,,True
0.0,PNZCX,0.0,132910.0,0.0,0.0,0.0,,0,0.0,-1,,,2027-07-04,132910.0,1,0.0,0.0,ARS,0.0,0.0,BYMA,0.0,0.0,0.0,278,CORP,0.0,0.0,0.0,,0.7611,,,32.89,PAN AMERICAN ENERGY LLC (PAE SUCURSAL),30714813583,,True
0.0,PNZCX,0.0,145717.73,0.0,0.0,0.0,,0,0.0,-1,,,2027-07-04,145717.73,2,0.0,0.0,ARS,0.0,0.0,BYMA,0.0,0.0,0.0,278,CORP,0.0,0.0,0.0,,0.7611,,,32.89,PAN AMERICAN ENERGY LLC (PAE SUCURSAL),30714813583,,True
0.0,PNZCY,0.0,82.0,0.0,0.0,0.0,,0,0.0,-1,,,2027-07-04,82.0,2,0.0,0.0,USD,0.0,0.0,BYMA,0.0,0.0,0.0,278,CORP,0.0,0.0,0.0,,0.7611,,,32.89,PAN AMERICAN ENERGY LLC (PAE SUCURSAL),30714813583,,True
0.0,PNZCZ,0.0,72.24,0.0,0.0,0.0,,0,0.0,-1,,,2027-07-04,72.24,1,0.0,0.0,EXT,0.0,0.0,BYMA,0.0,0.0,0.0,278,CORP,0.0,0.0,0.0,,0.7611,,,32.89,PAN AMERICAN ENERGY LLC (PAE SUCURSAL),30714813583,,True
0.0,PNZCZ,0.0,88.315,0.0,0.0,0.0,,0,0.0,-1,,,2027-07-04,88.315,2,0.0,0.0,EXT,0.0,0.0,BYMA,0.0,0.0,0.0,278,CORP,0.0,0.0,0.0,,0.7611,,,32.89,PAN AMERICAN ENERGY LLC (PAE SUCURSAL),30714813583,,True
0.0,CACAO,0.0,126600.0,0.0,0.0,0.0,,0,0.0,-1,,,2027-07-05,126600.0,1,0.0,0.0,ARS,0.0,0.0,BYMA,0.0,0.0,0.0,279,CORP,0.0,0.0,0.0,,0.7639,,,32.89,CAPEX S.A.,30629827060,,True
0.0,CACAO,0.0,141000.0,0.0,0.0,0.0,,0,0.0,-1,,,2027-07-05,141000.0,2,0.0,0.0,ARS,100000.0,0.0,BYMA,0.0,0.0,0.0,279,CORP,0.0,0.0,10.0,,0.7639,,,32.89,CAPEX S.A.,30629827060,,True
0.0,CACAX,0.0,143400.0,0.0,0.0,0.0,,0,0.0,-1,,,2027-07-05,143400.0,1,0.0,0.0,ARS,0.0,0.0,BYMA,0.0,0.0,0.0,279,CORP,0.0,0.0,0.0,,0.7639,,,32.89,CAPEX S.A.,30629827060,,True
0.0,CACAX,0.0,145212.0,0.0,0.0,0.0,,0,0.0,-1,,,2027-07-05,145212.0,2,0.0,0.0,ARS,0.0,0.0,BYMA,0.0,0.0,0.0,279,CORP,0.0,0.0,0.0,,0.7639,,,32.89,CAPEX S.A.,30629827060,,True
0.0,CACAY,0.0,80.75,0.0,0.0,0.0,,0,0.0,-1,,,2027-07-05,80.75,1,0.0,0.0,USD,0.0,0.0,BYMA,0.0,0.0,0.0,279,CORP,0.0,0.0,0.0,,0.7639,,,32.89,CAPEX S.A.,30629827060,,True
0.0,WBS3C,0.0,95.8519,0.0,0.0,0.0,,0,0.0,-1,,,2027-07-06,95.8519,2,0.0,0.0,EXT,0.0,0.0,BYMA,0.0,0.0,0.0,280,CORP,0.0,0.0,0.0,,0.7666,,,32.89,BANCO MARIVA S.A.,30516420444,,True
0.0,WBS3D,0.0,101.1,0.0,0.0,0.0,,0,0.0,-1,,,2027-07-06,101.1,1,0.0,0.0,USD,102.15,0.0,BYMA,0.0,0.0,0.0,280,CORP,0.0,0.0,200000.0,,0.7666,,,32.89,BANCO MARIVA S.A.,30516420444,,True
0.0,WBS3O,0.0,156000.0,0.0,0.0,0.0,,0,0.0,-1,,,2027-07-06,156000.0,1,0.0,0.0,ARS,153000.0,0.0,BYMA,0.0,0.0,0.0,280,CORP,0.0,0.0,20000.0,,0.7666,,,32.89,BANCO MARIVA S.A.,30516420444,,True
0.0,WBS3X,0.0,156292.5,0.0,0.0,0.0,,0,0.0,-1,,,2027-07-06,156292.5,1,0.0,0.0,ARS,0.0,0.0,BYMA,0.0,0.0,0.0,280,CORP,0.0,0.0,0.0,,0.7666,,,32.89,BANCO MARIVA S.A.,30516420444,,True
0.0,WBS3Y,0.0,100.0,0.0,0.0,0.0,,0,0.0,-1,,,2027-07-06,100.0,1,0.0,0.0,USD,0.0,0.0,BYMA,0.0,0.0,0.0,280,CORP,0.0,0.0,0.0,,0.7666,,,32.89,BANCO MARIVA S.A.,30516420444,,True
0.0,WBS3Z,0.0,97.5,0.0,0.0,0.0,,0,0.0,-1,,,2027-07-06,97.5,1,0.0,0.0,EXT,0.0,0.0,BYMA,0.0,0.0,0.0,280,CORP,0.0,0.0,0.0,,0.7666,,,32.89,BANCO MARIVA S.A.,30516420444,,True
0.0,OLC3D,0.0,73.0,0.0,0.0,0.0,,0,0.0,-1,,,2027-07-10,73.0,1,0.0,0.0,USD,0.0,0.0,BYMA,0.0,0.0,0.0,284,CORP,0.0,0.0,0.0,,0.7775,,,32.89,OLEODUCTOS DEL VALLE S.A.,30658840165,,True
0.0,OLC3O,0.0,89050.0,0.0,0.0,0.0,,0,0.0,-1,,,2027-07-10,89050.0,1,0.0,0.0,ARS,0.0,0.0,BYMA,0.0,0.0,0.0,284,CORP,0.0,0.0,0.0,,0.7775,,,32.89,OLEODUCTOS DEL VALLE S.A.,30658840165,,True
0.0,OLC3O,0.0,137280.0,0.0,0.0,0.0,,0,0.0,-1,,,2027-07-10,137280.0,2,0.0,0.0,ARS,140050.0,0.0,BYMA,0.0,0.0,0.0,284,CORP,0.0,0.0,250.0,,0.7775,,,32.89,OLEODUCTOS DEL VALLE S.A.,30658840165,,True
0.0,OLC3X,0.0,87103.86,0.0,0.0,0.0,,0,0.0,-1,,,2027-07-10,87103.86,1,0.0,0.0,ARS,0.0,0.0,BYMA,0.0,0.0,0.0,284,CORP,0.0,0.0,0.0,,0.7775,,,32.89,OLEODUCTOS DEL VALLE S.A.,30658840165,,True
0.0,OLC3X,0.0,143546.0,0.0,0.0,0.0,,0,0.0,-1,,,2027-07-10,143546.0,2,0.0,0.0,ARS,0.0,0.0,BYMA,0.0,0.0,0.0,284,CORP,0.0,0.0,0.0,,0.7775,,,32.89,OLEODUCTOS DEL VALLE S.A.,30658840165,,True
0.0,EP4BP,0.0,84050.1671,0.0,0.0,0.0,,0,0.0,-1,,,2027-07-14,84050.1671,2,0.0,0.0,ARS,0.0,0.0,BYMA,0.0,0.0,0.0,288,CORP,0.0,0.0,0.0,,0.7885,,,32.89,TRESNAL AGROPECUARIA S.A.,33708830599,,True
0.0,PFC2D,0.0,101.6,0.0,0.0,0.0,,0,0.0,-1,,,2027-07-14,101.6,1,0.0,0.0,USD,101.9,0.0,BYMA,0.0,0.0,0.0,288,CORP,0.0,0.0,6000.0,,0.7885,,,32.89,PATAGONIA FRUITS TRADE S.A,30690967541,,True
0.0,PFC2O,0.0,154810.0,0.0,0.0,0.0,,0,0.0,-1,,,2027-07-14,154810.0,1,0.0,0.0,ARS,156010.0,0.0,BYMA,0.0,0.0,0.0,288,CORP,0.0,0.0,6100.0,,0.7885,,,32.89,PATAGONIA FRUITS TRADE S.A,30690967541,,True
0.0,PFC2X,0.0,155450.0,0.0,0.0,0.0,,0,0.0,-1,,,2027-07-14,155450.0,2,0.0,0.0,ARS,0.0,0.0,BYMA,0.0,0.0,0.0,288,CORP,0.0,0.0,0.0,,0.7885,,,32.89,PATAGONIA FRUITS TRADE S.A,30690967541,,True
0.0,PFC2Y,0.0,102.35,0.0,0.0,0.0,,0,0.0,-1,,,2027-07-14,102.35,2,0.0,0.0,USD,0.0,0.0,BYMA,0.0,0.0,0.0,288,CORP,0.0,0.0,0.0,,0.7885,,,32.89,PATAGONIA FRUITS TRADE S.A,30690967541,,True
0.0,PQCQO,0.0,92911.4507,0.0,0.0,0.0,,0,0.0,-1,,,2027-07-16,92911.4507,1,0.0,0.0,ARS,0.0,0.0,BYMA,0.0,0.0,0.0,290,CORP,0.0,0.0,0.0,,0.794,,,32.89,PETROQUIMICA COMODORO RIVADAVIA S.A,30563598111,,True
0.0,PQCQO,0.0,147500.0,0.0,0.0,0.0,,0,0.0,-1,,,2027-07-16,147500.0,2,0.0,0.0,ARS,100000.0,0.0,BYMA,0.0,0.0,0.0,290,CORP,0.0,0.0,10.0,,0.794,,,32.89,PETROQUIMICA COMODORO RIVADAVIA S.A,30563598111,,True
0.0,PQCQX,0.0,88177.349,0.0,0.0,0.0,,0,0.0,-1,,,2027-07-16,88177.349,1,0.0,0.0,ARS,0.0,0.0,BYMA,0.0,0.0,0.0,290,CORP,0.0,0.0,0.0,,0.794,,,32.89,PETROQUIMICA COMODORO RIVADAVIA S.A,30563598111,,True
0.0,PQCQX,0.0,148000.0,0.0,0.0,0.0,,0,0.0,-1,,,2027-07-16,148000.0,2,0.0,0.0,ARS,0.0,0.0,BYMA,0.0,0.0,0.0,290,CORP,0.0,0.0,0.0,,0.794,,,32.89,PETROQUIMICA COMODORO RIVADAVIA S.A,30563598111,,True
0.0,CS46C,0.0,90.0699,0.0,0.0,0.0,,0,0.0,-1,,,2027-07-18,90.0699,1,0.0,0.0,EXT,0.0,0.0,BYMA,0.0,0.0,0.0,292,CORP,0.0,0.0,0.0,,0.7995,,,32.89,Cresud S.A.C.I.F. y A.,30509300700,Agro - Real Estate,True
0.0,CS46D,0.0,91.0748,0.0,0.0,0.0,,0,0.0,-1,,,2027-07-18,91.0748,1,0.0,0.0,USD,0.0,0.0,BYMA,0.0,0.0,0.0,292,CORP,0.0,0.0,0.0,,0.7995,,,32.89,Cresud S.A.C.I.F. y A.,30509300700,Agro - Real Estate,True
0.0,CS46D,0.0,0.0,0.0,0.0,0.0,,0,0.0,-1,,,2027-07-18,0.0,2,0.0,0.0,USD,72.17,0.0,BYMA,0.0,0.0,0.0,292,CORP,0.0,0.0,9.0,,0.7995,,,32.89,Cresud S.A.C.I.F. y A.,30509300700,Agro - Real Estate,True
0.0,CS46O,0.0,138903.0,0.0,0.0,0.0,,0,0.0,-1,,,2027-07-18,138903.0,1,0.0,0.0,ARS,0.0,0.0,BYMA,0.0,0.0,0.0,292,CORP,0.0,0.0,0.0,,0.7995,,,32.89,Cresud S.A.C.I.F. y A.,30509300700,Agro - Real Estate,True
0.0,CS46O,0.0,137273.0,0.0,0.0,0.0,,0,0.0,-1,,,2027-07-18,137273.0,2,0.0,0.0,ARS,112010.0,0.0,BYMA,0.0,0.0,0.0,292,CORP,0.0,0.0,10.0,,0.7995,,,32.89,Cresud S.A.C.I.F. y A.,30509300700,Agro - Real Estate,True
0.0,CS46X,0.0,86109.0,0.0,0.0,0.0,,0,0.0,-1,,,2027-07-18,86109.0,2,0.0,0.0,ARS,0.0,0.0,BYMA,0.0,0.0,0.0,292,CORP,0.0,0.0,0.0,,0.7995,,,32.89,Cresud S.A.C.I.F. y A.,30509300700,Agro - Real Estate,True
0.0,ZF3BP,0.0,104206.3254,0.0,0.0,0.0,,0,0.0,-1,,,2027-07-18,104206.3254,2,0.0,0.0,ARS,0.0,0.0,BYMA,0.0,0.0,0.0,292,CORP,0.0,0.0,0.0,,0.7995,,,32.89,Zafra S.A.,30592486268,Agro,True
0.0,VBC4X,0.0,153014.4,0.0,0.0,0.0,,0,0.0,-1,,,2027-07-20,153014.4,2,0.0,0.0,ARS,0.0,0.0,BYMA,0.0,0.0,0.0,294,CORP,0.0,0.0,0.0,,0.8049,,,32.89,[VBC],,Sin mapear,False
0.0,YCAMC,0.0,93.3,0.0,0.0,0.0,,0,0.0,-1,,,2027-07-21,93.3,1,0.0,0.0,EXT,0.0,0.0,BYMA,0.0,0.0,0.0,295,CORP,0.0,0.0,0.0,,0.8077,,,32.89,[YCA],,Sin mapear,False
0.0,YCAMC,0.0,103.25,0.0,0.0,0.0,,0,0.0,-1,,,2027-07-21,103.25,2,0.0,0.0,EXT,0.0,0.0,BYMA,0.0,0.0,0.0,295,CORP,0.0,0.0,0.0,,0.8077,,,32.89,[YCA],,Sin mapear,False
0.0,YCAMD,0.0,106.0,0.0,0.0,0.0,,0,0.0,-1,,,2027-07-21,106.0,1,0.0,0.0,USD,0.0,0.0,BYMA,0.0,0.0,0.0,295,CORP,0.0,0.0,0.0,,0.8077,,,32.89,[YCA],,Sin mapear,False
0.0,YCAMO,0.0,147158.5318,0.0,0.0,0.0,,0,0.0,-1,,,2027-07-21,147158.5318,1,0.0,0.0,ARS,154000.0,0.0,BYMA,0.0,0.0,0.0,295,CORP,0.0,0.0,20000.0,,0.8077,,,32.89,[YCA],,Sin mapear,False
0.0,YCAMO,0.0,161000.0,0.0,0.0,0.0,,0,0.0,-1,,,2027-07-21,161000.0,2,0.0,0.0,ARS,157000.0,0.0,BYMA,0.0,0.0,0.0,295,CORP,0.0,0.0,35000.0,,0.8077,,,32.89,[YCA],,Sin mapear,False
0.0,YCAMX,0.0,125930.0,0.0,0.0,0.0,,0,0.0,-1,,,2027-07-21,125930.0,1,0.0,0.0,ARS,0.0,0.0,BYMA,0.0,0.0,0.0,295,CORP,0.0,0.0,0.0,,0.8077,,,32.89,[YCA],,Sin mapear,False
0.0,YCAMX,0.0,135600.0,0.0,0.0,0.0,,0,0.0,-1,,,2027-07-21,135600.0,2,0.0,0.0,ARS,0.0,0.0,BYMA,0.0,0.0,0.0,295,CORP,0.0,0.0,0.0,,0.8077,,,32.89,[YCA],,Sin mapear,False
0.0,YCAMY,0.0,78.986,0.0,0.0,0.0,,0,0.0,-1,,,2027-07-21,78.986,1,0.0,0.0,USD,0.0,0.0,BYMA,0.0,0.0,0.0,295,CORP,0.0,0.0,0.0,,0.8077,,,32.89,[YCA],,Sin mapear,False
0.0,YCAMY,0.0,95.35,0.0,0.0,0.0,,0,0.0,-1,,,2027-07-21,95.35,2,0.0,0.0,USD,0.0,0.0,BYMA,0.0,0.0,0.0,295,CORP,0.0,0.0,0.0,,0.8077,,,32.89,[YCA],,Sin mapear,False
0.0,YCAMZ,0.0,76.5,0.0,0.0,0.0,,0,0.0,-1,,,2027-07-21,76.5,1,0.0,0.0,EXT,0.0,0.0,BYMA,0.0,0.0,0.0,295,CORP,0.0,0.0,0.0,,0.8077,,,32.89,[YCA],,Sin mapear,False
0.0,YCAMZ,0.0,100.0,0.0,0.0,0.0,,0,0.0,-1,,,2027-07-21,100.0,2,0.0,0.0,EXT,0.0,0.0,BYMA,0.0,0.0,0.0,295,CORP,0.0,0.0,0.0,,0.8077,,,32.89,[YCA],,Sin mapear,False
0.0,YM38C,0.0,97.4174,0.0,0.0,0.0,,0,0.0,-1,,,2027-07-22,97.4174,1,0.0,0.0,EXT,0.0,0.0,BYMA,0.0,0.0,0.0,296,CORP,0.0,0.0,0.0,,0.8104,,,32.89,YPF S.A.,30546689979,Energía - Petróleo y Gas,True
0.0,YM38X,0.0,159000.0,0.0,0.0,0.0,,0,0.0,-1,,,2027-07-22,159000.0,1,0.0,0.0,ARS,0.0,0.0,BYMA,0.0,0.0,0.0,296,CORP,0.0,0.0,0.0,,0.8104,,,32.89,YPF S.A.,30546689979,Energía - Petróleo y Gas,True
0.0,YM38X,0.0,159098.014,0.0,0.0,0.0,,0,0.0,-1,,,2027-07-22,159098.014,2,0.0,0.0,ARS,0.0,0.0,BYMA,0.0,0.0,0.0,296,CORP,0.0,0.0,0.0,,0.8104,,,32.89,YPF S.A.,30546689979,Energía - Petróleo y Gas,True
0.0,YM38Y,0.0,103.5,0.0,0.0,0.0,,0,0.0,-1,,,2027-07-22,103.5,1,0.0,0.0,USD,0.0,0.0,BYMA,0.0,0.0,0.0,296,CORP,0.0,0.0,0.0,,0.8104,,,32.89,YPF S.A.,30546689979,Energía - Petróleo y Gas,True
0.0,YM38Y,0.0,104.625,0.0,0.0,0.0,,0,0.0,-1,,,2027-07-22,104.625,2,0.0,0.0,USD,0.0,0.0,BYMA,0.0,0.0,0.0,296,CORP,0.0,0.0,0.0,,0.8104,,,32.89,YPF S.A.,30546689979,Energía - Petróleo y Gas,True
0.0,MSSFC,0.0,100.3,0.0,0.0,0.0,,0,0.0,-1,,,2027-07-23,100.3,2,0.0,0.0,EXT,0.0,0.0,BYMA,0.0,0.0,0.0,297,CORP,0.0,0.0,0.0,,0.8131,,,32.89,MSU S.A.,30607597193,Energía,True
0.0,MSSFD,0.0,101.7,0.0,0.0,0.0,,0,0.0,-1,,,2027-07-23,101.7,1,0.0,0.0,USD,0.0,0.0,BYMA,0.0,0.0,0.0,297,CORP,0.0,0.0,0.0,,0.8131,,,32.89,MSU S.A.,30607597193,Energía,True
0.0,MSSFO,0.0,155100.0,0.0,0.0,0.0,,0,0.0,-1,,,2027-07-23,155100.0,1,0.0,0.0,ARS,155220.0,0.0,BYMA,0.0,0.0,0.0,297,CORP,0.0,0.0,100.0,,0.8131,,,32.89,MSU S.A.,30607597193,Energía,True
0.0,BF49D,0.0,100.0,102.0,0.0,0.0,,0,0.0,-1,,,2027-07-24,100.0,1,1400.0,0.0,USD,0.0,0.0,BYMA,0.0,0.0,0.0,298,CORP,0.0,0.0,0.0,,0.8159,,,32.89,BANCO BBVA ARGENTINA S.A.,30500003193,,True
0.0,BF49O,0.0,156600.0,0.0,0.0,0.0,,0,0.0,-1,,,2027-07-24,156600.0,2,0.0,0.0,ARS,0.0,0.0,BYMA,0.0,0.0,0.0,298,CORP,0.0,0.0,0.0,,0.8159,,,32.89,BANCO BBVA ARGENTINA S.A.,30500003193,,True
0.0,BF49X,0.0,157094.0,0.0,0.0,0.0,,0,0.0,-1,,,2027-07-24,157094.0,1,0.0,0.0,ARS,0.0,0.0,BYMA,0.0,0.0,0.0,298,CORP,0.0,0.0,0.0,,0.8159,,,32.89,BANCO BBVA ARGENTINA S.A.,30500003193,,True
0.0,BF49Z,0.0,98.0,0.0,0.0,0.0,,0,0.0,-1,,,2027-07-24,98.0,1,0.0,0.0,EXT,0.0,0.0,BYMA,0.0,0.0,0.0,298,CORP,0.0,0.0,0.0,,0.8159,,,32.89,BANCO BBVA ARGENTINA S.A.,30500003193,,True
0.0,LOC5C,0.0,92.0592,0.0,0.0,0.0,,0,0.0,-1,,,2027-07-24,92.0592,1,0.0,0.0,EXT,0.0,0.0,BYMA,0.0,0.0,0.0,298,CORP,0.0,0.0,0.0,,0.8159,,,32.89,[LOC],,Sin mapear,False
0.0,LOC5X,0.0,150960.0,0.0,0.0,0.0,,0,0.0,-1,,,2027-07-24,150960.0,2,0.0,0.0,ARS,0.0,0.0,BYMA,0.0,0.0,0.0,298,CORP,0.0,0.0,0.0,,0.8159,,,32.89,[LOC],,Sin mapear,False
0.0,LOC5Y,0.0,104.45,0.0,0.0,0.0,,0,0.0,-1,,,2027-07-24,104.45,2,0.0,0.0,USD,0.0,0.0,BYMA,0.0,0.0,0.0,298,CORP,0.0,0.0,0.0,,0.8159,,,32.89,[LOC],,Sin mapear,False
0.0,HJCJC,0.0,103.9339,0.0,0.0,0.0,,0,0.0,-1,,,2027-07-25,103.9339,1,0.0,0.0,EXT,0.0,0.0,BYMA,0.0,0.0,0.0,299,CORP,0.0,0.0,0.0,,0.8186,,,32.89,John Deere Credit Cía. Financiera S.A.,30707024859,Financiero - Crédito Industrial,True
0.0,HJCJC,0.0,98.37,0.0,0.0,0.0,,0,0.0,-1,,,2027-07-25,98.37,2,0.0,0.0,EXT,0.0,0.0,BYMA,0.0,0.0,0.0,299,CORP,0.0,0.0,0.0,,0.8186,,,32.89,John Deere Credit Cía. Financiera S.A.,30707024859,Financiero - Crédito Industrial,True
0.0,HJCJD,0.0,102.0,0.0,0.0,0.0,,0,0.0,-1,,,2027-07-25,102.0,1,0.0,0.0,USD,103.15,0.0,BYMA,0.0,0.0,0.0,299,CORP,0.0,0.0,5000.0,,0.8186,,,32.89,John Deere Credit Cía. Financiera S.A.,30707024859,Financiero - Crédito Industrial,True
0.0,HJCJO,0.0,161500.0,0.0,0.0,0.0,,0,0.0,-1,,,2027-07-25,161500.0,1,0.0,0.0,ARS,156180.0,0.0,BYMA,0.0,0.0,0.0,299,CORP,0.0,0.0,7000.0,,0.8186,,,32.89,John Deere Credit Cía. Financiera S.A.,30707024859,Financiero - Crédito Industrial,True
0.0,CLSIX,0.0,37300.0,0.0,0.0,0.0,,0,0.0,-1,,,2027-07-26,37300.0,1,0.0,0.0,ARS,0.0,0.0,BYMA,0.0,0.0,0.0,300,CORP,0.0,0.0,0.0,,0.8214,,,32.89,[CLS],,Sin mapear,False
0.0,CLSIX,0.0,37401.17,0.0,0.0,0.0,,0,0.0,-1,,,2027-07-26,37401.17,2,0.0,0.0,ARS,0.0,0.0,BYMA,0.0,0.0,0.0,300,CORP,0.0,0.0,0.0,,0.8214,,,32.89,[CLS],,Sin mapear,False
0.0,CLSIY,0.0,25.776,0.0,0.0,0.0,,0,0.0,-1,,,2027-07-26,25.776,1,0.0,0.0,USD,0.0,0.0,BYMA,0.0,0.0,0.0,300,CORP,0.0,0.0,0.0,,0.8214,,,32.89,[CLS],,Sin mapear,False
0.0,CLSIY,0.0,32.35,0.0,0.0,0.0,,0,0.0,-1,,,2027-07-26,32.35,2,0.0,0.0,USD,0.0,0.0,BYMA,0.0,0.0,0.0,300,CORP,0.0,0.0,0.0,,0.8214,,,32.89,[CLS],,Sin mapear,False
0.0,CLSIZ,0.0,25.7,0.0,0.0,0.0,,0,0.0,-1,,,2027-07-26,25.7,1,0.0,0.0,EXT,0.0,0.0,BYMA,0.0,0.0,0.0,300,CORP,0.0,0.0,0.0,,0.8214,,,32.89,[CLS],,Sin mapear,False
0.0,MIC4C,0.0,94.2196,0.0,0.0,0.0,,0,0.0,-1,,,2027-07-29,94.2196,1,0.0,0.0,EXT,0.0,0.0,BYMA,0.0,0.0,0.0,303,CORP,0.0,0.0,0.0,,0.8296,,,32.89,MIRGOR S.A.,30578036071,,True
0.0,BYZ1O,0.0,154200.0,0.0,0.0,0.0,,0,0.0,-1,,,2027-07-30,154200.0,1,0.0,0.0,ARS,150030.0,0.0,BYMA,0.0,0.0,0.0,304,CORP,0.0,0.0,1200.0,,0.8323,,,32.89,[BYZ],,Sin mapear,False
0.0,BYZ1O,0.0,155000.0,0.0,0.0,0.0,,0,0.0,-1,,,2027-07-30,155000.0,2,0.0,0.0,ARS,0.0,0.0,BYMA,0.0,0.0,0.0,304,CORP,0.0,0.0,0.0,,0.8323,,,32.89,[BYZ],,Sin mapear,False
0.0,BYZ1X,0.0,160200.0,0.0,0.0,0.0,,0,0.0,-1,,,2027-07-30,160200.0,1,0.0,0.0,ARS,0.0,0.0,BYMA,0.0,0.0,0.0,304,CORP,0.0,0.0,0.0,,0.8323,,,32.89,[BYZ],,Sin mapear,False
0.0,BYZ1Y,0.0,100.0,0.0,0.0,0.0,,0,0.0,-1,,,2027-07-30,100.0,1,0.0,0.0,USD,0.0,0.0,BYMA,0.0,0.0,0.0,304,CORP,0.0,0.0,0.0,,0.8323,,,32.89,[BYZ],,Sin mapear,False
0.0,BYZ1Z,0.0,100.0,0.0,0.0,0.0,,0,0.0,-1,,,2027-07-30,100.0,1,0.0,0.0,EXT,0.0,0.0,BYMA,0.0,0.0,0.0,304,CORP,0.0,0.0,0.0,,0.8323,,,32.89,[BYZ],,Sin mapear,False
0.0,AFCLC,0.0,95.4388,0.0,0.0,0.0,,0,0.0,-1,,,2027-08-06,95.4388,2,0.0,0.0,EXT,0.0,0.0,BYMA,0.0,0.0,0.0,311,CORP,0.0,0.0,0.0,,0.8515,,,32.89,Banco Comafi S.A.,30604731018,Financiero - Bancos,True
0.0,AFCLD,0.0,103.1,0.0,0.0,0.0,,0,0.0,-1,,,2027-08-06,103.1,2,0.0,0.0,USD,101.95,0.0,BYMA,0.0,0.0,0.0,311,CORP,0.0,0.0,1100.0,,0.8515,,,32.89,Banco Comafi S.A.,30604731018,Financiero - Bancos,True
0.0,AFCLO,0.0,137418.0325,0.0,0.0,0.0,,0,0.0,-1,,,2027-08-06,137418.0325,1,0.0,0.0,ARS,0.0,0.0,BYMA,0.0,0.0,0.0,311,CORP,0.0,0.0,0.0,,0.8515,,,32.89,Banco Comafi S.A.,30604731018,Financiero - Bancos,True
0.0,AFCLO,0.0,154000.0,0.0,0.0,0.0,,0,0.0,-1,,,2027-08-06,154000.0,2,0.0,0.0,ARS,155180.0,0.0,BYMA,0.0,0.0,0.0,311,CORP,0.0,0.0,2200.0,,0.8515,,,32.89,Banco Comafi S.A.,30604731018,Financiero - Bancos,True
0.0,BPCXD,0.0,100.0,0.0,0.0,0.0,,0,0.0,-1,,,2027-08-07,100.0,1,0.0,0.0,USD,0.0,0.0,BYMA,0.0,0.0,0.0,312,CORP,0.0,0.0,0.0,,0.8542,,,32.89,Banco Supervielle S.A.,33500005179,Financiero - Bancos,True
0.0,BPCXD,0.0,100.0,100.0,0.0,0.0,,0,0.0,-1,,,2027-08-07,100.0,2,1200.0,0.0,USD,0.0,0.0,BYMA,0.0,0.0,0.0,312,CORP,0.0,0.0,0.0,,0.8542,,,32.89,Banco Supervielle S.A.,33500005179,Financiero - Bancos,True
0.0,IE1MD,0.0,101.0,0.0,0.0,0.0,,0,0.0,-1,,,2027-08-10,101.0,1,0.0,0.0,USD,0.0,0.0,BYMA,0.0,0.0,0.0,315,CORP,0.0,0.0,0.0,,0.8624,,,32.89,[IE1],,Sin mapear,False
0.0,IES1M,0.0,150000.0,0.0,0.0,0.0,,0,0.0,-1,,,2027-08-10,150000.0,1,0.0,0.0,ARS,0.0,0.0,BYMA,0.0,0.0,0.0,315,CORP,0.0,0.0,0.0,,0.8624,,,32.89,[IES],,Sin mapear,False
0.0,PN38C,0.0,103.0,103.0,0.0,0.0,,0,0.0,-1,,,2027-08-11,103.0,1,30000.0,0.0,EXT,0.0,0.0,BYMA,0.0,0.0,0.0,316,CORP,0.0,0.0,0.0,,0.8652,,,32.89,Pan American Energy LLC (PAE Sucursal),30714813583,Energía - Petróleo y Gas,True
0.0,PN38X,0.0,164590.4915,0.0,0.0,0.0,,0,0.0,-1,,,2027-08-11,164590.4915,2,0.0,0.0,ARS,0.0,0.0,BYMA,0.0,0.0,0.0,316,CORP,0.0,0.0,0.0,,0.8652,,,32.89,Pan American Energy LLC (PAE Sucursal),30714813583,Energía - Petróleo y Gas,True
0.0,PN38Y,0.0,109.0,0.0,0.0,0.0,,0,0.0,-1,,,2027-08-11,109.0,1,0.0,0.0,USD,0.0,0.0,BYMA,0.0,0.0,0.0,316,CORP,0.0,0.0,0.0,,0.8652,,,32.89,Pan American Energy LLC (PAE Sucursal),30714813583,Energía - Petróleo y Gas,True
0.0,PN38Y,0.0,106.5,0.0,0.0,0.0,,0,0.0,-1,,,2027-08-11,106.5,2,0.0,0.0,USD,0.0,0.0,BYMA,0.0,0.0,0.0,316,CORP,0.0,0.0,0.0,,0.8652,,,32.89,Pan American Energy LLC (PAE Sucursal),30714813583,Energía - Petróleo y Gas,True
0.0,PN38Z,0.0,104.547,0.0,0.0,0.0,,0,0.0,-1,,,2027-08-11,104.547,1,0.0,0.0,EXT,0.0,0.0,BYMA,0.0,0.0,0.0,316,CORP,0.0,0.0,0.0,,0.8652,,,32.89,Pan American Energy LLC (PAE Sucursal),30714813583,Energía - Petróleo y Gas,True
0.0,PN38Z,0.0,105.0,0.0,0.0,0.0,,0,0.0,-1,,,2027-08-11,105.0,2,0.0,0.0,EXT,0.0,0.0,BYMA,0.0,0.0,0.0,316,CORP,0.0,0.0,0.0,,0.8652,,,32.89,Pan American Energy LLC (PAE Sucursal),30714813583,Energía - Petróleo y Gas,True
0.0,DHSOD,0.0,100.6,0.0,0.0,0.0,,0,0.0,-1,,,2027-08-18,100.6,2,0.0,0.0,USD,0.0,0.0,BYMA,0.0,0.0,0.0,323,CORP,0.0,0.0,0.0,,0.8843,,,32.89,Credicuotas Consumo S.A.,30710911580,Financiero - Crédito Consumo,True
0.0,DHSOO,0.0,153500.0,0.0,0.0,0.0,,0,0.0,-1,,,2027-08-18,153500.0,1,0.0,0.0,ARS,0.0,0.0,BYMA,0.0,0.0,0.0,323,CORP,0.0,0.0,0.0,,0.8843,,,32.89,Credicuotas Consumo S.A.,30710911580,Financiero - Crédito Consumo,True
0.0,DHSOO,0.0,153000.0,0.0,0.0,0.0,,0,0.0,-1,,,2027-08-18,153000.0,2,0.0,0.0,ARS,0.0,0.0,BYMA,0.0,0.0,0.0,323,CORP,0.0,0.0,0.0,,0.8843,,,32.89,Credicuotas Consumo S.A.,30710911580,Financiero - Crédito Consumo,True
0.0,RC6CO,0.0,97.5672,0.0,0.0,0.0,,0,0.0,-1,,,2027-08-21,97.5672,1,0.0,0.0,ARS,0.0,0.0,BYMA,0.0,0.0,0.0,326,CORP,0.0,0.0,0.0,,0.8925,,,32.89,ARCOR S.A.I.C.,30502793175,,True
0.0,RC6CO,0.0,101.0,0.0,0.0,0.0,,0,0.0,-1,,,2027-08-21,101.0,2,0.0,0.0,ARS,100.0,0.0,BYMA,0.0,0.0,0.0,326,CORP,0.0,0.0,1000000.0,,0.8925,,,32.89,ARCOR S.A.I.C.,30502793175,,True
0.0,HBCGO,0.0,153000.0,0.0,0.0,0.0,,0,0.0,-1,,,2027-08-24,153000.0,2,0.0,0.0,ARS,0.0,0.0,BYMA,0.0,0.0,0.0,329,CORP,0.0,0.0,0.0,,0.9008,,,32.89,BANCO HIPOTECARIO S.A.,30500011072,,True
0.0,SXC8X,0.0,100.83,0.0,0.0,0.0,,0,0.0,-1,,,2027-08-24,100.83,2,0.0,0.0,ARS,0.0,0.0,BYMA,0.0,0.0,0.0,329,CORP,0.0,0.0,0.0,,0.9008,,,32.89,MERCADO PAGO SERVICIOS DE PROCESAMIENTO S.R.L.,30716999498,,True
0.0,BPCTD,0.0,102.5,0.0,0.0,0.0,,0,0.0,-1,,,2027-08-26,102.5,2,0.0,0.0,USD,100.55,0.0,BYMA,0.0,0.0,0.0,331,CORP,0.0,0.0,12000.0,,0.9062,,,32.89,Banco Supervielle S.A.,33500005179,Financiero - Bancos,True
0.0,BPCTO,0.0,123843.501,0.0,0.0,0.0,,0,0.0,-1,,,2027-08-26,123843.501,1,0.0,0.0,ARS,0.0,0.0,BYMA,0.0,0.0,0.0,331,CORP,0.0,0.0,0.0,,0.9062,,,32.89,Banco Supervielle S.A.,33500005179,Financiero - Bancos,True
0.0,BPCTO,0.0,151880.0,0.0,0.0,0.0,,0,0.0,-1,,,2027-08-26,151880.0,2,0.0,0.0,ARS,152610.0,0.0,BYMA,0.0,0.0,0.0,331,CORP,0.0,0.0,1200.0,,0.9062,,,32.89,Banco Supervielle S.A.,33500005179,Financiero - Bancos,True
0.0,BF40D,0.0,96.5206,0.0,0.0,0.0,,0,0.0,-1,,,2027-08-27,96.5206,1,0.0,0.0,USD,0.0,0.0,BYMA,0.0,0.0,0.0,332,CORP,0.0,0.0,0.0,,0.909,,,32.89,BANCO BBVA ARGENTINA S.A.,30500003193,,True
0.0,BF40D,0.0,100.0,103.5,0.0,0.0,,0,0.0,-1,,,2027-08-27,100.0,2,1900.0,0.0,USD,0.0,0.0,BYMA,0.0,0.0,0.0,332,CORP,0.0,0.0,0.0,,0.909,,,32.89,BANCO BBVA ARGENTINA S.A.,30500003193,,True
0.0,BF40O,0.0,139571.7462,0.0,0.0,0.0,,0,0.0,-1,,,2027-08-27,139571.7462,2,0.0,0.0,ARS,0.0,0.0,BYMA,0.0,0.0,0.0,332,CORP,0.0,0.0,0.0,,0.909,,,32.89,BANCO BBVA ARGENTINA S.A.,30500003193,,True
0.0,DQS1D,0.0,100.6,0.0,0.0,0.0,,0,0.0,-1,,,2027-08-27,100.6,2,0.0,0.0,USD,0.0,0.0,BYMA,0.0,0.0,0.0,332,CORP,0.0,0.0,0.0,,0.909,,,32.89,[DQS],,Sin mapear,False
0.0,DQS1L,0.0,153920.0,0.0,0.0,0.0,,0,0.0,-1,,,2027-08-27,153920.0,1,0.0,0.0,ARS,0.0,0.0,BYMA,0.0,0.0,0.0,332,CORP,0.0,0.0,0.0,,0.909,,,32.89,[DQS],,Sin mapear,False
0.0,DQS1L,0.0,153300.0,0.0,0.0,0.0,,0,0.0,-1,,,2027-08-27,153300.0,2,0.0,0.0,ARS,0.0,0.0,BYMA,0.0,0.0,0.0,332,CORP,0.0,0.0,0.0,,0.909,,,32.89,[DQS],,Sin mapear,False
0.0,ICC9D,0.0,100.0,102.0,0.0,0.0,,0,0.0,-1,,,2027-08-28,100.0,2,3300.0,0.0,USD,0.0,0.0,BYMA,0.0,0.0,0.0,333,CORP,0.0,0.0,0.0,,0.9117,,,32.89,INSUGA CHACO S.A,33711217679,,True
0.0,ICC9O,0.0,151050.0,0.0,0.0,0.0,,0,0.0,-1,,,2027-08-28,151050.0,2,0.0,0.0,ARS,0.0,0.0,BYMA,0.0,0.0,0.0,333,CORP,0.0,0.0,0.0,,0.9117,,,32.89,INSUGA CHACO S.A,33711217679,,True
0.0,PUC2D,0.0,99.2089,0.0,0.0,0.0,,0,0.0,-1,,,2027-08-28,99.2089,1,0.0,0.0,USD,0.0,0.0,BYMA,0.0,0.0,0.0,333,CORP,0.0,0.0,0.0,,0.9117,,,32.89,[PUC],,Sin mapear,False
0.0,PUC2O,0.0,152511.8742,0.0,0.0,0.0,,0,0.0,-1,,,2027-08-28,152511.8742,1,0.0,0.0,ARS,0.0,0.0,BYMA,0.0,0.0,0.0,333,CORP,0.0,0.0,0.0,,0.9117,,,32.89,[PUC],,Sin mapear,False
0.0,AEC2C,0.0,40.9772,0.0,0.0,0.0,,0,0.0,-1,,,2027-08-30,40.9772,1,0.0,0.0,EXT,0.0,0.0,BYMA,0.0,0.0,0.0,335,CORP,0.0,0.0,0.0,,0.9172,,,32.89,[AEC],,Sin mapear,False
0.0,AEC2C,0.0,46.44,0.0,0.0,0.0,,0,0.0,-1,,,2027-08-30,46.44,2,0.0,0.0,EXT,0.0,0.0,BYMA,0.0,0.0,0.0,335,CORP,0.0,0.0,0.0,,0.9172,,,32.89,[AEC],,Sin mapear,False
0.0,AEC2D,0.0,45.2308,0.0,0.0,0.0,,0,0.0,-1,,,2027-08-30,45.2308,1,0.0,0.0,USD,0.0,0.0,BYMA,0.0,0.0,0.0,335,CORP,0.0,0.0,0.0,,0.9172,,,32.89,[AEC],,Sin mapear,False
0.0,AEC2D,0.0,51.3264,0.0,0.0,0.0,,0,0.0,-1,,,2027-08-30,51.3264,2,0.0,0.0,USD,0.0,0.0,BYMA,0.0,0.0,0.0,335,CORP,0.0,0.0,0.0,,0.9172,,,32.89,[AEC],,Sin mapear,False
0.0,AEC2O,0.0,66576.2,0.0,0.0,0.0,,0,0.0,-1,,,2027-08-30,66576.2,1,0.0,0.0,ARS,0.0,0.0,BYMA,0.0,0.0,0.0,335,CORP,0.0,0.0,0.0,,0.9172,,,32.89,[AEC],,Sin mapear,False
0.0,AEC2O,0.0,79526.26,0.0,0.0,0.0,,0,0.0,-1,,,2027-08-30,79526.26,2,0.0,0.0,ARS,0.0,0.0,BYMA,0.0,0.0,0.0,335,CORP,0.0,0.0,0.0,,0.9172,,,32.89,[AEC],,Sin mapear,False
0.0,AEC2X,0.0,114240.0,0.0,0.0,0.0,,0,0.0,-1,,,2027-08-30,114240.0,1,0.0,0.0,ARS,0.0,0.0,BYMA,0.0,0.0,0.0,335,CORP,0.0,0.0,0.0,,0.9172,,,32.89,[AEC],,Sin mapear,False
0.0,AEC2X,0.0,115440.0,0.0,0.0,0.0,,0,0.0,-1,,,2027-08-30,115440.0,2,0.0,0.0,ARS,0.0,0.0,BYMA,0.0,0.0,0.0,335,CORP,0.0,0.0,0.0,,0.9172,,,32.89,[AEC],,Sin mapear,False
0.0,AEC2Y,0.0,80.0,0.0,0.0,0.0,,0,0.0,-1,,,2027-08-30,80.0,1,0.0,0.0,USD,0.0,0.0,BYMA,0.0,0.0,0.0,335,CORP,0.0,0.0,0.0,,0.9172,,,32.89,[AEC],,Sin mapear,False
0.0,AEC2Y,0.0,81.0,0.0,0.0,0.0,,0,0.0,-1,,,2027-08-30,81.0,2,0.0,0.0,USD,0.0,0.0,BYMA,0.0,0.0,0.0,335,CORP,0.0,0.0,0.0,,0.9172,,,32.89,[AEC],,Sin mapear,False
0.0,AEC2Z,0.0,103.85,0.0,0.0,0.0,,0,0.0,-1,,,2027-08-30,103.85,1,0.0,0.0,EXT,0.0,0.0,BYMA,0.0,0.0,0.0,335,CORP,0.0,0.0,0.0,,0.9172,,,32.89,[AEC],,Sin mapear,False
0.0,AEC2Z,0.0,78.0,0.0,0.0,0.0,,0,0.0,-1,,,2027-08-30,78.0,2,0.0,0.0,EXT,0.0,0.0,BYMA,0.0,0.0,0.0,335,CORP,0.0,0.0,0.0,,0.9172,,,32.89,[AEC],,Sin mapear,False
0.0,ZPC3C,0.0,95.16,0.0,0.0,0.0,,0,0.0,-1,,,2027-09-03,95.16,2,0.0,0.0,EXT,0.0,0.0,BYMA,0.0,0.0,0.0,339,CORP,0.0,0.0,0.0,,0.9281,,,32.89,PLAZA LOGISTICA S.R.L.,30655942382,,True
0.0,ZPC3D,0.0,100.16,0.0,0.0,0.0,,0,0.0,-1,,,2027-09-03,100.16,1,0.0,0.0,USD,0.0,0.0,BYMA,0.0,0.0,0.0,339,CORP,0.0,0.0,0.0,,0.9281,,,32.89,PLAZA LOGISTICA S.R.L.,30655942382,,True
0.0,ZPC3O,0.0,154950.0,0.0,0.0,0.0,,0,0.0,-1,,,2027-09-03,154950.0,1,0.0,0.0,ARS,0.0,0.0,BYMA,0.0,0.0,0.0,339,CORP,0.0,0.0,0.0,,0.9281,,,32.89,PLAZA LOGISTICA S.R.L.,30655942382,,True
0.0,ZPC3X,0.0,147700.0,0.0,0.0,0.0,,0,0.0,-1,,,2027-09-03,147700.0,1,0.0,0.0,ARS,0.0,0.0,BYMA,0.0,0.0,0.0,339,CORP,0.0,0.0,0.0,,0.9281,,,32.89,PLAZA LOGISTICA S.R.L.,30655942382,,True
0.0,ZPC3X,0.0,147500.0,0.0,0.0,0.0,,0,0.0,-1,,,2027-09-03,147500.0,2,0.0,0.0,ARS,0.0,0.0,BYMA,0.0,0.0,0.0,339,CORP,0.0,0.0,0.0,,0.9281,,,32.89,PLAZA LOGISTICA S.R.L.,30655942382,,True
0.0,ZPC3Y,0.0,100.0,0.0,0.0,0.0,,0,0.0,-1,,,2027-09-03,100.0,1,0.0,0.0,USD,0.0,0.0,BYMA,0.0,0.0,0.0,339,CORP,0.0,0.0,0.0,,0.9281,,,32.89,PLAZA LOGISTICA S.R.L.,30655942382,,True
0.0,ZPC3Y,0.0,100.0,0.0,0.0,0.0,,0,0.0,-1,,,2027-09-03,100.0,2,0.0,0.0,USD,0.0,0.0,BYMA,0.0,0.0,0.0,339,CORP,0.0,0.0,0.0,,0.9281,,,32.89,PLAZA LOGISTICA S.R.L.,30655942382,,True
0.0,ZPC3Z,0.0,100.0,0.0,0.0,0.0,,0,0.0,-1,,,2027-09-03,100.0,1,0.0,0.0,EXT,0.0,0.0,BYMA,0.0,0.0,0.0,339,CORP,0.0,0.0,0.0,,0.9281,,,32.89,PLAZA LOGISTICA S.R.L.,30655942382,,True
0.0,ZPC3Z,0.0,100.0,0.0,0.0,0.0,,0,0.0,-1,,,2027-09-03,100.0,2,0.0,0.0,EXT,0.0,0.0,BYMA,0.0,0.0,0.0,339,CORP,0.0,0.0,0.0,,0.9281,,,32.89,PLAZA LOGISTICA S.R.L.,30655942382,,True
0.0,GYC5D,0.0,96.5945,0.0,0.0,0.0,,0,0.0,-1,,,2027-09-05,96.5945,1,0.0,0.0,USD,0.0,0.0,BYMA,0.0,0.0,0.0,341,CORP,0.0,0.0,0.0,,0.9336,,,32.89,[GYC],,Sin mapear,False
0.0,GYC5O,0.0,138444.5177,0.0,0.0,0.0,,0,0.0,-1,,,2027-09-05,138444.5177,1,0.0,0.0,ARS,149510.0,0.0,BYMA,0.0,0.0,0.0,341,CORP,0.0,0.0,100.0,,0.9336,,,32.89,[GYC],,Sin mapear,False
0.0,SBC1C,0.0,57.96,0.0,0.0,0.0,,0,0.0,-1,,,2027-09-05,57.96,2,0.0,0.0,EXT,0.0,0.0,BYMA,0.0,0.0,0.0,341,CORP,0.0,0.0,0.0,,0.9336,,,32.89,SAN BAUTISTA DEL SUR SA,30715659340,,True
0.0,SBC1X,0.0,154143.0,0.0,0.0,0.0,,0,0.0,-1,,,2027-09-05,154143.0,1,0.0,0.0,ARS,0.0,0.0,BYMA,0.0,0.0,0.0,341,CORP,0.0,0.0,0.0,,0.9336,,,32.89,SAN BAUTISTA DEL SUR SA,30715659340,,True
0.0,SBC1Z,0.0,99.0,0.0,0.0,0.0,,0,0.0,-1,,,2027-09-05,99.0,1,0.0,0.0,EXT,0.0,0.0,BYMA,0.0,0.0,0.0,341,CORP,0.0,0.0,0.0,,0.9336,,,32.89,SAN BAUTISTA DEL SUR SA,30715659340,,True
0.0,CAC7O,0.0,35001.5,0.0,0.0,0.0,,0,0.0,-1,,,2027-09-07,35001.5,1,0.0,0.0,ARS,0.0,0.0,BYMA,0.0,0.0,0.0,343,CORP,0.0,0.0,0.0,,0.9391,,,32.89,Capex S.A.,30629827060,Energía - Electricidad,True
0.0,CAC7O,0.0,141700.0,0.0,0.0,0.0,,0,0.0,-1,,,2027-09-07,141700.0,2,0.0,0.0,ARS,100000.0,0.0,BYMA,0.0,0.0,0.0,343,CORP,0.0,0.0,10.0,,0.9391,,,32.89,Capex S.A.,30629827060,Energía - Electricidad,True
0.0,CAC7X,0.0,36699.92,0.0,0.0,0.0,,0,0.0,-1,,,2027-09-07,36699.92,1,0.0,0.0,ARS,0.0,0.0,BYMA,0.0,0.0,0.0,343,CORP,0.0,0.0,0.0,,0.9391,,,32.89,Capex S.A.,30629827060,Energía - Electricidad,True
0.0,CAC7X,0.0,130644.13,0.0,0.0,0.0,,0,0.0,-1,,,2027-09-07,130644.13,2,0.0,0.0,ARS,0.0,0.0,BYMA,0.0,0.0,0.0,343,CORP,0.0,0.0,0.0,,0.9391,,,32.89,Capex S.A.,30629827060,Energía - Electricidad,True
0.0,CAC7Z,0.0,43.952,0.0,0.0,0.0,,0,0.0,-1,,,2027-09-07,43.952,1,0.0,0.0,EXT,0.0,0.0,BYMA,0.0,0.0,0.0,343,CORP,0.0,0.0,0.0,,0.9391,,,32.89,Capex S.A.,30629827060,Energía - Electricidad,True
0.0,CAC7Z,0.0,46.0,0.0,0.0,0.0,,0,0.0,-1,,,2027-09-07,46.0,2,0.0,0.0,EXT,0.0,0.0,BYMA,0.0,0.0,0.0,343,CORP,0.0,0.0,0.0,,0.9391,,,32.89,Capex S.A.,30629827060,Energía - Electricidad,True
0.0,PWC1O,0.0,0.0,100.7,0.0,0.0,,0,0.0,-1,,,2027-09-17,0.0,2,11510114.0,0.0,ARS,0.0,0.0,BYMA,0.0,0.0,0.0,353,CORP,0.0,0.0,0.0,,0.9665,,,32.89,[PWC],,Sin mapear,False
0.0,PQCOD,0.0,76.98,0.0,0.0,0.0,,0,0.0,-1,,,2027-09-22,76.98,2,0.0,0.0,USD,0.0,0.0,BYMA,0.0,0.0,0.0,358,CORP,0.0,0.0,0.0,,0.9802,,,32.89,Petroquímica Comodoro Rivadavia S.A.,30563598111,Industria - Petroquímica,True
0.0,PQCOO,0.0,81500.0,0.0,0.0,0.0,,0,0.0,-1,,,2027-09-22,81500.0,1,0.0,0.0,ARS,0.0,0.0,BYMA,0.0,0.0,0.0,358,CORP,0.0,0.0,0.0,,0.9802,,,32.89,Petroquímica Comodoro Rivadavia S.A.,30563598111,Industria - Petroquímica,True
0.0,PQCOO,0.0,129010.0,0.0,0.0,0.0,,0,0.0,-1,,,2027-09-22,129010.0,2,0.0,0.0,ARS,129000.0,0.0,BYMA,0.0,0.0,0.0,358,CORP,0.0,0.0,10.0,,0.9802,,,32.89,Petroquímica Comodoro Rivadavia S.A.,30563598111,Industria - Petroquímica,True
0.0,PQCOX,0.0,42521.0,0.0,0.0,0.0,,0,0.0,-1,,,2027-09-22,42521.0,1,0.0,0.0,ARS,0.0,0.0,BYMA,0.0,0.0,0.0,358,CORP,0.0,0.0,0.0,,0.9802,,,32.89,Petroquímica Comodoro Rivadavia S.A.,30563598111,Industria - Petroquímica,True
0.0,PQCOX,0.0,143555.0,0.0,0.0,0.0,,0,0.0,-1,,,2027-09-22,143555.0,2,0.0,0.0,ARS,0.0,0.0,BYMA,0.0,0.0,0.0,358,CORP,0.0,0.0,0.0,,0.9802,,,32.89,Petroquímica Comodoro Rivadavia S.A.,30563598111,Industria - Petroquímica,True
0.0,BGC5D,0.0,100.0,0.0,0.0,0.0,,0,0.0,-1,,,2027-09-25,100.0,1,0.0,0.0,USD,0.0,0.0,BYMA,0.0,0.0,0.0,361,CORP,0.0,0.0,0.0,,0.9884,,,32.89,[BGC],,Sin mapear,False
0.0,BGC5D,0.0,0.0,0.0,0.0,0.0,,0,0.0,-1,,,2027-09-25,0.0,2,0.0,0.0,USD,98.0,0.0,BYMA,0.0,0.0,0.0,361,CORP,0.0,0.0,2400.0,,0.9884,,,32.89,[BGC],,Sin mapear,False
0.0,BGC5O,0.0,154950.0,0.0,0.0,0.0,,0,0.0,-1,,,2027-09-25,154950.0,1,0.0,0.0,ARS,0.0,0.0,BYMA,0.0,0.0,0.0,361,CORP,0.0,0.0,0.0,,0.9884,,,32.89,[BGC],,Sin mapear,False
0.0,PN34O,0.0,164540.0,0.0,0.0,0.0,,0,0.0,-1,,,2027-09-27,164540.0,1,0.0,0.0,ARS,157800.0,0.0,BYMA,0.0,0.0,0.0,363,CORP,0.0,0.0,1.0,,0.9938,,,32.89,Pan American Energy LLC (PAE Sucursal),30714813583,Energía - Petróleo y Gas,True
0.0,ROC1D,0.0,0.01,0.0,0.0,0.0,,0,0.0,-1,,,2027-09-27,0.01,2,0.0,0.0,USD,0.0,0.0,BYMA,0.0,0.0,0.0,363,CORP,0.0,0.0,0.0,,0.9938,,,32.89,[ROC],,Sin mapear,False
0.0,JNC6D,0.0,102.0,0.0,0.0,0.0,,0,0.0,-1,,,2027-10-03,102.0,1,0.0,0.0,USD,0.0,0.0,BYMA,0.0,0.0,0.0,369,CORP,0.0,0.0,0.0,,1.0103,,,32.89,[JNC],,Sin mapear,False
0.0,JNC6Y,0.0,102.2,0.0,0.0,0.0,,0,0.0,-1,,,2027-10-03,102.2,2,0.0,0.0,USD,0.0,0.0,BYMA,0.0,0.0,0.0,369,CORP,0.0,0.0,0.0,,1.0103,,,32.89,[JNC],,Sin mapear,False
0.0,LDCGD,0.0,100.9,0.0,0.0,0.0,,0,0.0,-1,,,2027-10-04,100.9,1,0.0,0.0,USD,100.9,0.0,BYMA,0.0,0.0,0.0,370,CORP,0.0,0.0,2973.0,,1.013,,,32.89,[LDC],,Sin mapear,False
0.0,LDCGO,0.0,153600.0,0.0,0.0,0.0,,0,0.0,-1,,,2027-10-04,153600.0,1,0.0,0.0,ARS,0.0,0.0,BYMA,0.0,0.0,0.0,370,CORP,0.0,0.0,0.0,,1.013,,,32.89,[LDC],,Sin mapear,False
0.0,LDCGX,0.0,151880.0,0.0,0.0,0.0,,0,0.0,-1,,,2027-10-04,151880.0,2,0.0,0.0,ARS,0.0,0.0,BYMA,0.0,0.0,0.0,370,CORP,0.0,0.0,0.0,,1.013,,,32.89,[LDC],,Sin mapear,False
0.0,CP36C,0.0,95.65,0.0,0.0,0.0,,0,0.0,-1,,,2027-10-10,95.65,2,0.0,0.0,EXT,0.0,0.0,BYMA,0.0,0.0,0.0,376,CORP,0.0,0.0,0.0,,1.0294,,,32.89,Cía. General de Combustibles S.A.,30506733932,Energía - Gas,True
0.0,CP36X,0.0,149964.0,0.0,0.0,0.0,,0,0.0,-1,,,2027-10-10,149964.0,2,0.0,0.0,ARS,0.0,0.0,BYMA,0.0,0.0,0.0,376,CORP,0.0,0.0,0.0,,1.0294,,,32.89,Cía. General de Combustibles S.A.,30506733932,Energía - Gas,True
0.0,TTCBD,0.0,104.25,0.0,0.0,0.0,,0,0.0,-1,,,2027-10-16,104.25,1,0.0,0.0,USD,104.75,0.0,BYMA,0.0,0.0,0.0,382,CORP,0.0,0.0,1.0,,1.0459,,,32.89,Tecpetrol S.A.,30592665472,Energía - Petróleo y Gas,True
0.0,TTCBO,0.0,161860.0,0.0,0.0,0.0,,0,0.0,-1,,,2027-10-16,161860.0,1,0.0,0.0,ARS,162200.0,0.0,BYMA,0.0,0.0,0.0,382,CORP,0.0,0.0,1.0,,1.0459,,,32.89,Tecpetrol S.A.,30592665472,Energía - Petróleo y Gas,True
0.0,TTCBY,0.0,102.65,0.0,0.0,0.0,,0,0.0,-1,,,2027-10-16,102.65,1,0.0,0.0,USD,0.0,0.0,BYMA,0.0,0.0,0.0,382,CORP,0.0,0.0,0.0,,1.0459,,,32.89,Tecpetrol S.A.,30592665472,Energía - Petróleo y Gas,True
0.0,TTCBY,0.0,105.1,0.0,0.0,0.0,,0,0.0,-1,,,2027-10-16,105.1,2,0.0,0.0,USD,0.0,0.0,BYMA,0.0,0.0,0.0,382,CORP,0.0,0.0,0.0,,1.0459,,,32.89,Tecpetrol S.A.,30592665472,Energía - Petróleo y Gas,True
0.0,IRCNC,0.0,96.63,0.0,0.0,0.0,,0,0.0,-1,,,2027-10-23,96.63,2,0.0,0.0,EXT,97.22,0.0,BYMA,0.0,0.0,0.0,389,CORP,0.0,0.0,540.0,,1.065,,,32.89,IRSA Inversiones y Representaciones S.A.,30524688673,Real Estate,True
0.0,AFCOO,0.0,156000.0,0.0,0.0,0.0,,0,0.0,-1,,,2027-10-24,156000.0,1,0.0,0.0,ARS,0.0,0.0,BYMA,0.0,0.0,0.0,390,CORP,0.0,0.0,0.0,,1.0678,,,32.89,Banco Comafi S.A.,30604731018,Financiero - Bancos,True
0.0,AFCOO,0.0,152400.0,0.0,0.0,0.0,,0,0.0,-1,,,2027-10-24,152400.0,2,0.0,0.0,ARS,0.0,0.0,BYMA,0.0,0.0,0.0,390,CORP,0.0,0.0,0.0,,1.0678,,,32.89,Banco Comafi S.A.,30604731018,Financiero - Bancos,True
0.0,TTC8X,0.0,150000.0,0.0,0.0,0.0,,0,0.0,-1,,,2027-10-24,150000.0,1,0.0,0.0,ARS,0.0,0.0,BYMA,0.0,0.0,0.0,390,CORP,0.0,0.0,0.0,,1.0678,,,32.89,Tecpetrol S.A.,30592665472,Energía - Petróleo y Gas,True
0.0,TTC8X,0.0,160700.0,0.0,0.0,0.0,,0,0.0,-1,,,2027-10-24,160700.0,2,0.0,0.0,ARS,0.0,0.0,BYMA,0.0,0.0,0.0,390,CORP,0.0,0.0,0.0,,1.0678,,,32.89,Tecpetrol S.A.,30592665472,Energía - Petróleo y Gas,True
0.0,TTC8Y,0.0,102.75,0.0,0.0,0.0,,0,0.0,-1,,,2027-10-24,102.75,2,0.0,0.0,USD,0.0,0.0,BYMA,0.0,0.0,0.0,390,CORP,0.0,0.0,0.0,,1.0678,,,32.89,Tecpetrol S.A.,30592665472,Energía - Petróleo y Gas,True
0.0,VAC3C,0.0,95.654,0.0,0.0,0.0,,0,0.0,-1,,,2027-10-27,95.654,2,0.0,0.0,EXT,0.0,0.0,BYMA,0.0,0.0,0.0,393,CORP,0.0,0.0,0.0,,1.076,,,32.89,[VAC],,Sin mapear,False
0.0,VAC3D,0.0,0.01,0.0,0.0,0.0,,0,0.0,-1,,,2027-10-27,0.01,1,0.0,0.0,USD,0.0,0.0,BYMA,0.0,0.0,0.0,393,CORP,0.0,0.0,0.0,,1.076,,,32.89,[VAC],,Sin mapear,False
0.0,CWC6D,0.0,89.763,0.0,0.0,0.0,,0,0.0,-1,,,2027-10-30,89.763,1,0.0,0.0,USD,0.0,0.0,BYMA,0.0,0.0,0.0,396,CORP,0.0,0.0,0.0,,1.0842,,,32.89,CROWN POINT ENERGIA S.A.,30709346268,,True
0.0,CWC6O,0.0,123200.5299,0.0,0.0,0.0,,0,0.0,-1,,,2027-10-30,123200.5299,1,0.0,0.0,ARS,0.0,0.0,BYMA,0.0,0.0,0.0,396,CORP,0.0,0.0,0.0,,1.0842,,,32.89,CROWN POINT ENERGIA S.A.,30709346268,,True
0.0,GYC4C,0.0,95.63,0.0,0.0,0.0,,0,0.0,-1,,,2027-10-30,95.63,2,0.0,0.0,EXT,0.0,0.0,BYMA,0.0,0.0,0.0,396,CORP,0.0,0.0,0.0,,1.0842,,,32.89,[GYC],,Sin mapear,False
0.0,GYC4D,0.0,101.0,0.0,0.0,0.0,,0,0.0,-1,,,2027-10-30,101.0,1,0.0,0.0,USD,100.8,0.0,BYMA,0.0,0.0,0.0,396,CORP,0.0,0.0,3968.0,,1.0842,,,32.89,[GYC],,Sin mapear,False
0.0,GYC4O,0.0,154950.0,0.0,0.0,0.0,,0,0.0,-1,,,2027-10-30,154950.0,1,0.0,0.0,ARS,0.0,0.0,BYMA,0.0,0.0,0.0,396,CORP,0.0,0.0,0.0,,1.0842,,,32.89,[GYC],,Sin mapear,False
0.0,RUCEC,0.0,94.6161,0.0,0.0,0.0,,0,0.0,-1,,,2027-10-30,94.6161,1,0.0,0.0,EXT,0.0,0.0,BYMA,0.0,0.0,0.0,396,CORP,0.0,0.0,0.0,,1.0842,,,32.89,CERAMICA RUTA 16 S.R.L.,30710080085,,True
0.0,RUCEX,0.0,140924.0,0.0,0.0,0.0,,0,0.0,-1,,,2027-10-30,140924.0,1,0.0,0.0,ARS,0.0,0.0,BYMA,0.0,0.0,0.0,396,CORP,0.0,0.0,0.0,,1.0842,,,32.89,CERAMICA RUTA 16 S.R.L.,30710080085,,True
0.0,RUCEZ,0.0,98.0,0.0,0.0,0.0,,0,0.0,-1,,,2027-10-30,98.0,1,0.0,0.0,EXT,0.0,0.0,BYMA,0.0,0.0,0.0,396,CORP,0.0,0.0,0.0,,1.0842,,,32.89,CERAMICA RUTA 16 S.R.L.,30710080085,,True
0.0,XMC1C,0.0,101.3,0.0,0.0,0.0,,0,0.0,-1,,,2027-11-11,101.3,2,0.0,0.0,EXT,0.0,0.0,BYMA,0.0,0.0,0.0,408,CORP,0.0,0.0,0.0,,1.117,,,32.89,Minera Exar S.A.,30709667587,Minería - Litio,True
0.0,XMC1X,0.0,158600.0,0.0,0.0,0.0,,0,0.0,-1,,,2027-11-11,158600.0,2,0.0,0.0,ARS,0.0,0.0,BYMA,0.0,0.0,0.0,408,CORP,0.0,0.0,0.0,,1.117,,,32.89,Minera Exar S.A.,30709667587,Minería - Litio,True
0.0,XMC1Y,0.0,102.2,0.0,0.0,0.0,,0,0.0,-1,,,2027-11-11,102.2,2,0.0,0.0,USD,0.0,0.0,BYMA,0.0,0.0,0.0,408,CORP,0.0,0.0,0.0,,1.117,,,32.89,Minera Exar S.A.,30709667587,Minería - Litio,True
0.0,TLCJO,0.0,113904.2274,0.0,0.0,0.0,,0,0.0,-1,,,2027-11-17,113904.2274,2,0.0,0.0,ARS,114210.0,0.0,BYMA,0.0,0.0,0.0,414,CORP,0.0,0.0,100.0,,1.1335,,,32.89,TELECOM ARGENTINA S.A.,30639453738,,True
0.0,TLCJX,0.0,120119.3,0.0,0.0,0.0,,0,0.0,-1,,,2027-11-17,120119.3,1,0.0,0.0,ARS,0.0,0.0,BYMA,0.0,0.0,0.0,414,CORP,0.0,0.0,0.0,,1.1335,,,32.89,TELECOM ARGENTINA S.A.,30639453738,,True
0.0,TLCJX,0.0,151200.0,0.0,0.0,0.0,,0,0.0,-1,,,2027-11-17,151200.0,2,0.0,0.0,ARS,0.0,0.0,BYMA,0.0,0.0,0.0,414,CORP,0.0,0.0,0.0,,1.1335,,,32.89,TELECOM ARGENTINA S.A.,30639453738,,True
0.0,T673C,0.0,0.0,101.0,0.0,0.0,,0,0.0,-1,,,2027-11-22,0.0,2,100000.0,0.0,EXT,0.0,0.0,BYMA,0.0,0.0,0.0,419,CORP,0.0,0.0,0.0,,1.1472,,,32.89,Tarjeta Naranja S.A.U.,30685376349,Financiero - Consumo,True
0.0,T673D,0.0,0.0,101.0,0.0,0.0,,0,0.0,-1,,,2027-11-22,0.0,2,1000.0,0.0,USD,0.0,0.0,BYMA,0.0,0.0,0.0,419,CORP,0.0,0.0,0.0,,1.1472,,,32.89,Tarjeta Naranja S.A.U.,30685376349,Financiero - Consumo,True
0.0,T673O,0.0,142400.0,0.0,0.0,0.0,,0,0.0,-1,,,2027-11-22,142400.0,1,0.0,0.0,ARS,0.0,0.0,BYMA,0.0,0.0,0.0,419,CORP,0.0,0.0,0.0,,1.1472,,,32.89,Tarjeta Naranja S.A.U.,30685376349,Financiero - Consumo,True
0.0,T673O,0.0,146200.0,0.0,0.0,0.0,,0,0.0,-1,,,2027-11-22,146200.0,2,0.0,0.0,ARS,0.0,0.0,BYMA,0.0,0.0,0.0,419,CORP,0.0,0.0,0.0,,1.1472,,,32.89,Tarjeta Naranja S.A.U.,30685376349,Financiero - Consumo,True
0.0,T673X,0.0,160200.0,0.0,0.0,0.0,,0,0.0,-1,,,2027-11-22,160200.0,1,0.0,0.0,ARS,0.0,0.0,BYMA,0.0,0.0,0.0,419,CORP,0.0,0.0,0.0,,1.1472,,,32.89,Tarjeta Naranja S.A.U.,30685376349,Financiero - Consumo,True
0.0,T673X,0.0,160100.0,0.0,0.0,0.0,,0,0.0,-1,,,2027-11-22,160100.0,2,0.0,0.0,ARS,0.0,0.0,BYMA,0.0,0.0,0.0,419,CORP,0.0,0.0,0.0,,1.1472,,,32.89,Tarjeta Naranja S.A.U.,30685376349,Financiero - Consumo,True
0.0,T673Y,0.0,93.93,0.0,0.0,0.0,,0,0.0,-1,,,2027-11-22,93.93,1,0.0,0.0,USD,0.0,0.0,BYMA,0.0,0.0,0.0,419,CORP,0.0,0.0,0.0,,1.1472,,,32.89,Tarjeta Naranja S.A.U.,30685376349,Financiero - Consumo,True
0.0,T673Y,0.0,104.0,0.0,0.0,0.0,,0,0.0,-1,,,2027-11-22,104.0,2,0.0,0.0,USD,0.0,0.0,BYMA,0.0,0.0,0.0,419,CORP,0.0,0.0,0.0,,1.1472,,,32.89,Tarjeta Naranja S.A.U.,30685376349,Financiero - Consumo,True
0.0,T673Z,0.0,100.0,0.0,0.0,0.0,,0,0.0,-1,,,2027-11-22,100.0,1,0.0,0.0,EXT,0.0,0.0,BYMA,0.0,0.0,0.0,419,CORP,0.0,0.0,0.0,,1.1472,,,32.89,Tarjeta Naranja S.A.U.,30685376349,Financiero - Consumo,True
0.0,T673Z,0.0,100.0,0.0,0.0,0.0,,0,0.0,-1,,,2027-11-22,100.0,2,0.0,0.0,EXT,0.0,0.0,BYMA,0.0,0.0,0.0,419,CORP,0.0,0.0,0.0,,1.1472,,,32.89,Tarjeta Naranja S.A.U.,30685376349,Financiero - Consumo,True
0.0,RZABD,0.0,62.8,100.0,0.0,0.0,,0,0.0,-1,,,2027-11-28,62.8,1,3100.0,0.0,USD,0.0,0.0,BYMA,0.0,0.0,0.0,425,CORP,0.0,0.0,0.0,,1.1636,,,32.89,Rizobacter Argentina S.A.,30593174057,Agro - Biotech,True
0.0,RZABO,0.0,98010.0,0.0,0.0,0.0,,0,0.0,-1,,,2027-11-28,98010.0,1,0.0,0.0,ARS,0.0,0.0,BYMA,0.0,0.0,0.0,425,CORP,0.0,0.0,0.0,,1.1636,,,32.89,Rizobacter Argentina S.A.,30593174057,Agro - Biotech,True
0.0,RZABY,0.0,99.5,0.0,0.0,0.0,,0,0.0,-1,,,2027-11-28,99.5,1,0.0,0.0,USD,0.0,0.0,BYMA,0.0,0.0,0.0,425,CORP,0.0,0.0,0.0,,1.1636,,,32.89,Rizobacter Argentina S.A.,30593174057,Agro - Biotech,True
0.0,BYY3C,0.0,0.0,100.5,0.0,0.0,,0,0.0,-1,,,2027-12-05,0.0,2,4725.0,0.0,EXT,0.0,0.0,BYMA,0.0,0.0,0.0,432,CORP,0.0,0.0,0.0,,1.1828,,,32.89,[BYY],,Sin mapear,False
0.0,BYY3D,0.0,101.0,101.0,0.0,0.0,,0,0.0,-1,,,2027-12-05,101.0,2,3000.0,0.0,USD,0.0,0.0,BYMA,0.0,0.0,0.0,432,CORP,0.0,0.0,0.0,,1.1828,,,32.89,[BYY],,Sin mapear,False
0.0,BYY3O,0.0,154900.0,0.0,0.0,0.0,,0,0.0,-1,,,2027-12-05,154900.0,1,0.0,0.0,ARS,0.0,0.0,BYMA,0.0,0.0,0.0,432,CORP,0.0,0.0,0.0,,1.1828,,,32.89,[BYY],,Sin mapear,False
0.0,BYY3O,0.0,154000.0,157000.0,0.0,0.0,,0,0.0,-1,,,2027-12-05,154000.0,2,2000.0,0.0,ARS,0.0,0.0,BYMA,0.0,0.0,0.0,432,CORP,0.0,0.0,0.0,,1.1828,,,32.89,[BYY],,Sin mapear,False
0.0,BYY3X,0.0,151500.0,0.0,0.0,0.0,,0,0.0,-1,,,2027-12-05,151500.0,1,0.0,0.0,ARS,0.0,0.0,BYMA,0.0,0.0,0.0,432,CORP,0.0,0.0,0.0,,1.1828,,,32.89,[BYY],,Sin mapear,False
0.0,BYY3Y,0.0,100.0,0.0,0.0,0.0,,0,0.0,-1,,,2027-12-05,100.0,1,0.0,0.0,USD,0.0,0.0,BYMA,0.0,0.0,0.0,432,CORP,0.0,0.0,0.0,,1.1828,,,32.89,[BYY],,Sin mapear,False
0.0,AFCQD,0.0,102.8,0.0,0.0,0.0,,0,0.0,-1,,,2027-12-06,102.8,2,0.0,0.0,USD,0.0,0.0,BYMA,0.0,0.0,0.0,433,CORP,0.0,0.0,0.0,,1.1855,,,32.89,Banco Comafi S.A.,30604731018,Financiero - Bancos,True
0.0,AFCQO,0.0,157600.0,0.0,0.0,0.0,,0,0.0,-1,,,2027-12-06,157600.0,2,0.0,0.0,ARS,0.0,0.0,BYMA,0.0,0.0,0.0,433,CORP,0.0,0.0,0.0,,1.1855,,,32.89,Banco Comafi S.A.,30604731018,Financiero - Bancos,True
0.0,AFCQX,0.0,158100.0,0.0,0.0,0.0,,0,0.0,-1,,,2027-12-06,158100.0,2,0.0,0.0,ARS,0.0,0.0,BYMA,0.0,0.0,0.0,433,CORP,0.0,0.0,0.0,,1.1855,,,32.89,Banco Comafi S.A.,30604731018,Financiero - Bancos,True
0.0,AFCQY,0.0,100.0,0.0,0.0,0.0,,0,0.0,-1,,,2027-12-06,100.0,1,0.0,0.0,USD,0.0,0.0,BYMA,0.0,0.0,0.0,433,CORP,0.0,0.0,0.0,,1.1855,,,32.89,Banco Comafi S.A.,30604731018,Financiero - Bancos,True
0.0,AFCQY,0.0,100.0,0.0,0.0,0.0,,0,0.0,-1,,,2027-12-06,100.0,2,0.0,0.0,USD,0.0,0.0,BYMA,0.0,0.0,0.0,433,CORP,0.0,0.0,0.0,,1.1855,,,32.89,Banco Comafi S.A.,30604731018,Financiero - Bancos,True
0.0,AFCQZ,0.0,100.0,0.0,0.0,0.0,,0,0.0,-1,,,2027-12-06,100.0,2,0.0,0.0,EXT,0.0,0.0,BYMA,0.0,0.0,0.0,433,CORP,0.0,0.0,0.0,,1.1855,,,32.89,Banco Comafi S.A.,30604731018,Financiero - Bancos,True
0.0,VWCFO,0.0,186239.1969,0.0,0.0,0.0,,0,0.0,-1,,,2027-12-11,186239.1969,2,0.0,0.0,ARS,0.0,0.0,BYMA,0.0,0.0,0.0,438,CORP,0.0,0.0,0.0,,1.1992,,,32.89,Volkswagen Financial Services Cía. Financiera S.A.,30682419578,Financiero - Crédito Automotriz,True
0.0,VWCFX,0.0,185186.0,0.0,0.0,0.0,,0,0.0,-1,,,2027-12-11,185186.0,2,0.0,0.0,ARS,0.0,0.0,BYMA,0.0,0.0,0.0,438,CORP,0.0,0.0,0.0,,1.1992,,,32.89,Volkswagen Financial Services Cía. Financiera S.A.,30682419578,Financiero - Crédito Automotriz,True
0.0,RB66O,0.0,205600.0,0.0,0.0,0.0,,0,0.0,-1,,,2027-12-17,205600.0,2,0.0,0.0,ARS,0.0,0.0,BYMA,0.0,0.0,0.0,444,CORP,0.0,0.0,0.0,,1.2156,,,32.89,Rombo Cía. Financiera S.A.,33707124909,Financiero - Crédito Automotriz,True
0.0,RB66X,0.0,188000.0,0.0,0.0,0.0,,0,0.0,-1,,,2027-12-17,188000.0,2,0.0,0.0,ARS,0.0,0.0,BYMA,0.0,0.0,0.0,444,CORP,0.0,0.0,0.0,,1.2156,,,32.89,Rombo Cía. Financiera S.A.,33707124909,Financiero - Crédito Automotriz,True
0.0,MGCEC,0.0,95.11,0.0,0.0,0.0,,0,0.0,-1,,,2027-12-19,95.11,2,0.0,0.0,EXT,0.0,0.0,BYMA,0.0,0.0,0.0,446,CORP,0.0,0.0,0.0,,1.2211,,,32.89,Pampa Energía S.A.,30526552659,Energía - Electricidad,True
0.0,MGCEX,0.0,131079.16,0.0,0.0,0.0,,0,0.0,-1,,,2027-12-19,131079.16,1,0.0,0.0,ARS,0.0,0.0,BYMA,0.0,0.0,0.0,446,CORP,0.0,0.0,0.0,,1.2211,,,32.89,Pampa Energía S.A.,30526552659,Energía - Electricidad,True
0.0,MGCEX,0.0,136435.47,0.0,0.0,0.0,,0,0.0,-1,,,2027-12-19,136435.47,2,0.0,0.0,ARS,0.0,0.0,BYMA,0.0,0.0,0.0,446,CORP,0.0,0.0,0.0,,1.2211,,,32.89,Pampa Energía S.A.,30526552659,Energía - Electricidad,True
0.0,MGCEY,0.0,81.2,0.0,0.0,0.0,,0,0.0,-1,,,2027-12-19,81.2,1,0.0,0.0,USD,0.0,0.0,BYMA,0.0,0.0,0.0,446,CORP,0.0,0.0,0.0,,1.2211,,,32.89,Pampa Energía S.A.,30526552659,Energía - Electricidad,True
0.0,MGCEZ,0.0,88.567,0.0,0.0,0.0,,0,0.0,-1,,,2027-12-19,88.567,1,0.0,0.0,EXT,0.0,0.0,BYMA,0.0,0.0,0.0,446,CORP,0.0,0.0,0.0,,1.2211,,,32.89,Pampa Energía S.A.,30526552659,Energía - Electricidad,True
0.0,MU32C,0.0,92.6488,0.0,0.0,0.0,,0,0.0,-1,,,2027-12-19,92.6488,2,0.0,0.0,EXT,0.0,0.0,BYMA,0.0,0.0,0.0,446,CORP,0.0,0.0,0.0,,1.2211,,,32.89,[MU3],,Sin mapear,False
0.0,MU32O,0.0,143426.5408,0.0,0.0,0.0,,0,0.0,-1,,,2027-12-19,143426.5408,1,0.0,0.0,ARS,0.0,0.0,BYMA,0.0,0.0,0.0,446,CORP,0.0,0.0,0.0,,1.2211,,,32.89,[MU3],,Sin mapear,False
0.0,MU32O,0.0,162000.0,0.0,0.0,0.0,,0,0.0,-1,,,2027-12-19,162000.0,2,0.0,0.0,ARS,0.0,0.0,BYMA,0.0,0.0,0.0,446,CORP,0.0,0.0,0.0,,1.2211,,,32.89,[MU3],,Sin mapear,False
0.0,MU32X,0.0,118700.0,0.0,0.0,0.0,,0,0.0,-1,,,2027-12-19,118700.0,1,0.0,0.0,ARS,0.0,0.0,BYMA,0.0,0.0,0.0,446,CORP,0.0,0.0,0.0,,1.2211,,,32.89,[MU3],,Sin mapear,False
0.0,MU32Y,0.0,101.0,0.0,0.0,0.0,,0,0.0,-1,,,2027-12-19,101.0,1,0.0,0.0,USD,0.0,0.0,BYMA,0.0,0.0,0.0,446,CORP,0.0,0.0,0.0,,1.2211,,,32.89,[MU3],,Sin mapear,False
0.0,MU32Y,0.0,101.019,0.0,0.0,0.0,,0,0.0,-1,,,2027-12-19,101.019,2,0.0,0.0,USD,0.0,0.0,BYMA,0.0,0.0,0.0,446,CORP,0.0,0.0,0.0,,1.2211,,,32.89,[MU3],,Sin mapear,False
0.0,MU32Z,0.0,100.0,0.0,0.0,0.0,,0,0.0,-1,,,2027-12-19,100.0,1,0.0,0.0,EXT,0.0,0.0,BYMA,0.0,0.0,0.0,446,CORP,0.0,0.0,0.0,,1.2211,,,32.89,[MU3],,Sin mapear,False
0.0,PS34O,0.0,198310.3033,0.0,0.0,0.0,,0,0.0,-1,,,2027-12-19,198310.3033,1,0.0,0.0,ARS,0.0,0.0,BYMA,0.0,0.0,0.0,446,CORP,0.0,0.0,0.0,,1.2211,,,32.89,PSA Finance Argentina Cía. Financiera S.A.,30707847367,Financiero - Crédito Automotriz,True
0.0,PS34O,0.0,215967.4633,0.0,0.0,0.0,,0,0.0,-1,,,2027-12-19,215967.4633,2,0.0,0.0,ARS,0.0,0.0,BYMA,0.0,0.0,0.0,446,CORP,0.0,0.0,0.0,,1.2211,,,32.89,PSA Finance Argentina Cía. Financiera S.A.,30707847367,Financiero - Crédito Automotriz,True
0.0,PS34X,0.0,188622.0,0.0,0.0,0.0,,0,0.0,-1,,,2027-12-19,188622.0,2,0.0,0.0,ARS,0.0,0.0,BYMA,0.0,0.0,0.0,446,CORP,0.0,0.0,0.0,,1.2211,,,32.89,PSA Finance Argentina Cía. Financiera S.A.,30707847367,Financiero - Crédito Automotriz,True
0.0,AU1LD,0.0,102.0,0.0,0.0,0.0,,0,0.0,-1,,,2027-12-22,102.0,2,0.0,0.0,USD,0.0,0.0,BYMA,0.0,0.0,0.0,449,CORP,0.0,0.0,0.0,,1.2293,,,32.89,[AU1],,Sin mapear,False
0.0,AUS1L,0.0,155000.0,0.0,0.0,0.0,,0,0.0,-1,,,2027-12-22,155000.0,1,0.0,0.0,ARS,0.0,0.0,BYMA,0.0,0.0,0.0,449,CORP,0.0,0.0,0.0,,1.2293,,,32.89,[AUS],,Sin mapear,False
0.0,TBCAO,0.0,154830.0,0.0,0.0,0.0,,0,0.0,-1,,,2028-01-03,154830.0,2,0.0,0.0,ARS,0.0,0.0,BYMA,0.0,0.0,0.0,461,CORP,0.0,0.0,0.0,,1.2621,,,32.89,[TBC],,Sin mapear,False
0.0,VSCYO,0.0,154650.0,0.0,0.0,0.0,,0,0.0,-1,,,2028-01-16,154650.0,1,0.0,0.0,ARS,154670.0,0.0,BYMA,0.0,0.0,0.0,474,CORP,0.0,0.0,100.0,,1.2977,,,32.89,Vista Oil & Gas Argentina S.A.U.,33515950899,Energía - Petróleo y Gas,True
0.0,VSCYX,0.0,158030.4,0.0,0.0,0.0,,0,0.0,-1,,,2028-01-16,158030.4,2,0.0,0.0,ARS,0.0,0.0,BYMA,0.0,0.0,0.0,474,CORP,0.0,0.0,0.0,,1.2977,,,32.89,Vista Oil & Gas Argentina S.A.U.,33515950899,Energía - Petróleo y Gas,True
0.0,VSCYY,0.0,101.9,0.0,0.0,0.0,,0,0.0,-1,,,2028-01-16,101.9,1,0.0,0.0,USD,0.0,0.0,BYMA,0.0,0.0,0.0,474,CORP,0.0,0.0,0.0,,1.2977,,,32.89,Vista Oil & Gas Argentina S.A.U.,33515950899,Energía - Petróleo y Gas,True
0.0,VSCYY,0.0,100.793,0.0,0.0,0.0,,0,0.0,-1,,,2028-01-16,100.793,2,0.0,0.0,USD,0.0,0.0,BYMA,0.0,0.0,0.0,474,CORP,0.0,0.0,0.0,,1.2977,,,32.89,Vista Oil & Gas Argentina S.A.U.,33515950899,Energía - Petróleo y Gas,True
0.0,VSCYZ,0.0,98.82,0.0,0.0,0.0,,0,0.0,-1,,,2028-01-16,98.82,2,0.0,0.0,EXT,0.0,0.0,BYMA,0.0,0.0,0.0,474,CORP,0.0,0.0,0.0,,1.2977,,,32.89,Vista Oil & Gas Argentina S.A.U.,33515950899,Energía - Petróleo y Gas,True
0.0,HJCHC,0.0,99.78,0.0,0.0,0.0,,0,0.0,-1,,,2028-01-17,99.78,2,0.0,0.0,EXT,97.7,0.0,BYMA,0.0,0.0,0.0,475,CORP,0.0,0.0,12668.0,,1.3005,,,32.89,John Deere Credit Cía. Financiera S.A.,30707024859,Financiero - Crédito Industrial,True
0.0,HJCHD,0.0,101.7,0.0,0.0,0.0,,0,0.0,-1,,,2028-01-17,101.7,1,0.0,0.0,USD,97.0,0.0,BYMA,0.0,0.0,0.0,475,CORP,0.0,0.0,3600.0,,1.3005,,,32.89,John Deere Credit Cía. Financiera S.A.,30707024859,Financiero - Crédito Industrial,True
0.0,HJCHO,0.0,156490.0,0.0,0.0,0.0,,0,0.0,-1,,,2028-01-17,156490.0,1,0.0,0.0,ARS,149630.0,0.0,BYMA,0.0,0.0,0.0,475,CORP,0.0,0.0,7200.0,,1.3005,,,32.89,John Deere Credit Cía. Financiera S.A.,30707024859,Financiero - Crédito Industrial,True
0.0,OT41O,0.0,155080.0,0.0,0.0,0.0,,0,0.0,-1,,,2028-01-17,155080.0,1,0.0,0.0,ARS,152360.0,0.0,BYMA,0.0,0.0,0.0,475,CORP,0.0,0.0,308.0,,1.3005,,,32.89,[OT4],,Sin mapear,False
0.0,OT41Y,0.0,100.25,0.0,0.0,0.0,,0,0.0,-1,,,2028-01-17,100.25,2,0.0,0.0,USD,0.0,0.0,BYMA,0.0,0.0,0.0,475,CORP,0.0,0.0,0.0,,1.3005,,,32.89,[OT4],,Sin mapear,False
0.0,BF48C,0.0,97.0,99.5,0.0,0.0,,0,0.0,-1,,,2028-01-24,97.0,2,10000.0,0.0,EXT,0.0,0.0,BYMA,0.0,0.0,0.0,482,CORP,0.0,0.0,0.0,,1.3196,,,32.89,BANCO BBVA ARGENTINA S.A.,30500003193,,True
0.0,BF48D,0.0,102.3,102.5,0.0,0.0,,0,0.0,-1,,,2028-01-24,102.3,1,10000.0,0.0,USD,0.0,0.0,BYMA,0.0,0.0,0.0,482,CORP,0.0,0.0,0.0,,1.3196,,,32.89,BANCO BBVA ARGENTINA S.A.,30500003193,,True
0.0,BF48D,0.0,102.25,102.5,0.0,0.0,,0,0.0,-1,,,2028-01-24,102.25,2,10000.0,0.0,USD,0.0,0.0,BYMA,0.0,0.0,0.0,482,CORP,0.0,0.0,0.0,,1.3196,,,32.89,BANCO BBVA ARGENTINA S.A.,30500003193,,True
0.0,BF48O,0.0,158740.0,0.0,0.0,0.0,,0,0.0,-1,,,2028-01-24,158740.0,2,0.0,0.0,ARS,0.0,0.0,BYMA,0.0,0.0,0.0,482,CORP,0.0,0.0,0.0,,1.3196,,,32.89,BANCO BBVA ARGENTINA S.A.,30500003193,,True
0.0,BF48X,0.0,160200.0,0.0,0.0,0.0,,0,0.0,-1,,,2028-01-24,160200.0,1,0.0,0.0,ARS,0.0,0.0,BYMA,0.0,0.0,0.0,482,CORP,0.0,0.0,0.0,,1.3196,,,32.89,BANCO BBVA ARGENTINA S.A.,30500003193,,True
0.0,BF48X,0.0,159800.0,0.0,0.0,0.0,,0,0.0,-1,,,2028-01-24,159800.0,2,0.0,0.0,ARS,0.0,0.0,BYMA,0.0,0.0,0.0,482,CORP,0.0,0.0,0.0,,1.3196,,,32.89,BANCO BBVA ARGENTINA S.A.,30500003193,,True
0.0,PLC1X,0.0,114434.962,0.0,0.0,0.0,,0,0.0,-1,,,2028-01-27,114434.962,1,0.0,0.0,ARS,0.0,0.0,BYMA,0.0,0.0,0.0,485,CORP,0.0,0.0,0.0,,1.3279,,,32.89,Pluspetrol S.A.,30678224010,Energía - Petróleo y Gas,True
0.0,PLC1X,0.0,156275.0,0.0,0.0,0.0,,0,0.0,-1,,,2028-01-27,156275.0,2,0.0,0.0,ARS,0.0,0.0,BYMA,0.0,0.0,0.0,485,CORP,0.0,0.0,0.0,,1.3279,,,32.89,Pluspetrol S.A.,30678224010,Energía - Petróleo y Gas,True
0.0,PLC1Y,0.0,104.41,0.0,0.0,0.0,,0,0.0,-1,,,2028-01-27,104.41,1,0.0,0.0,USD,0.0,0.0,BYMA,0.0,0.0,0.0,485,CORP,0.0,0.0,0.0,,1.3279,,,32.89,Pluspetrol S.A.,30678224010,Energía - Petróleo y Gas,True
0.0,PLC1Y,0.0,104.1,0.0,0.0,0.0,,0,0.0,-1,,,2028-01-27,104.1,2,0.0,0.0,USD,0.0,0.0,BYMA,0.0,0.0,0.0,485,CORP,0.0,0.0,0.0,,1.3279,,,32.89,Pluspetrol S.A.,30678224010,Energía - Petróleo y Gas,True
0.0,FPC1O,0.0,145000.0,145000.0,0.0,0.0,,0,0.0,-1,,,2028-02-10,145000.0,2,22.0,0.0,ARS,0.0,0.0,BYMA,0.0,0.0,0.0,499,CORP,0.0,0.0,0.0,,1.3662,,,32.89,[FPC],,Sin mapear,False
0.0,TLCFC,0.0,75.0869,0.0,0.0,0.0,,0,0.0,-1,,,2028-02-10,75.0869,1,0.0,0.0,EXT,0.0,0.0,BYMA,0.0,0.0,0.0,499,CORP,0.0,0.0,0.0,,1.3662,,,32.89,Telecom Argentina S.A.,30639453738,Telecomunicaciones,True
0.0,TLCFD,0.0,74.9576,0.0,0.0,0.0,,0,0.0,-1,,,2028-02-10,74.9576,1,0.0,0.0,USD,0.0,0.0,BYMA,0.0,0.0,0.0,499,CORP,0.0,0.0,0.0,,1.3662,,,32.89,Telecom Argentina S.A.,30639453738,Telecomunicaciones,True
0.0,TLCFD,0.0,84.2646,0.0,0.0,0.0,,0,0.0,-1,,,2028-02-10,84.2646,2,0.0,0.0,USD,0.0,0.0,BYMA,0.0,0.0,0.0,499,CORP,0.0,0.0,0.0,,1.3662,,,32.89,Telecom Argentina S.A.,30639453738,Telecomunicaciones,True
0.0,TLCFO,0.0,142500.0,0.0,0.0,0.0,,0,0.0,-1,,,2028-02-10,142500.0,1,0.0,0.0,ARS,0.0,0.0,BYMA,0.0,0.0,0.0,499,CORP,0.0,0.0,0.0,,1.3662,,,32.89,Telecom Argentina S.A.,30639453738,Telecomunicaciones,True
0.0,TLCFX,0.0,84850.0,0.0,0.0,0.0,,0,0.0,-1,,,2028-02-10,84850.0,1,0.0,0.0,ARS,0.0,0.0,BYMA,0.0,0.0,0.0,499,CORP,0.0,0.0,0.0,,1.3662,,,32.89,Telecom Argentina S.A.,30639453738,Telecomunicaciones,True
0.0,TLCFX,0.0,130772.0,0.0,0.0,0.0,,0,0.0,-1,,,2028-02-10,130772.0,2,0.0,0.0,ARS,0.0,0.0,BYMA,0.0,0.0,0.0,499,CORP,0.0,0.0,0.0,,1.3662,,,32.89,Telecom Argentina S.A.,30639453738,Telecomunicaciones,True
0.0,FTN1O,0.0,211000.0,0.0,0.0,0.0,,0,0.0,-1,,,2028-02-24,211000.0,2,0.0,0.0,ARS,0.0,0.0,BYMA,0.0,0.0,0.0,513,CORP,0.0,0.0,0.0,,1.4045,,,32.89,[FTN],,Sin mapear,False
0.0,FTN1X,0.0,183054.65,0.0,0.0,0.0,,0,0.0,-1,,,2028-02-24,183054.65,1,0.0,0.0,ARS,0.0,0.0,BYMA,0.0,0.0,0.0,513,CORP,0.0,0.0,0.0,,1.4045,,,32.89,[FTN],,Sin mapear,False
0.0,FTN1X,0.0,188167.0,0.0,0.0,0.0,,0,0.0,-1,,,2028-02-24,188167.0,2,0.0,0.0,ARS,0.0,0.0,BYMA,0.0,0.0,0.0,513,CORP,0.0,0.0,0.0,,1.4045,,,32.89,[FTN],,Sin mapear,False
0.0,EOC1C,0.0,96.13,0.0,0.0,0.0,,0,0.0,-1,,,2028-02-28,96.13,2,0.0,0.0,EXT,0.0,0.0,BYMA,0.0,0.0,0.0,517,CORP,0.0,0.0,0.0,,1.4155,,,32.89,[EOC],,Sin mapear,False
0.0,EOC1D,0.0,100.0,0.0,0.0,0.0,,0,0.0,-1,,,2028-02-28,100.0,1,0.0,0.0,USD,0.0,0.0,BYMA,0.0,0.0,0.0,517,CORP,0.0,0.0,0.0,,1.4155,,,32.89,[EOC],,Sin mapear,False
0.0,EOC1O,0.0,150000.0,0.0,0.0,0.0,,0,0.0,-1,,,2028-02-28,150000.0,1,0.0,0.0,ARS,0.0,0.0,BYMA,0.0,0.0,0.0,517,CORP,0.0,0.0,0.0,,1.4155,,,32.89,[EOC],,Sin mapear,False
0.0,VSCKD,0.0,40.3828,0.0,0.0,0.0,,0,0.0,-1,,,2028-03-03,40.3828,1,0.0,0.0,USD,0.0,0.0,BYMA,0.0,0.0,0.0,521,CORP,0.0,0.0,0.0,,1.4264,,,32.89,Vista Oil & Gas Argentina S.A.U.,33515950899,Energía - Petróleo y Gas,True
0.0,VSCKO,0.0,145200.0,0.0,0.0,0.0,,0,0.0,-1,,,2028-03-03,145200.0,1,0.0,0.0,ARS,0.0,0.0,BYMA,0.0,0.0,0.0,521,CORP,0.0,0.0,0.0,,1.4264,,,32.89,Vista Oil & Gas Argentina S.A.U.,33515950899,Energía - Petróleo y Gas,True
0.0,VSCKX,0.0,127269.0,0.0,0.0,0.0,,0,0.0,-1,,,2028-03-03,127269.0,1,0.0,0.0,ARS,0.0,0.0,BYMA,0.0,0.0,0.0,521,CORP,0.0,0.0,0.0,,1.4264,,,32.89,Vista Oil & Gas Argentina S.A.U.,33515950899,Energía - Petróleo y Gas,True
0.0,VSCKX,0.0,121475.0,0.0,0.0,0.0,,0,0.0,-1,,,2028-03-03,121475.0,2,0.0,0.0,ARS,0.0,0.0,BYMA,0.0,0.0,0.0,521,CORP,0.0,0.0,0.0,,1.4264,,,32.89,Vista Oil & Gas Argentina S.A.U.,33515950899,Energía - Petróleo y Gas,True
0.0,GN48Y,0.0,102.1,0.0,0.0,0.0,,0,0.0,-1,,,2028-03-05,102.1,2,0.0,0.0,USD,0.0,0.0,BYMA,0.0,0.0,0.0,523,CORP,0.0,0.0,0.0,,1.4319,,,32.89,Genneia S.A.,30665234114,Energía - Renovable,True
0.0,CP40C,0.0,0.01,0.0,0.0,0.0,,0,0.0,-1,,,2028-03-09,0.01,1,0.0,0.0,EXT,0.0,0.0,BYMA,0.0,0.0,0.0,527,CORP,0.0,0.0,0.0,,1.4428,,,32.89,CIA GENERAL DE COMBUSTIBLES S.A.,30506733932,,True
0.0,CP40C,0.0,98.4,0.0,0.0,0.0,,0,0.0,-1,,,2028-03-09,98.4,2,0.0,0.0,EXT,0.0,0.0,BYMA,0.0,0.0,0.0,527,CORP,0.0,0.0,0.0,,1.4428,,,32.89,CIA GENERAL DE COMBUSTIBLES S.A.,30506733932,,True
0.0,CP40X,0.0,159344.0,0.0,0.0,0.0,,0,0.0,-1,,,2028-03-09,159344.0,2,0.0,0.0,ARS,0.0,0.0,BYMA,0.0,0.0,0.0,527,CORP,0.0,0.0,0.0,,1.4428,,,32.89,CIA GENERAL DE COMBUSTIBLES S.A.,30506733932,,True
0.0,CP40Y,0.0,101.75,0.0,0.0,0.0,,0,0.0,-1,,,2028-03-09,101.75,1,0.0,0.0,USD,0.0,0.0,BYMA,0.0,0.0,0.0,527,CORP,0.0,0.0,0.0,,1.4428,,,32.89,CIA GENERAL DE COMBUSTIBLES S.A.,30506733932,,True
0.0,CP40Y,0.0,102.0,0.0,0.0,0.0,,0,0.0,-1,,,2028-03-09,102.0,2,0.0,0.0,USD,0.0,0.0,BYMA,0.0,0.0,0.0,527,CORP,0.0,0.0,0.0,,1.4428,,,32.89,CIA GENERAL DE COMBUSTIBLES S.A.,30506733932,,True
0.0,A11LD,0.0,97.2157,0.0,0.0,0.0,,0,0.0,-1,,,2028-03-31,97.2157,2,0.0,0.0,USD,0.0,0.0,BYMA,0.0,0.0,0.0,549,CORP,0.0,0.0,0.0,,1.5031,,,32.89,[A11],,Sin mapear,False
0.0,EBS1L,0.0,101.0,0.0,0.0,0.0,,0,0.0,-1,,,2028-04-13,101.0,2,0.0,0.0,ARS,0.0,0.0,BYMA,0.0,0.0,0.0,562,CORP,0.0,0.0,0.0,,1.5387,,,32.89,[EBS],,Sin mapear,False
0.0,YSS2L,0.0,94.355,0.0,0.0,0.0,,0,0.0,-1,,,2028-04-16,94.355,2,0.0,0.0,ARS,0.0,0.0,BYMA,0.0,0.0,0.0,565,CORP,0.0,0.0,0.0,,1.5469,,,32.89,C&C MEDICAL S S.A.,30707174702,,True
0.0,LMS6C,0.0,51.0,0.0,0.0,0.0,,0,0.0,-1,,,2028-04-27,51.0,1,0.0,0.0,EXT,0.0,0.0,BYMA,0.0,0.0,0.0,576,CORP,0.0,0.0,0.0,,1.577,,,32.89,BLM DESARROLLOS SA,30718221516,,True
0.0,LMS6D,0.0,52.7,0.0,0.0,0.0,,0,0.0,-1,,,2028-04-27,52.7,1,0.0,0.0,USD,0.0,0.0,BYMA,0.0,0.0,0.0,576,CORP,0.0,0.0,0.0,,1.577,,,32.89,BLM DESARROLLOS SA,30718221516,,True
0.0,LMS6D,0.0,78.9,0.0,0.0,0.0,,0,0.0,-1,,,2028-04-27,78.9,2,0.0,0.0,USD,0.0,0.0,BYMA,0.0,0.0,0.0,576,CORP,0.0,0.0,0.0,,1.577,,,32.89,BLM DESARROLLOS SA,30718221516,,True
0.0,LMS6O,0.0,117740.0,0.0,0.0,0.0,,0,0.0,-1,,,2028-04-27,117740.0,1,0.0,0.0,ARS,0.0,0.0,BYMA,0.0,0.0,0.0,576,CORP,0.0,0.0,0.0,,1.577,,,32.89,BLM DESARROLLOS SA,30718221516,,True
0.0,LMS6O,0.0,140800.0,0.0,0.0,0.0,,0,0.0,-1,,,2028-04-27,140800.0,2,0.0,0.0,ARS,100000.0,0.0,BYMA,0.0,0.0,0.0,576,CORP,0.0,0.0,10.0,,1.577,,,32.89,BLM DESARROLLOS SA,30718221516,,True
0.0,LMS6X,0.0,139700.0,0.0,0.0,0.0,,0,0.0,-1,,,2028-04-27,139700.0,1,0.0,0.0,ARS,0.0,0.0,BYMA,0.0,0.0,0.0,576,CORP,0.0,0.0,0.0,,1.577,,,32.89,BLM DESARROLLOS SA,30718221516,,True
0.0,LMS6X,0.0,139402.0,0.0,0.0,0.0,,0,0.0,-1,,,2028-04-27,139402.0,2,0.0,0.0,ARS,0.0,0.0,BYMA,0.0,0.0,0.0,576,CORP,0.0,0.0,0.0,,1.577,,,32.89,BLM DESARROLLOS SA,30718221516,,True
0.0,LMS6Y,0.0,51.33,0.0,0.0,0.0,,0,0.0,-1,,,2028-04-27,51.33,1,0.0,0.0,USD,0.0,0.0,BYMA,0.0,0.0,0.0,576,CORP,0.0,0.0,0.0,,1.577,,,32.89,BLM DESARROLLOS SA,30718221516,,True
0.0,LMS6Z,0.0,50.0,0.0,0.0,0.0,,0,0.0,-1,,,2028-04-27,50.0,1,0.0,0.0,EXT,0.0,0.0,BYMA,0.0,0.0,0.0,576,CORP,0.0,0.0,0.0,,1.577,,,32.89,BLM DESARROLLOS SA,30718221516,,True
0.0,LMS6Z,0.0,73.508,0.0,0.0,0.0,,0,0.0,-1,,,2028-04-27,73.508,2,0.0,0.0,EXT,0.0,0.0,BYMA,0.0,0.0,0.0,576,CORP,0.0,0.0,0.0,,1.577,,,32.89,BLM DESARROLLOS SA,30718221516,,True
0.0,CS52X,0.0,153398.4,0.0,0.0,0.0,,0,0.0,-1,,,2028-04-30,153398.4,1,0.0,0.0,ARS,0.0,0.0,BYMA,0.0,0.0,0.0,579,CORP,0.0,0.0,0.0,,1.5852,,,32.89,Cresud S.A.C.I.F. y A.,30509300700,Agro - Real Estate,True
0.0,CS52Z,0.0,96.5,0.0,0.0,0.0,,0,0.0,-1,,,2028-04-30,96.5,1,0.0,0.0,EXT,0.0,0.0,BYMA,0.0,0.0,0.0,579,CORP,0.0,0.0,0.0,,1.5852,,,32.89,Cresud S.A.C.I.F. y A.,30509300700,Agro - Real Estate,True
0.0,PLC3C,0.0,90.1575,0.0,0.0,0.0,,0,0.0,-1,,,2028-04-30,90.1575,1,0.0,0.0,EXT,0.0,0.0,BYMA,0.0,0.0,0.0,579,CORP,0.0,0.0,0.0,,1.5852,,,32.89,Pluspetrol S.A.,30678224010,Energía - Petróleo y Gas,True
0.0,PLC3Y,0.0,103.1,0.0,0.0,0.0,,0,0.0,-1,,,2028-04-30,103.1,2,0.0,0.0,USD,0.0,0.0,BYMA,0.0,0.0,0.0,579,CORP,0.0,0.0,0.0,,1.5852,,,32.89,Pluspetrol S.A.,30678224010,Energía - Petróleo y Gas,True
0.0,BF44D,0.0,101.5,0.0,0.0,0.0,,0,0.0,-1,,,2028-05-08,101.5,1,0.0,0.0,USD,0.0,0.0,BYMA,0.0,0.0,0.0,587,CORP,0.0,0.0,0.0,,1.6071,,,32.89,BANCO BBVA ARGENTINA S.A.,30500003193,,True
0.0,BF44D,0.0,99.8,103.95,0.0,0.0,,0,0.0,-1,,,2028-05-08,99.8,2,5525.0,0.0,USD,0.0,0.0,BYMA,0.0,0.0,0.0,587,CORP,0.0,0.0,0.0,,1.6071,,,32.89,BANCO BBVA ARGENTINA S.A.,30500003193,,True
0.0,BF44O,0.0,154000.0,0.0,0.0,0.0,,0,0.0,-1,,,2028-05-08,154000.0,1,0.0,0.0,ARS,0.0,0.0,BYMA,0.0,0.0,0.0,587,CORP,0.0,0.0,0.0,,1.6071,,,32.89,BANCO BBVA ARGENTINA S.A.,30500003193,,True
0.0,BF44O,0.0,160400.0,160390.0,0.0,0.0,,0,0.0,-1,,,2028-05-08,160400.0,2,2400.0,0.0,ARS,0.0,0.0,BYMA,0.0,0.0,0.0,587,CORP,0.0,0.0,0.0,,1.6071,,,32.89,BANCO BBVA ARGENTINA S.A.,30500003193,,True
0.0,BF44X,0.0,142723.5,0.0,0.0,0.0,,0,0.0,-1,,,2028-05-08,142723.5,1,0.0,0.0,ARS,0.0,0.0,BYMA,0.0,0.0,0.0,587,CORP,0.0,0.0,0.0,,1.6071,,,32.89,BANCO BBVA ARGENTINA S.A.,30500003193,,True
0.0,BF44Z,0.0,96.5,0.0,0.0,0.0,,0,0.0,-1,,,2028-05-08,96.5,1,0.0,0.0,EXT,0.0,0.0,BYMA,0.0,0.0,0.0,587,CORP,0.0,0.0,0.0,,1.6071,,,32.89,BANCO BBVA ARGENTINA S.A.,30500003193,,True
0.0,CICAC,0.0,102.2,102.0,0.0,0.0,,0,0.0,-1,,,2028-06-03,102.2,2,4967.0,0.0,EXT,0.0,0.0,BYMA,0.0,0.0,0.0,613,CORP,0.0,0.0,0.0,,1.6783,,,32.89,CNH INDUSTRIAL CAPITAL ARGENTINA S.A.,30714322938,,True
0.0,PZCGD,0.0,99.75,0.0,0.0,0.0,,0,0.0,-1,,,2028-06-04,99.75,1,0.0,0.0,USD,96.6,0.0,BYMA,0.0,0.0,0.0,614,CORP,0.0,0.0,419.0,,1.681,,,32.89,Plaza Logística S.R.L.,30655942382,Logística - Real Estate,True
0.0,PZCGO,0.0,148100.0,0.0,0.0,0.0,,0,0.0,-1,,,2028-06-04,148100.0,1,0.0,0.0,ARS,148770.0,0.0,BYMA,0.0,0.0,0.0,614,CORP,0.0,0.0,419.0,,1.681,,,32.89,Plaza Logística S.R.L.,30655942382,Logística - Real Estate,True
0.0,AFCPO,0.0,153000.0,0.0,0.0,0.0,,0,0.0,-1,,,2028-06-05,153000.0,2,0.0,0.0,ARS,0.0,0.0,BYMA,0.0,0.0,0.0,615,CORP,0.0,0.0,0.0,,1.6838,,,32.89,Banco Comafi S.A.,30604731018,Financiero - Bancos,True
0.0,BYY2D,0.0,100.2,0.0,0.0,0.0,,0,0.0,-1,,,2028-06-05,100.2,1,0.0,0.0,USD,0.0,0.0,BYMA,0.0,0.0,0.0,615,CORP,0.0,0.0,0.0,,1.6838,,,32.89,[BYY],,Sin mapear,False
0.0,BYY2D,0.0,100.0,104.3,0.0,0.0,,0,0.0,-1,,,2028-06-05,100.0,2,1000.0,0.0,USD,0.0,0.0,BYMA,0.0,0.0,0.0,615,CORP,0.0,0.0,0.0,,1.6838,,,32.89,[BYY],,Sin mapear,False
0.0,BYY2O,0.0,151910.0,0.0,0.0,0.0,,0,0.0,-1,,,2028-06-05,151910.0,2,0.0,0.0,ARS,0.0,0.0,BYMA,0.0,0.0,0.0,615,CORP,0.0,0.0,0.0,,1.6838,,,32.89,[BYY],,Sin mapear,False
0.0,OLC2D,0.0,77.777,0.0,0.0,0.0,,0,0.0,-1,,,2028-06-09,77.777,1,0.0,0.0,USD,0.0,0.0,BYMA,0.0,0.0,0.0,619,CORP,0.0,0.0,0.0,,1.6947,,,32.89,OLEODUCTOS DEL VALLE S.A.,30658840165,,True
0.0,OLC2O,0.0,103826.7593,0.0,0.0,0.0,,0,0.0,-1,,,2028-06-09,103826.7593,1,0.0,0.0,ARS,0.0,0.0,BYMA,0.0,0.0,0.0,619,CORP,0.0,0.0,0.0,,1.6947,,,32.89,OLEODUCTOS DEL VALLE S.A.,30658840165,,True
0.0,OLC2O,0.0,142872.2115,0.0,0.0,0.0,,0,0.0,-1,,,2028-06-09,142872.2115,2,0.0,0.0,ARS,0.0,0.0,BYMA,0.0,0.0,0.0,619,CORP,0.0,0.0,0.0,,1.6947,,,32.89,OLEODUCTOS DEL VALLE S.A.,30658840165,,True
0.0,OLC2X,0.0,90500.0,0.0,0.0,0.0,,0,0.0,-1,,,2028-06-09,90500.0,1,0.0,0.0,ARS,0.0,0.0,BYMA,0.0,0.0,0.0,619,CORP,0.0,0.0,0.0,,1.6947,,,32.89,OLEODUCTOS DEL VALLE S.A.,30658840165,,True
0.0,OLC2X,0.0,122800.0,0.0,0.0,0.0,,0,0.0,-1,,,2028-06-09,122800.0,2,0.0,0.0,ARS,0.0,0.0,BYMA,0.0,0.0,0.0,619,CORP,0.0,0.0,0.0,,1.6947,,,32.89,OLEODUCTOS DEL VALLE S.A.,30658840165,,True
0.0,OLC5C,0.0,97.784,0.0,0.0,0.0,,0,0.0,-1,,,2028-06-12,97.784,1,0.0,0.0,EXT,0.0,0.0,BYMA,0.0,0.0,0.0,622,CORP,0.0,0.0,0.0,,1.7029,,,32.89,OLEODUCTOS DEL VALLE S.A.,30658840165,,True
0.0,OLC5X,0.0,154191.25,0.0,0.0,0.0,,0,0.0,-1,,,2028-06-12,154191.25,2,0.0,0.0,ARS,0.0,0.0,BYMA,0.0,0.0,0.0,622,CORP,0.0,0.0,0.0,,1.7029,,,32.89,OLEODUCTOS DEL VALLE S.A.,30658840165,,True
0.0,OLC5Y,0.0,104.2,0.0,0.0,0.0,,0,0.0,-1,,,2028-06-12,104.2,1,0.0,0.0,USD,0.0,0.0,BYMA,0.0,0.0,0.0,622,CORP,0.0,0.0,0.0,,1.7029,,,32.89,OLEODUCTOS DEL VALLE S.A.,30658840165,,True
0.0,OLC5Y,0.0,102.5,0.0,0.0,0.0,,0,0.0,-1,,,2028-06-12,102.5,2,0.0,0.0,USD,0.0,0.0,BYMA,0.0,0.0,0.0,622,CORP,0.0,0.0,0.0,,1.7029,,,32.89,OLEODUCTOS DEL VALLE S.A.,30658840165,,True
0.0,CACBC,0.0,96.2527,0.0,0.0,0.0,,0,0.0,-1,,,2028-06-17,96.2527,2,0.0,0.0,EXT,0.0,0.0,BYMA,0.0,0.0,0.0,627,CORP,0.0,0.0,0.0,,1.7166,,,32.89,Capex S.A.,30629827060,Energía - Electricidad,True
0.0,CACBY,0.0,103.1,0.0,0.0,0.0,,0,0.0,-1,,,2028-06-17,103.1,1,0.0,0.0,USD,0.0,0.0,BYMA,0.0,0.0,0.0,627,CORP,0.0,0.0,0.0,,1.7166,,,32.89,Capex S.A.,30629827060,Energía - Electricidad,True
0.0,CACBY,0.0,102.0,0.0,0.0,0.0,,0,0.0,-1,,,2028-06-17,102.0,2,0.0,0.0,USD,0.0,0.0,BYMA,0.0,0.0,0.0,627,CORP,0.0,0.0,0.0,,1.7166,,,32.89,Capex S.A.,30629827060,Energía - Electricidad,True
0.0,IRCFC,0.0,49.0,0.0,0.0,0.0,,0,0.0,-1,,,2028-06-22,49.0,1,0.0,0.0,EXT,0.0,0.0,BYMA,0.0,0.0,0.0,632,CORP,0.0,0.0,0.0,,1.7303,,,32.89,IRSA Inversiones y Representaciones S.A.,30524688673,Real Estate,True
0.0,IRCFX,0.0,102413.85,0.0,0.0,0.0,,0,0.0,-1,,,2028-06-22,102413.85,1,0.0,0.0,ARS,0.0,0.0,BYMA,0.0,0.0,0.0,632,CORP,0.0,0.0,0.0,,1.7303,,,32.89,IRSA Inversiones y Representaciones S.A.,30524688673,Real Estate,True
0.0,IRCFX,0.0,116000.0,0.0,0.0,0.0,,0,0.0,-1,,,2028-06-22,116000.0,2,0.0,0.0,ARS,0.0,0.0,BYMA,0.0,0.0,0.0,632,CORP,0.0,0.0,0.0,,1.7303,,,32.89,IRSA Inversiones y Representaciones S.A.,30524688673,Real Estate,True
0.0,IRCFY,0.0,88.42,0.0,0.0,0.0,,0,0.0,-1,,,2028-06-22,88.42,1,0.0,0.0,USD,0.0,0.0,BYMA,0.0,0.0,0.0,632,CORP,0.0,0.0,0.0,,1.7303,,,32.89,IRSA Inversiones y Representaciones S.A.,30524688673,Real Estate,True
0.0,IRCFZ,0.0,88.67,0.0,0.0,0.0,,0,0.0,-1,,,2028-06-22,88.67,1,0.0,0.0,EXT,0.0,0.0,BYMA,0.0,0.0,0.0,632,CORP,0.0,0.0,0.0,,1.7303,,,32.89,IRSA Inversiones y Representaciones S.A.,30524688673,Real Estate,True
0.0,IRCFZ,0.0,89.025,0.0,0.0,0.0,,0,0.0,-1,,,2028-06-22,89.025,2,0.0,0.0,EXT,0.0,0.0,BYMA,0.0,0.0,0.0,632,CORP,0.0,0.0,0.0,,1.7303,,,32.89,IRSA Inversiones y Representaciones S.A.,30524688673,Real Estate,True
0.0,MTC2C,0.0,96.9263,0.0,0.0,0.0,,0,0.0,-1,,,2028-06-22,96.9263,2,0.0,0.0,EXT,0.0,0.0,BYMA,0.0,0.0,0.0,632,CORP,0.0,0.0,0.0,,1.7303,,,32.89,Mastellone Hermanos S.A.,30547242331,Alimentos - Lácteos,True
0.0,MTC2Y,0.0,101.7,0.0,0.0,0.0,,0,0.0,-1,,,2028-06-22,101.7,2,0.0,0.0,USD,0.0,0.0,BYMA,0.0,0.0,0.0,632,CORP,0.0,0.0,0.0,,1.7303,,,32.89,Mastellone Hermanos S.A.,30547242331,Alimentos - Lácteos,True
0.0,JNC7C,0.0,97.65,0.0,0.0,0.0,,0,0.0,-1,,,2028-06-25,97.65,1,0.0,0.0,EXT,0.0,0.0,BYMA,0.0,0.0,0.0,635,CORP,0.0,0.0,0.0,,1.7385,,,32.89,[JNC],,Sin mapear,False
0.0,JNC7C,0.0,97.3,0.0,0.0,0.0,,0,0.0,-1,,,2028-06-25,97.3,2,0.0,0.0,EXT,0.0,0.0,BYMA,0.0,0.0,0.0,635,CORP,0.0,0.0,0.0,,1.7385,,,32.89,[JNC],,Sin mapear,False
0.0,JNC7D,0.0,100.0,0.0,0.0,0.0,,0,0.0,-1,,,2028-06-25,100.0,1,0.0,0.0,USD,0.0,0.0,BYMA,0.0,0.0,0.0,635,CORP,0.0,0.0,0.0,,1.7385,,,32.89,[JNC],,Sin mapear,False
0.0,JNC7O,0.0,152600.0,0.0,0.0,0.0,,0,0.0,-1,,,2028-06-25,152600.0,1,0.0,0.0,ARS,0.0,0.0,BYMA,0.0,0.0,0.0,635,CORP,0.0,0.0,0.0,,1.7385,,,32.89,[JNC],,Sin mapear,False
0.0,JNC7O,0.0,157280.0,0.0,0.0,0.0,,0,0.0,-1,,,2028-06-25,157280.0,2,0.0,0.0,ARS,0.0,0.0,BYMA,0.0,0.0,0.0,635,CORP,0.0,0.0,0.0,,1.7385,,,32.89,[JNC],,Sin mapear,False
0.0,JNC7Y,0.0,100.85,0.0,0.0,0.0,,0,0.0,-1,,,2028-06-25,100.85,2,0.0,0.0,USD,0.0,0.0,BYMA,0.0,0.0,0.0,635,CORP,0.0,0.0,0.0,,1.7385,,,32.89,[JNC],,Sin mapear,False
0.0,DEC4O,0.0,154630.0,157880.0,0.0,0.0,,0,0.0,-1,,,2028-07-03,154630.0,1,30000.0,0.0,ARS,0.0,0.0,BYMA,0.0,0.0,0.0,643,CORP,0.0,0.0,0.0,,1.7604,,,32.89,Empresa Distrib. de Electricidad Salta S.A.,30690633635,Energía - Electricidad,True
0.0,HVS1D,0.0,102.6,0.0,0.0,0.0,,0,0.0,-1,,,2028-07-08,102.6,1,0.0,0.0,USD,0.0,0.0,BYMA,0.0,0.0,0.0,648,CORP,0.0,0.0,0.0,,1.7741,,,32.89,[HVS],,Sin mapear,False
0.0,HVS1O,0.0,160000.0,165000.0,0.0,0.0,,0,0.0,-1,,,2028-07-08,160000.0,1,720.0,0.0,ARS,0.0,0.0,BYMA,0.0,0.0,0.0,648,CORP,0.0,0.0,0.0,,1.7741,,,32.89,[HVS],,Sin mapear,False
0.0,HVS1Y,0.0,105.0,0.0,0.0,0.0,,0,0.0,-1,,,2028-07-08,105.0,2,0.0,0.0,USD,0.0,0.0,BYMA,0.0,0.0,0.0,648,CORP,0.0,0.0,0.0,,1.7741,,,32.89,[HVS],,Sin mapear,False
0.0,VSCQC,0.0,70.8955,0.0,0.0,0.0,,0,0.0,-1,,,2028-07-08,70.8955,1,0.0,0.0,EXT,0.0,0.0,BYMA,0.0,0.0,0.0,648,CORP,0.0,0.0,0.0,,1.7741,,,32.89,Vista Oil & Gas Argentina S.A.U.,33515950899,Energía - Petróleo y Gas,True
0.0,VSCQC,0.0,91.8,0.0,0.0,0.0,,0,0.0,-1,,,2028-07-08,91.8,2,0.0,0.0,EXT,0.0,0.0,BYMA,0.0,0.0,0.0,648,CORP,0.0,0.0,0.0,,1.7741,,,32.89,Vista Oil & Gas Argentina S.A.U.,33515950899,Energía - Petróleo y Gas,True
0.0,VSCQD,0.0,87.4795,0.0,0.0,0.0,,0,0.0,-1,,,2028-07-08,87.4795,1,0.0,0.0,USD,89.51,0.0,BYMA,0.0,0.0,0.0,648,CORP,0.0,0.0,350.0,,1.7741,,,32.89,Vista Oil & Gas Argentina S.A.U.,33515950899,Energía - Petróleo y Gas,True
0.0,VSCQO,0.0,142000.0,0.0,0.0,0.0,,0,0.0,-1,,,2028-07-08,142000.0,1,0.0,0.0,ARS,143510.0,0.0,BYMA,0.0,0.0,0.0,648,CORP,0.0,0.0,350.0,,1.7741,,,32.89,Vista Oil & Gas Argentina S.A.U.,33515950899,Energía - Petróleo y Gas,True
0.0,VSCQX,0.0,148377.0,0.0,0.0,0.0,,0,0.0,-1,,,2028-07-08,148377.0,2,0.0,0.0,ARS,0.0,0.0,BYMA,0.0,0.0,0.0,648,CORP,0.0,0.0,0.0,,1.7741,,,32.89,Vista Oil & Gas Argentina S.A.U.,33515950899,Energía - Petróleo y Gas,True
0.0,VSCQZ,0.0,89.0,0.0,0.0,0.0,,0,0.0,-1,,,2028-07-08,89.0,1,0.0,0.0,EXT,0.0,0.0,BYMA,0.0,0.0,0.0,648,CORP,0.0,0.0,0.0,,1.7741,,,32.89,Vista Oil & Gas Argentina S.A.U.,33515950899,Energía - Petróleo y Gas,True
0.0,VSCQZ,0.0,83.0,0.0,0.0,0.0,,0,0.0,-1,,,2028-07-08,83.0,2,0.0,0.0,EXT,0.0,0.0,BYMA,0.0,0.0,0.0,648,CORP,0.0,0.0,0.0,,1.7741,,,32.89,Vista Oil & Gas Argentina S.A.U.,33515950899,Energía - Petróleo y Gas,True
0.0,CS48C,0.0,100.6,0.0,0.0,0.0,,0,0.0,-1,,,2028-07-11,100.6,1,0.0,0.0,EXT,0.0,0.0,BYMA,0.0,0.0,0.0,651,CORP,0.0,0.0,0.0,,1.7823,,,32.89,Cresud S.A.C.I.F. y A.,30509300700,Agro - Real Estate,True
0.0,CS48Y,0.0,101.2,0.0,0.0,0.0,,0,0.0,-1,,,2028-07-11,101.2,2,0.0,0.0,USD,0.0,0.0,BYMA,0.0,0.0,0.0,651,CORP,0.0,0.0,0.0,,1.7823,,,32.89,Cresud S.A.C.I.F. y A.,30509300700,Agro - Real Estate,True
0.0,GN39X,0.0,27800.0,0.0,0.0,0.0,,0,0.0,-1,,,2028-07-14,27800.0,1,0.0,0.0,ARS,0.0,0.0,BYMA,0.0,0.0,0.0,654,CORP,0.0,0.0,0.0,,1.7906,,,32.89,Genneia S.A.,30665234114,Energía - Renovable,True
0.0,GN39X,0.0,144387.0,0.0,0.0,0.0,,0,0.0,-1,,,2028-07-14,144387.0,2,0.0,0.0,ARS,0.0,0.0,BYMA,0.0,0.0,0.0,654,CORP,0.0,0.0,0.0,,1.7906,,,32.89,Genneia S.A.,30665234114,Energía - Renovable,True
0.0,FO4AC,0.0,93.4144,0.0,0.0,0.0,,0,0.0,-1,,,2028-07-20,93.4144,1,0.0,0.0,EXT,0.0,0.0,BYMA,0.0,0.0,0.0,660,CORP,0.0,0.0,0.0,,1.807,,,32.89,[FO4],,Sin mapear,False
0.0,FO4AD,0.0,102.5,105.5,0.0,0.0,,0,0.0,-1,,,2028-07-20,102.5,1,2000.0,0.0,USD,0.0,0.0,BYMA,0.0,0.0,0.0,660,CORP,0.0,0.0,0.0,,1.807,,,32.89,[FO4],,Sin mapear,False
0.0,FO4AO,0.0,146300.0795,0.0,0.0,0.0,,0,0.0,-1,,,2028-07-20,146300.0795,1,0.0,0.0,ARS,0.0,0.0,BYMA,0.0,0.0,0.0,660,CORP,0.0,0.0,0.0,,1.807,,,32.89,[FO4],,Sin mapear,False
0.0,FO4AY,0.0,104.0,0.0,0.0,0.0,,0,0.0,-1,,,2028-07-20,104.0,1,0.0,0.0,USD,0.0,0.0,BYMA,0.0,0.0,0.0,660,CORP,0.0,0.0,0.0,,1.807,,,32.89,[FO4],,Sin mapear,False
0.0,FO4AY,0.0,104.004,0.0,0.0,0.0,,0,0.0,-1,,,2028-07-20,104.004,2,0.0,0.0,USD,0.0,0.0,BYMA,0.0,0.0,0.0,660,CORP,0.0,0.0,0.0,,1.807,,,32.89,[FO4],,Sin mapear,False
0.0,PQCTC,0.0,99.72,0.0,0.0,0.0,,0,0.0,-1,,,2028-07-21,99.72,2,0.0,0.0,EXT,0.0,0.0,BYMA,0.0,0.0,0.0,661,CORP,0.0,0.0,0.0,,1.8097,,,32.89,Petroquímica Comodoro Rivadavia S.A.,30563598111,Industria - Petroquímica,True
0.0,PQCTD,0.0,101.5,0.0,0.0,0.0,,0,0.0,-1,,,2028-07-21,101.5,1,0.0,0.0,USD,103.0,0.0,BYMA,0.0,0.0,0.0,661,CORP,0.0,0.0,1941.0,,1.8097,,,32.89,Petroquímica Comodoro Rivadavia S.A.,30563598111,Industria - Petroquímica,True
0.0,PQCTO,0.0,156500.0,0.0,0.0,0.0,,0,0.0,-1,,,2028-07-21,156500.0,1,0.0,0.0,ARS,152590.0,0.0,BYMA,0.0,0.0,0.0,661,CORP,0.0,0.0,3000.0,,1.8097,,,32.89,Petroquímica Comodoro Rivadavia S.A.,30563598111,Industria - Petroquímica,True
0.0,PQCTO,0.0,157940.0,0.0,0.0,0.0,,0,0.0,-1,,,2028-07-21,157940.0,2,0.0,0.0,ARS,157900.0,0.0,BYMA,0.0,0.0,0.0,661,CORP,0.0,0.0,1000.0,,1.8097,,,32.89,Petroquímica Comodoro Rivadavia S.A.,30563598111,Industria - Petroquímica,True
0.0,PQCTX,0.0,150650.0,0.0,0.0,0.0,,0,0.0,-1,,,2028-07-21,150650.0,1,0.0,0.0,ARS,0.0,0.0,BYMA,0.0,0.0,0.0,661,CORP,0.0,0.0,0.0,,1.8097,,,32.89,Petroquímica Comodoro Rivadavia S.A.,30563598111,Industria - Petroquímica,True
0.0,PQCTX,0.0,153933.696,0.0,0.0,0.0,,0,0.0,-1,,,2028-07-21,153933.696,2,0.0,0.0,ARS,0.0,0.0,BYMA,0.0,0.0,0.0,661,CORP,0.0,0.0,0.0,,1.8097,,,32.89,Petroquímica Comodoro Rivadavia S.A.,30563598111,Industria - Petroquímica,True
0.0,PQCTY,0.0,100.0,0.0,0.0,0.0,,0,0.0,-1,,,2028-07-21,100.0,1,0.0,0.0,USD,0.0,0.0,BYMA,0.0,0.0,0.0,661,CORP,0.0,0.0,0.0,,1.8097,,,32.89,Petroquímica Comodoro Rivadavia S.A.,30563598111,Industria - Petroquímica,True
0.0,PQCTY,0.0,100.3,0.0,0.0,0.0,,0,0.0,-1,,,2028-07-21,100.3,2,0.0,0.0,USD,0.0,0.0,BYMA,0.0,0.0,0.0,661,CORP,0.0,0.0,0.0,,1.8097,,,32.89,Petroquímica Comodoro Rivadavia S.A.,30563598111,Industria - Petroquímica,True
0.0,PQCTZ,0.0,98.172,0.0,0.0,0.0,,0,0.0,-1,,,2028-07-21,98.172,2,0.0,0.0,EXT,0.0,0.0,BYMA,0.0,0.0,0.0,661,CORP,0.0,0.0,0.0,,1.8097,,,32.89,Petroquímica Comodoro Rivadavia S.A.,30563598111,Industria - Petroquímica,True
0.0,BF50D,0.0,101.0,0.0,0.0,0.0,,0,0.0,-1,,,2028-07-24,101.0,1,0.0,0.0,USD,0.0,0.0,BYMA,0.0,0.0,0.0,664,CORP,0.0,0.0,0.0,,1.8179,,,32.89,BANCO BBVA ARGENTINA S.A.,30500003193,,True
0.0,BF50D,0.0,99.0,101.0,0.0,0.0,,0,0.0,-1,,,2028-07-24,99.0,2,1463.0,0.0,USD,0.0,0.0,BYMA,0.0,0.0,0.0,664,CORP,0.0,0.0,0.0,,1.8179,,,32.89,BANCO BBVA ARGENTINA S.A.,30500003193,,True
0.0,BF50O,0.0,155000.0,165000.0,0.0,0.0,,0,0.0,-1,,,2028-07-24,155000.0,2,4000.0,0.0,ARS,0.0,0.0,BYMA,0.0,0.0,0.0,664,CORP,0.0,0.0,0.0,,1.8179,,,32.89,BANCO BBVA ARGENTINA S.A.,30500003193,,True
0.0,LR8AO,0.0,100.7,0.0,0.0,0.0,,0,0.0,-1,,,2028-07-31,100.7,2,0.0,0.0,ARS,0.0,0.0,BYMA,0.0,0.0,0.0,671,CORP,0.0,0.0,0.0,,1.8371,,,32.89,LABORATORIOS RICHMOND S.A.C.I.F.,30501152826,,True
0.0,LR8AX,0.0,102.65,0.0,0.0,0.0,,0,0.0,-1,,,2028-07-31,102.65,2,0.0,0.0,ARS,0.0,0.0,BYMA,0.0,0.0,0.0,671,CORP,0.0,0.0,0.0,,1.8371,,,32.89,LABORATORIOS RICHMOND S.A.C.I.F.,30501152826,,True
0.0,LR8BD,0.0,96.0,0.0,0.0,0.0,,0,0.0,-1,,,2028-07-31,96.0,1,0.0,0.0,USD,96.01,0.0,BYMA,0.0,0.0,0.0,671,CORP,0.0,0.0,200.0,,1.8371,,,32.89,LABORATORIOS RICHMOND S.A.C.I.F.,30501152826,,True
0.0,LR8CO,0.0,153400.0,0.0,0.0,0.0,,0,0.0,-1,,,2028-07-31,153400.0,2,0.0,0.0,ARS,120000.0,0.0,BYMA,0.0,0.0,0.0,671,CORP,0.0,0.0,500.0,,1.8371,,,32.89,LABORATORIOS RICHMOND S.A.C.I.F.,30501152826,,True
0.0,DNC5C,0.0,102.85,0.0,0.0,0.0,,0,0.0,-1,,,2028-08-05,102.85,1,0.0,0.0,EXT,0.0,0.0,BYMA,0.0,0.0,0.0,676,CORP,0.0,0.0,0.0,,1.8508,,,32.89,EDENOR S.A.,30655116202,,True
0.0,DNC5X,0.0,159371.193,0.0,0.0,0.0,,0,0.0,-1,,,2028-08-05,159371.193,1,0.0,0.0,ARS,0.0,0.0,BYMA,0.0,0.0,0.0,676,CORP,0.0,0.0,0.0,,1.8508,,,32.89,EDENOR S.A.,30655116202,,True
0.0,DNC5X,0.0,163586.23,0.0,0.0,0.0,,0,0.0,-1,,,2028-08-05,163586.23,2,0.0,0.0,ARS,0.0,0.0,BYMA,0.0,0.0,0.0,676,CORP,0.0,0.0,0.0,,1.8508,,,32.89,EDENOR S.A.,30655116202,,True
0.0,DNC5Y,0.0,103.5,0.0,0.0,0.0,,0,0.0,-1,,,2028-08-05,103.5,1,0.0,0.0,USD,0.0,0.0,BYMA,0.0,0.0,0.0,676,CORP,0.0,0.0,0.0,,1.8508,,,32.89,EDENOR S.A.,30655116202,,True
0.0,AEC3X,0.0,156652.0,0.0,0.0,0.0,,0,0.0,-1,,,2028-08-06,156652.0,2,0.0,0.0,ARS,0.0,0.0,BYMA,0.0,0.0,0.0,677,CORP,0.0,0.0,0.0,,1.8535,,,32.89,[AEC],,Sin mapear,False
0.0,MGCQC,0.0,106.0,105.0,0.0,0.0,,0,0.0,-1,,,2028-08-06,106.0,1,1000.0,0.0,EXT,0.0,0.0,BYMA,0.0,0.0,0.0,677,CORP,0.0,0.0,0.0,,1.8535,,,32.89,Pampa Energía S.A.,30526552659,Energía - Electricidad,True
0.0,MGCQX,0.0,165910.5,0.0,0.0,0.0,,0,0.0,-1,,,2028-08-06,165910.5,2,0.0,0.0,ARS,0.0,0.0,BYMA,0.0,0.0,0.0,677,CORP,0.0,0.0,0.0,,1.8535,,,32.89,Pampa Energía S.A.,30526552659,Energía - Electricidad,True
0.0,MGCQY,0.0,100.1,0.0,0.0,0.0,,0,0.0,-1,,,2028-08-06,100.1,1,0.0,0.0,USD,0.0,0.0,BYMA,0.0,0.0,0.0,677,CORP,0.0,0.0,0.0,,1.8535,,,32.89,Pampa Energía S.A.,30526552659,Energía - Electricidad,True
0.0,MGCQY,0.0,100.6,0.0,0.0,0.0,,0,0.0,-1,,,2028-08-06,100.6,2,0.0,0.0,USD,0.0,0.0,BYMA,0.0,0.0,0.0,677,CORP,0.0,0.0,0.0,,1.8535,,,32.89,Pampa Energía S.A.,30526552659,Energía - Electricidad,True
0.0,MGCQZ,0.0,100.0,0.0,0.0,0.0,,0,0.0,-1,,,2028-08-06,100.0,1,0.0,0.0,EXT,0.0,0.0,BYMA,0.0,0.0,0.0,677,CORP,0.0,0.0,0.0,,1.8535,,,32.89,Pampa Energía S.A.,30526552659,Energía - Electricidad,True
0.0,MGCQZ,0.0,103.5,0.0,0.0,0.0,,0,0.0,-1,,,2028-08-06,103.5,2,0.0,0.0,EXT,0.0,0.0,BYMA,0.0,0.0,0.0,677,CORP,0.0,0.0,0.0,,1.8535,,,32.89,Pampa Energía S.A.,30526552659,Energía - Electricidad,True
0.0,BPCWD,0.0,100.1,0.0,0.0,0.0,,0,0.0,-1,,,2028-08-07,100.1,1,0.0,0.0,USD,0.0,0.0,BYMA,0.0,0.0,0.0,678,CORP,0.0,0.0,0.0,,1.8563,,,32.89,Banco Supervielle S.A.,33500005179,Financiero - Bancos,True
0.0,BPCWD,0.0,0.0,101.4,0.0,0.0,,0,0.0,-1,,,2028-08-07,0.0,2,1500.0,0.0,USD,0.0,0.0,BYMA,0.0,0.0,0.0,678,CORP,0.0,0.0,0.0,,1.8563,,,32.89,Banco Supervielle S.A.,33500005179,Financiero - Bancos,True
0.0,BPCWO,0.0,152500.0,0.0,0.0,0.0,,0,0.0,-1,,,2028-08-07,152500.0,1,0.0,0.0,ARS,0.0,0.0,BYMA,0.0,0.0,0.0,678,CORP,0.0,0.0,0.0,,1.8563,,,32.89,Banco Supervielle S.A.,33500005179,Financiero - Bancos,True
0.0,BPCWY,0.0,100.07,0.0,0.0,0.0,,0,0.0,-1,,,2028-08-07,100.07,2,0.0,0.0,USD,0.0,0.0,BYMA,0.0,0.0,0.0,678,CORP,0.0,0.0,0.0,,1.8563,,,32.89,Banco Supervielle S.A.,33500005179,Financiero - Bancos,True
0.0,PNRCO,0.0,138422.7794,0.0,0.0,0.0,,0,0.0,-1,,,2028-08-07,138422.7794,1,0.0,0.0,ARS,0.0,0.0,BYMA,0.0,0.0,0.0,678,CORP,0.0,0.0,0.0,,1.8563,,,32.89,Pan American Energy LLC (PAE Sucursal),30714813583,Energía - Petróleo y Gas,True
0.0,PNRCX,0.0,147000.0,0.0,0.0,0.0,,0,0.0,-1,,,2028-08-07,147000.0,1,0.0,0.0,ARS,0.0,0.0,BYMA,0.0,0.0,0.0,678,CORP,0.0,0.0,0.0,,1.8563,,,32.89,Pan American Energy LLC (PAE Sucursal),30714813583,Energía - Petróleo y Gas,True
0.0,PNRCX,0.0,142108.0,0.0,0.0,0.0,,0,0.0,-1,,,2028-08-07,142108.0,2,0.0,0.0,ARS,0.0,0.0,BYMA,0.0,0.0,0.0,678,CORP,0.0,0.0,0.0,,1.8563,,,32.89,Pan American Energy LLC (PAE Sucursal),30714813583,Energía - Petróleo y Gas,True
0.0,PNRCZ,0.0,47.68,0.0,0.0,0.0,,0,0.0,-1,,,2028-08-07,47.68,2,0.0,0.0,EXT,0.0,0.0,BYMA,0.0,0.0,0.0,678,CORP,0.0,0.0,0.0,,1.8563,,,32.89,Pan American Energy LLC (PAE Sucursal),30714813583,Energía - Petróleo y Gas,True
0.0,COC5O,0.0,206800.0,0.0,0.0,0.0,,0,0.0,-1,,,2028-08-10,206800.0,1,0.0,0.0,ARS,0.0,0.0,BYMA,0.0,0.0,0.0,681,CORP,0.0,0.0,0.0,,1.8645,,,32.89,[COC],,Sin mapear,False
0.0,VSCMO,0.0,144000.0,0.0,0.0,0.0,,0,0.0,-1,,,2028-08-11,144000.0,1,0.0,0.0,ARS,0.0,0.0,BYMA,0.0,0.0,0.0,682,CORP,0.0,0.0,0.0,,1.8672,,,32.89,Vista Oil & Gas Argentina S.A.U.,33515950899,Energía - Petróleo y Gas,True
0.0,VSCMO,0.0,141510.0,0.0,0.0,0.0,,0,0.0,-1,,,2028-08-11,141510.0,2,0.0,0.0,ARS,120000.0,0.0,BYMA,0.0,0.0,0.0,682,CORP,0.0,0.0,1500.0,,1.8672,,,32.89,Vista Oil & Gas Argentina S.A.U.,33515950899,Energía - Petróleo y Gas,True
0.0,VSCMX,0.0,28425.0,0.0,0.0,0.0,,0,0.0,-1,,,2028-08-11,28425.0,1,0.0,0.0,ARS,0.0,0.0,BYMA,0.0,0.0,0.0,682,CORP,0.0,0.0,0.0,,1.8672,,,32.89,Vista Oil & Gas Argentina S.A.U.,33515950899,Energía - Petróleo y Gas,True
0.0,VSCMX,0.0,126048.0,0.0,0.0,0.0,,0,0.0,-1,,,2028-08-11,126048.0,2,0.0,0.0,ARS,0.0,0.0,BYMA,0.0,0.0,0.0,682,CORP,0.0,0.0,0.0,,1.8672,,,32.89,Vista Oil & Gas Argentina S.A.U.,33515950899,Energía - Petróleo y Gas,True
0.0,CAC5C,0.0,34.9093,0.0,0.0,0.0,,0,0.0,-1,,,2028-08-25,34.9093,1,0.0,0.0,EXT,0.0,0.0,BYMA,0.0,0.0,0.0,696,CORP,0.0,0.0,0.0,,1.9055,,,32.89,Capex S.A.,30629827060,Energía - Electricidad,True
0.0,CAC5X,0.0,88600.0,0.0,0.0,0.0,,0,0.0,-1,,,2028-08-25,88600.0,1,0.0,0.0,ARS,0.0,0.0,BYMA,0.0,0.0,0.0,696,CORP,0.0,0.0,0.0,,1.9055,,,32.89,Capex S.A.,30629827060,Energía - Electricidad,True
0.0,CAC5X,0.0,112300.0,0.0,0.0,0.0,,0,0.0,-1,,,2028-08-25,112300.0,2,0.0,0.0,ARS,0.0,0.0,BYMA,0.0,0.0,0.0,696,CORP,0.0,0.0,0.0,,1.9055,,,32.89,Capex S.A.,30629827060,Energía - Electricidad,True
0.0,CAC5Y,0.0,104.0,0.0,0.0,0.0,,0,0.0,-1,,,2028-08-25,104.0,1,0.0,0.0,USD,0.0,0.0,BYMA,0.0,0.0,0.0,696,CORP,0.0,0.0,0.0,,1.9055,,,32.89,Capex S.A.,30629827060,Energía - Electricidad,True
0.0,CAC5Z,0.0,100.0,0.0,0.0,0.0,,0,0.0,-1,,,2028-08-25,100.0,1,0.0,0.0,EXT,0.0,0.0,BYMA,0.0,0.0,0.0,696,CORP,0.0,0.0,0.0,,1.9055,,,32.89,Capex S.A.,30629827060,Energía - Electricidad,True
0.0,AFCTD,0.0,0.0,100.0,0.0,0.0,,0,0.0,-1,,,2028-08-28,0.0,2,20000.0,0.0,USD,0.0,0.0,BYMA,0.0,0.0,0.0,699,CORP,0.0,0.0,0.0,,1.9138,,,32.89,Banco Comafi S.A.,30604731018,Financiero - Bancos,True
0.0,EOC2O,0.0,213000.0,0.0,0.0,0.0,,0,0.0,-1,,,2028-08-28,213000.0,2,0.0,0.0,ARS,213000.0,0.0,BYMA,0.0,0.0,0.0,699,CORP,0.0,0.0,57.0,,1.9138,,,32.89,[EOC],,Sin mapear,False
0.0,YM40C,0.0,97.4249,0.0,0.0,0.0,,0,0.0,-1,,,2028-08-28,97.4249,1,0.0,0.0,EXT,0.0,0.0,BYMA,0.0,0.0,0.0,699,CORP,0.0,0.0,0.0,,1.9138,,,32.89,YPF S.A.,30546689979,Energía - Petróleo y Gas,True
0.0,YM40X,0.0,146192.0,0.0,0.0,0.0,,0,0.0,-1,,,2028-08-28,146192.0,1,0.0,0.0,ARS,0.0,0.0,BYMA,0.0,0.0,0.0,699,CORP,0.0,0.0,0.0,,1.9138,,,32.89,YPF S.A.,30546689979,Energía - Petróleo y Gas,True
0.0,YM40Y,0.0,101.8,0.0,0.0,0.0,,0,0.0,-1,,,2028-08-28,101.8,1,0.0,0.0,USD,0.0,0.0,BYMA,0.0,0.0,0.0,699,CORP,0.0,0.0,0.0,,1.9138,,,32.89,YPF S.A.,30546689979,Energía - Petróleo y Gas,True
0.0,YM40Y,0.0,103.5,0.0,0.0,0.0,,0,0.0,-1,,,2028-08-28,103.5,2,0.0,0.0,USD,0.0,0.0,BYMA,0.0,0.0,0.0,699,CORP,0.0,0.0,0.0,,1.9138,,,32.89,YPF S.A.,30546689979,Energía - Petróleo y Gas,True
0.0,BY34D,0.0,99.0,0.0,0.0,0.0,,0,0.0,-1,,,2028-08-31,99.0,1,0.0,0.0,USD,0.0,0.0,BYMA,0.0,0.0,0.0,702,CORP,0.0,0.0,0.0,,1.922,,,32.89,[BY3],,Sin mapear,False
0.0,YMCRO,0.0,143000.0,0.0,0.0,0.0,,0,0.0,-1,,,2028-09-12,143000.0,1,0.0,0.0,ARS,0.0,0.0,BYMA,0.0,0.0,0.0,714,CORP,0.0,0.0,0.0,,1.9548,,,32.89,YPF S.A.,30546689979,Energía - Petróleo y Gas,True
0.0,YMCRX,0.0,39768.313,0.0,0.0,0.0,,0,0.0,-1,,,2028-09-12,39768.313,2,0.0,0.0,ARS,0.0,0.0,BYMA,0.0,0.0,0.0,714,CORP,0.0,0.0,0.0,,1.9548,,,32.89,YPF S.A.,30546689979,Energía - Petróleo y Gas,True
0.0,BGC6D,0.0,100.0,0.0,0.0,0.0,,0,0.0,-1,,,2028-09-25,100.0,1,0.0,0.0,USD,0.0,0.0,BYMA,0.0,0.0,0.0,727,CORP,0.0,0.0,0.0,,1.9904,,,32.89,[BGC],,Sin mapear,False
0.0,DKC1D,0.0,100.0,0.0,0.0,0.0,,0,0.0,-1,,,2028-09-28,100.0,1,0.0,0.0,USD,0.0,0.0,BYMA,0.0,0.0,0.0,730,CORP,0.0,0.0,0.0,,1.9986,,,32.89,[DKC],,Sin mapear,False
0.0,MGCNX,0.0,123210.72,0.0,0.0,0.0,,0,0.0,-1,,,2028-10-04,123210.72,2,0.0,0.0,ARS,0.0,0.0,BYMA,0.0,0.0,0.0,736,CORP,0.0,0.0,0.0,,2.0151,,,32.89,Pampa Energía S.A.,30526552659,Energía - Electricidad,True
0.0,MGCNY,0.0,99.7,0.0,0.0,0.0,,0,0.0,-1,,,2028-10-04,99.7,1,0.0,0.0,USD,0.0,0.0,BYMA,0.0,0.0,0.0,736,CORP,0.0,0.0,0.0,,2.0151,,,32.89,Pampa Energía S.A.,30526552659,Energía - Electricidad,True
0.0,MGCNY,0.0,101.6,0.0,0.0,0.0,,0,0.0,-1,,,2028-10-04,101.6,2,0.0,0.0,USD,0.0,0.0,BYMA,0.0,0.0,0.0,736,CORP,0.0,0.0,0.0,,2.0151,,,32.89,Pampa Energía S.A.,30526552659,Energía - Electricidad,True
0.0,BYCHC,0.0,106.35,105.65,0.0,0.0,,0,0.0,-1,,,2028-10-10,106.35,1,30000.0,0.0,EXT,0.0,0.0,BYMA,0.0,0.0,0.0,742,CORP,0.0,0.0,0.0,,2.0315,,,32.89,Banco de Galicia y Buenos Aires S.A.,30500001735,Financiero - Bancos,True
0.0,BYCHX,0.0,119034.0,0.0,0.0,0.0,,0,0.0,-1,,,2028-10-10,119034.0,1,0.0,0.0,ARS,0.0,0.0,BYMA,0.0,0.0,0.0,742,CORP,0.0,0.0,0.0,,2.0315,,,32.89,Banco de Galicia y Buenos Aires S.A.,30500001735,Financiero - Bancos,True
0.0,BYCHX,0.0,162900.0,0.0,0.0,0.0,,0,0.0,-1,,,2028-10-10,162900.0,2,0.0,0.0,ARS,0.0,0.0,BYMA,0.0,0.0,0.0,742,CORP,0.0,0.0,0.0,,2.0315,,,32.89,Banco de Galicia y Buenos Aires S.A.,30500001735,Financiero - Bancos,True
0.0,BYCHY,0.0,103.6,0.0,0.0,0.0,,0,0.0,-1,,,2028-10-10,103.6,1,0.0,0.0,USD,0.0,0.0,BYMA,0.0,0.0,0.0,742,CORP,0.0,0.0,0.0,,2.0315,,,32.89,Banco de Galicia y Buenos Aires S.A.,30500001735,Financiero - Bancos,True
0.0,BYCHY,0.0,104.0,0.0,0.0,0.0,,0,0.0,-1,,,2028-10-10,104.0,2,0.0,0.0,USD,0.0,0.0,BYMA,0.0,0.0,0.0,742,CORP,0.0,0.0,0.0,,2.0315,,,32.89,Banco de Galicia y Buenos Aires S.A.,30500001735,Financiero - Bancos,True
0.0,BYCHZ,0.0,105.7,0.0,0.0,0.0,,0,0.0,-1,,,2028-10-10,105.7,1,0.0,0.0,EXT,0.0,0.0,BYMA,0.0,0.0,0.0,742,CORP,0.0,0.0,0.0,,2.0315,,,32.89,Banco de Galicia y Buenos Aires S.A.,30500001735,Financiero - Bancos,True
0.0,BYCHZ,0.0,104.868,0.0,0.0,0.0,,0,0.0,-1,,,2028-10-10,104.868,2,0.0,0.0,EXT,0.0,0.0,BYMA,0.0,0.0,0.0,742,CORP,0.0,0.0,0.0,,2.0315,,,32.89,Banco de Galicia y Buenos Aires S.A.,30500001735,Financiero - Bancos,True
0.0,YMCYX,0.0,158500.0,0.0,0.0,0.0,,0,0.0,-1,,,2028-10-10,158500.0,1,0.0,0.0,ARS,0.0,0.0,BYMA,0.0,0.0,0.0,742,CORP,0.0,0.0,0.0,,2.0315,,,32.89,YPF S.A.,30546689979,Energía - Petróleo y Gas,True
0.0,YMCYX,0.0,158589.02,0.0,0.0,0.0,,0,0.0,-1,,,2028-10-10,158589.02,2,0.0,0.0,ARS,0.0,0.0,BYMA,0.0,0.0,0.0,742,CORP,0.0,0.0,0.0,,2.0315,,,32.89,YPF S.A.,30546689979,Energía - Petróleo y Gas,True
0.0,YMCYY,0.0,100.35,0.0,0.0,0.0,,0,0.0,-1,,,2028-10-10,100.35,1,0.0,0.0,USD,0.0,0.0,BYMA,0.0,0.0,0.0,742,CORP,0.0,0.0,0.0,,2.0315,,,32.89,YPF S.A.,30546689979,Energía - Petróleo y Gas,True
0.0,YMCYY,0.0,100.35,0.0,0.0,0.0,,0,0.0,-1,,,2028-10-10,100.35,2,0.0,0.0,USD,0.0,0.0,BYMA,0.0,0.0,0.0,742,CORP,0.0,0.0,0.0,,2.0315,,,32.89,YPF S.A.,30546689979,Energía - Petróleo y Gas,True
0.0,YMCZC,0.0,104.5,0.0,0.0,0.0,,0,0.0,-1,,,2028-10-10,104.5,1,0.0,0.0,EXT,0.0,0.0,BYMA,0.0,0.0,0.0,742,CORP,0.0,0.0,0.0,,2.0315,,,32.89,YPF S.A.,30546689979,Energía - Petróleo y Gas,True
0.0,YMCZX,0.0,153153.0,0.0,0.0,0.0,,0,0.0,-1,,,2028-10-10,153153.0,2,0.0,0.0,ARS,0.0,0.0,BYMA,0.0,0.0,0.0,742,CORP,0.0,0.0,0.0,,2.0315,,,32.89,YPF S.A.,30546689979,Energía - Petróleo y Gas,True
0.0,YMCZY,0.0,100.5,0.0,0.0,0.0,,0,0.0,-1,,,2028-10-10,100.5,2,0.0,0.0,USD,0.0,0.0,BYMA,0.0,0.0,0.0,742,CORP,0.0,0.0,0.0,,2.0315,,,32.89,YPF S.A.,30546689979,Energía - Petróleo y Gas,True
0.0,LMS7C,0.0,76.35,0.0,0.0,0.0,,0,0.0,-1,,,2028-10-12,76.35,1,0.0,0.0,EXT,0.0,0.0,BYMA,0.0,0.0,0.0,744,CORP,0.0,0.0,0.0,,2.037,,,32.89,BLM DESARROLLOS SA,30718221516,,True
0.0,LMS7X,0.0,108000.0,0.0,0.0,0.0,,0,0.0,-1,,,2028-10-12,108000.0,1,0.0,0.0,ARS,0.0,0.0,BYMA,0.0,0.0,0.0,744,CORP,0.0,0.0,0.0,,2.037,,,32.89,BLM DESARROLLOS SA,30718221516,,True
0.0,LMS7X,0.0,120300.0,0.0,0.0,0.0,,0,0.0,-1,,,2028-10-12,120300.0,2,0.0,0.0,ARS,0.0,0.0,BYMA,0.0,0.0,0.0,744,CORP,0.0,0.0,0.0,,2.037,,,32.89,BLM DESARROLLOS SA,30718221516,,True
0.0,LMS7Y,0.0,108.35,0.0,0.0,0.0,,0,0.0,-1,,,2028-10-12,108.35,1,0.0,0.0,USD,0.0,0.0,BYMA,0.0,0.0,0.0,744,CORP,0.0,0.0,0.0,,2.037,,,32.89,BLM DESARROLLOS SA,30718221516,,True
0.0,LMS7Y,0.0,100.0,0.0,0.0,0.0,,0,0.0,-1,,,2028-10-12,100.0,2,0.0,0.0,USD,0.0,0.0,BYMA,0.0,0.0,0.0,744,CORP,0.0,0.0,0.0,,2.037,,,32.89,BLM DESARROLLOS SA,30718221516,,True
0.0,LMS7Z,0.0,98.901,0.0,0.0,0.0,,0,0.0,-1,,,2028-10-12,98.901,1,0.0,0.0,EXT,0.0,0.0,BYMA,0.0,0.0,0.0,744,CORP,0.0,0.0,0.0,,2.037,,,32.89,BLM DESARROLLOS SA,30718221516,,True
0.0,LMS7Z,0.0,101.0350419,0.0,0.0,0.0,,0,0.0,-1,,,2028-10-12,101.0350419,2,0.0,0.0,EXT,0.0,0.0,BYMA,0.0,0.0,0.0,744,CORP,0.0,0.0,0.0,,2.037,,,32.89,BLM DESARROLLOS SA,30718221516,,True
0.0,GN47C,0.0,99.37,0.0,0.0,0.0,,0,0.0,-1,,,2028-10-17,99.37,2,0.0,0.0,EXT,0.0,0.0,BYMA,0.0,0.0,0.0,749,CORP,0.0,0.0,0.0,,2.0507,,,32.89,Genneia S.A.,30665234114,Energía - Renovable,True
0.0,GN47X,0.0,140700.0,0.0,0.0,0.0,,0,0.0,-1,,,2028-10-17,140700.0,2,0.0,0.0,ARS,0.0,0.0,BYMA,0.0,0.0,0.0,749,CORP,0.0,0.0,0.0,,2.0507,,,32.89,Genneia S.A.,30665234114,Energía - Renovable,True
0.0,GN47Y,0.0,102.8,0.0,0.0,0.0,,0,0.0,-1,,,2028-10-17,102.8,1,0.0,0.0,USD,0.0,0.0,BYMA,0.0,0.0,0.0,749,CORP,0.0,0.0,0.0,,2.0507,,,32.89,Genneia S.A.,30665234114,Energía - Renovable,True
0.0,GN47Y,0.0,102.3,0.0,0.0,0.0,,0,0.0,-1,,,2028-10-17,102.3,2,0.0,0.0,USD,0.0,0.0,BYMA,0.0,0.0,0.0,749,CORP,0.0,0.0,0.0,,2.0507,,,32.89,Genneia S.A.,30665234114,Energía - Renovable,True
0.0,HJCGD,0.0,102.0,0.0,0.0,0.0,,0,0.0,-1,,,2028-10-21,102.0,1,0.0,0.0,USD,99.0,0.0,BYMA,0.0,0.0,0.0,753,CORP,0.0,0.0,3600.0,,2.0616,,,32.89,John Deere Credit Cía. Financiera S.A.,30707024859,Financiero - Crédito Industrial,True
0.0,HJCGO,0.0,154850.0,0.0,0.0,0.0,,0,0.0,-1,,,2028-10-21,154850.0,1,0.0,0.0,ARS,152710.0,0.0,BYMA,0.0,0.0,0.0,753,CORP,0.0,0.0,7200.0,,2.0616,,,32.89,John Deere Credit Cía. Financiera S.A.,30707024859,Financiero - Crédito Industrial,True
0.0,PQCRD,0.0,100.0,0.0,0.0,0.0,,0,0.0,-1,,,2028-10-22,100.0,1,0.0,0.0,USD,98.11,0.0,BYMA,0.0,0.0,0.0,754,CORP,0.0,0.0,438.0,,2.0643,,,32.89,Petroquímica Comodoro Rivadavia S.A.,30563598111,Industria - Petroquímica,True
0.0,PQCRO,0.0,156000.0,0.0,0.0,0.0,,0,0.0,-1,,,2028-10-22,156000.0,1,0.0,0.0,ARS,150850.0,0.0,BYMA,0.0,0.0,0.0,754,CORP,0.0,0.0,538.0,,2.0643,,,32.89,Petroquímica Comodoro Rivadavia S.A.,30563598111,Industria - Petroquímica,True
0.0,PQCRY,0.0,103.0,0.0,0.0,0.0,,0,0.0,-1,,,2028-10-22,103.0,2,0.0,0.0,USD,0.0,0.0,BYMA,0.0,0.0,0.0,754,CORP,0.0,0.0,0.0,,2.0643,,,32.89,Petroquímica Comodoro Rivadavia S.A.,30563598111,Industria - Petroquímica,True
0.0,VE2LD,0.0,100.0,0.0,0.0,0.0,,0,0.0,-1,,,2028-10-28,100.0,2,0.0,0.0,USD,0.0,0.0,BYMA,0.0,0.0,0.0,760,CORP,0.0,0.0,0.0,,2.0808,,,32.89,RICARDO VENTURINO S.A,30698318895,,True
0.0,VES2L,0.0,152700.0,0.0,0.0,0.0,,0,0.0,-1,,,2028-10-28,152700.0,1,0.0,0.0,ARS,0.0,0.0,BYMA,0.0,0.0,0.0,760,CORP,0.0,0.0,0.0,,2.0808,,,32.89,RICARDO VENTURINO S.A,30698318895,,True
0.0,VES2L,0.0,151600.0,0.0,0.0,0.0,,0,0.0,-1,,,2028-10-28,151600.0,2,0.0,0.0,ARS,0.0,0.0,BYMA,0.0,0.0,0.0,760,CORP,0.0,0.0,0.0,,2.0808,,,32.89,RICARDO VENTURINO S.A,30698318895,,True
0.0,AER4D,0.0,31.1714,0.0,0.0,0.0,,0,0.0,-1,,,2028-11-01,31.1714,1,0.0,0.0,USD,0.0,0.0,BYMA,0.0,0.0,0.0,764,CORP,0.0,0.0,0.0,,2.0917,,,32.89,[AER],,Sin mapear,False
0.0,AER4D,0.0,17.4893,0.0,0.0,0.0,,0,0.0,-1,,,2028-11-01,17.4893,2,0.0,0.0,USD,0.0,0.0,BYMA,0.0,0.0,0.0,764,CORP,0.0,0.0,0.0,,2.0917,,,32.89,[AER],,Sin mapear,False
0.0,AER4O,0.0,96005.0847,0.0,0.0,0.0,,0,0.0,-1,,,2028-11-01,96005.0847,2,0.0,0.0,ARS,0.0,0.0,BYMA,0.0,0.0,0.0,764,CORP,0.0,0.0,0.0,,2.0917,,,32.89,[AER],,Sin mapear,False
0.0,OTS3Y,0.0,101.15,0.0,0.0,0.0,,0,0.0,-1,,,2028-11-01,101.15,2,0.0,0.0,USD,0.0,0.0,BYMA,0.0,0.0,0.0,764,CORP,0.0,0.0,0.0,,2.0917,,,32.89,[OTS],,Sin mapear,False
0.0,YPC4O,0.0,0.01,0.0,0.0,0.0,,0,0.0,-1,,,2028-11-02,0.01,1,0.0,0.0,ARS,0.0,0.0,BYMA,0.0,0.0,0.0,765,CORP,0.0,0.0,0.0,,2.0945,,,32.89,[YPC],,Sin mapear,False
0.0,YPC4O,0.0,0.01,0.0,0.0,0.0,,0,0.0,-1,,,2028-11-02,0.01,2,0.0,0.0,ARS,0.0,0.0,BYMA,0.0,0.0,0.0,765,CORP,0.0,0.0,0.0,,2.0945,,,32.89,[YPC],,Sin mapear,False
0.0,CIC8C,0.0,99.0,0.0,0.0,0.0,,0,0.0,-1,,,2028-11-12,99.0,2,0.0,0.0,EXT,0.0,0.0,BYMA,0.0,0.0,0.0,775,CORP,0.0,0.0,0.0,,2.1218,,,32.89,CNH INDUSTRIAL CAPITAL ARGENTINA S.A.,30714322938,,True
0.0,PN37X,0.0,123814.4,0.0,0.0,0.0,,0,0.0,-1,,,2028-11-13,123814.4,1,0.0,0.0,ARS,0.0,0.0,BYMA,0.0,0.0,0.0,776,CORP,0.0,0.0,0.0,,2.1246,,,32.89,Pan American Energy LLC (PAE Sucursal),30714813583,Energía - Petróleo y Gas,True
0.0,PN37X,0.0,115420.0,0.0,0.0,0.0,,0,0.0,-1,,,2028-11-13,115420.0,2,0.0,0.0,ARS,0.0,0.0,BYMA,0.0,0.0,0.0,776,CORP,0.0,0.0,0.0,,2.1246,,,32.89,Pan American Energy LLC (PAE Sucursal),30714813583,Energía - Petróleo y Gas,True
0.0,PN37Y,0.0,99.7,0.0,0.0,0.0,,0,0.0,-1,,,2028-11-13,99.7,1,0.0,0.0,USD,0.0,0.0,BYMA,0.0,0.0,0.0,776,CORP,0.0,0.0,0.0,,2.1246,,,32.89,Pan American Energy LLC (PAE Sucursal),30714813583,Energía - Petróleo y Gas,True
0.0,CS47C,0.0,88.102,0.0,0.0,0.0,,0,0.0,-1,,,2028-11-15,88.102,1,0.0,0.0,EXT,0.0,0.0,BYMA,0.0,0.0,0.0,778,CORP,0.0,0.0,0.0,,2.13,,,32.89,Cresud S.A.C.I.F. y A.,30509300700,Agro - Real Estate,True
0.0,CS47X,0.0,157560.0,0.0,0.0,0.0,,0,0.0,-1,,,2028-11-15,157560.0,2,0.0,0.0,ARS,0.0,0.0,BYMA,0.0,0.0,0.0,778,CORP,0.0,0.0,0.0,,2.13,,,32.89,Cresud S.A.C.I.F. y A.,30509300700,Agro - Real Estate,True
0.0,CS47Y,0.0,103.6,0.0,0.0,0.0,,0,0.0,-1,,,2028-11-15,103.6,1,0.0,0.0,USD,0.0,0.0,BYMA,0.0,0.0,0.0,778,CORP,0.0,0.0,0.0,,2.13,,,32.89,Cresud S.A.C.I.F. y A.,30509300700,Agro - Real Estate,True
0.0,CS47Y,0.0,102.0,0.0,0.0,0.0,,0,0.0,-1,,,2028-11-15,102.0,2,0.0,0.0,USD,0.0,0.0,BYMA,0.0,0.0,0.0,778,CORP,0.0,0.0,0.0,,2.13,,,32.89,Cresud S.A.C.I.F. y A.,30509300700,Agro - Real Estate,True
0.0,TLCOC,0.0,94.4255,0.0,0.0,0.0,,0,0.0,-1,,,2028-11-28,94.4255,1,0.0,0.0,EXT,0.0,0.0,BYMA,0.0,0.0,0.0,791,CORP,0.0,0.0,0.0,,2.1656,,,32.89,Telecom Argentina S.A.,30639453738,Telecomunicaciones,True
0.0,TLCOY,0.0,106.15,0.0,0.0,0.0,,0,0.0,-1,,,2028-11-28,106.15,2,0.0,0.0,USD,0.0,0.0,BYMA,0.0,0.0,0.0,791,CORP,0.0,0.0,0.0,,2.1656,,,32.89,Telecom Argentina S.A.,30639453738,Telecomunicaciones,True
0.0,HJCLY,0.0,101.25,0.0,0.0,0.0,,0,0.0,-1,,,2028-12-06,101.25,2,0.0,0.0,USD,0.0,0.0,BYMA,0.0,0.0,0.0,799,CORP,0.0,0.0,0.0,,2.1875,,,32.89,John Deere Credit Cía. Financiera S.A.,30707024859,Financiero - Crédito Industrial,True
0.0,YFCOC,0.0,92.4892,0.0,0.0,0.0,,0,0.0,-1,,,2028-12-15,92.4892,1,0.0,0.0,EXT,0.0,0.0,BYMA,0.0,0.0,0.0,808,CORP,0.0,0.0,0.0,,2.2122,,,32.89,YPF Energía Eléctrica S.A.,30714128309,Energía - Electricidad,True
0.0,YFCOD,0.0,110.0,0.0,0.0,0.0,,0,0.0,-1,,,2028-12-15,110.0,1,0.0,0.0,USD,100.05,0.0,BYMA,0.0,0.0,0.0,808,CORP,0.0,0.0,600.0,,2.2122,,,32.89,YPF Energía Eléctrica S.A.,30714128309,Energía - Electricidad,True
0.0,YFCOO,0.0,155102.1744,0.0,0.0,0.0,,0,0.0,-1,,,2028-12-15,155102.1744,1,0.0,0.0,ARS,154090.0,0.0,BYMA,0.0,0.0,0.0,808,CORP,0.0,0.0,2400.0,,2.2122,,,32.89,YPF Energía Eléctrica S.A.,30714128309,Energía - Electricidad,True
0.0,YFCOY,0.0,100.35,0.0,0.0,0.0,,0,0.0,-1,,,2028-12-15,100.35,2,0.0,0.0,USD,0.0,0.0,BYMA,0.0,0.0,0.0,808,CORP,0.0,0.0,0.0,,2.2122,,,32.89,YPF Energía Eléctrica S.A.,30714128309,Energía - Electricidad,True
0.0,EAC3X,0.0,117526.025,0.0,0.0,0.0,,0,0.0,-1,,,2028-12-20,117526.025,1,0.0,0.0,ARS,0.0,0.0,BYMA,0.0,0.0,0.0,813,CORP,0.0,0.0,0.0,,2.2259,,,32.89,MSU GREEN ENERGY S.A.U.,30714155128,,True
0.0,EAC3Y,0.0,101.0,0.0,0.0,0.0,,0,0.0,-1,,,2028-12-20,101.0,1,0.0,0.0,USD,0.0,0.0,BYMA,0.0,0.0,0.0,813,CORP,0.0,0.0,0.0,,2.2259,,,32.89,MSU GREEN ENERGY S.A.U.,30714155128,,True
0.0,EAC3Y,0.0,101.001,0.0,0.0,0.0,,0,0.0,-1,,,2028-12-20,101.001,2,0.0,0.0,USD,0.0,0.0,BYMA,0.0,0.0,0.0,813,CORP,0.0,0.0,0.0,,2.2259,,,32.89,MSU GREEN ENERGY S.A.U.,30714155128,,True
0.0,EAC3Z,0.0,100.15,0.0,0.0,0.0,,0,0.0,-1,,,2028-12-20,100.15,1,0.0,0.0,EXT,0.0,0.0,BYMA,0.0,0.0,0.0,813,CORP,0.0,0.0,0.0,,2.2259,,,32.89,MSU GREEN ENERGY S.A.U.,30714155128,,True
0.0,PB1MC,0.0,92.0442,0.0,0.0,0.0,,0,0.0,-1,,,2028-12-23,92.0442,1,0.0,0.0,EXT,0.0,0.0,BYMA,0.0,0.0,0.0,816,CORP,0.0,0.0,0.0,,2.2341,,,32.89,PROMEDON S.A.,30619780635,,True
0.0,PB1MD,0.0,95.3629,0.0,0.0,0.0,,0,0.0,-1,,,2028-12-23,95.3629,1,0.0,0.0,USD,0.0,0.0,BYMA,0.0,0.0,0.0,816,CORP,0.0,0.0,0.0,,2.2341,,,32.89,PROMEDON S.A.,30619780635,,True
0.0,PB1MD,0.0,104.65,0.0,0.0,0.0,,0,0.0,-1,,,2028-12-23,104.65,2,0.0,0.0,USD,0.0,0.0,BYMA,0.0,0.0,0.0,816,CORP,0.0,0.0,0.0,,2.2341,,,32.89,PROMEDON S.A.,30619780635,,True
0.0,PBS1M,0.0,141551.8084,0.0,0.0,0.0,,0,0.0,-1,,,2028-12-23,141551.8084,1,0.0,0.0,ARS,0.0,0.0,BYMA,0.0,0.0,0.0,816,CORP,0.0,0.0,0.0,,2.2341,,,32.89,PROMEDON S.A.,30619780635,,True
0.0,HJCKC,0.0,100.0,0.0,0.0,0.0,,0,0.0,-1,,,2029-01-16,100.0,2,0.0,0.0,EXT,0.0,0.0,BYMA,0.0,0.0,0.0,840,CORP,0.0,0.0,0.0,,2.2998,,,32.89,John Deere Credit Cía. Financiera S.A.,30707024859,Financiero - Crédito Industrial,True
0.0,HJCKO,0.0,158920.0,0.0,0.0,0.0,,0,0.0,-1,,,2029-01-16,158920.0,1,0.0,0.0,ARS,154470.0,0.0,BYMA,0.0,0.0,0.0,840,CORP,0.0,0.0,6000.0,,2.2998,,,32.89,John Deere Credit Cía. Financiera S.A.,30707024859,Financiero - Crédito Industrial,True
0.0,HJCKY,0.0,104.333,0.0,0.0,0.0,,0,0.0,-1,,,2029-01-16,104.333,2,0.0,0.0,USD,0.0,0.0,BYMA,0.0,0.0,0.0,840,CORP,0.0,0.0,0.0,,2.2998,,,32.89,John Deere Credit Cía. Financiera S.A.,30707024859,Financiero - Crédito Industrial,True
0.0,SBC2C,0.0,85.1072,0.0,0.0,0.0,,0,0.0,-1,,,2029-01-16,85.1072,1,0.0,0.0,EXT,0.0,0.0,BYMA,0.0,0.0,0.0,840,CORP,0.0,0.0,0.0,,2.2998,,,32.89,SAN BAUTISTA DEL SUR SA,30715659340,,True
0.0,SBC2C,0.0,92.24,0.0,0.0,0.0,,0,0.0,-1,,,2029-01-16,92.24,2,0.0,0.0,EXT,0.0,0.0,BYMA,0.0,0.0,0.0,840,CORP,0.0,0.0,0.0,,2.2998,,,32.89,SAN BAUTISTA DEL SUR SA,30715659340,,True
0.0,LOC6X,0.0,147200.0,0.0,0.0,0.0,,0,0.0,-1,,,2029-01-23,147200.0,1,0.0,0.0,ARS,0.0,0.0,BYMA,0.0,0.0,0.0,847,CORP,0.0,0.0,0.0,,2.319,,,32.89,[LOC],,Sin mapear,False
0.0,AFCKC,0.0,95.3517,0.0,0.0,0.0,,0,0.0,-1,,,2029-02-06,95.3517,2,0.0,0.0,EXT,0.0,0.0,BYMA,0.0,0.0,0.0,861,CORP,0.0,0.0,0.0,,2.3573,,,32.89,Banco Comafi S.A.,30604731018,Financiero - Bancos,True
0.0,AFCKD,0.0,93.0,0.0,0.0,0.0,,0,0.0,-1,,,2029-02-06,93.0,1,0.0,0.0,USD,0.0,0.0,BYMA,0.0,0.0,0.0,861,CORP,0.0,0.0,0.0,,2.3573,,,32.89,Banco Comafi S.A.,30604731018,Financiero - Bancos,True
0.0,AFCKD,0.0,105.0,108.0,0.0,0.0,,0,0.0,-1,,,2029-02-06,105.0,2,1100.0,0.0,USD,0.0,0.0,BYMA,0.0,0.0,0.0,861,CORP,0.0,0.0,0.0,,2.3573,,,32.89,Banco Comafi S.A.,30604731018,Financiero - Bancos,True
0.0,AFCKO,0.0,138570.71,0.0,0.0,0.0,,0,0.0,-1,,,2029-02-06,138570.71,1,0.0,0.0,ARS,0.0,0.0,BYMA,0.0,0.0,0.0,861,CORP,0.0,0.0,0.0,,2.3573,,,32.89,Banco Comafi S.A.,30604731018,Financiero - Bancos,True
0.0,AFCKO,0.0,155000.0,0.0,0.0,0.0,,0,0.0,-1,,,2029-02-06,155000.0,2,0.0,0.0,ARS,0.0,0.0,BYMA,0.0,0.0,0.0,861,CORP,0.0,0.0,0.0,,2.3573,,,32.89,Banco Comafi S.A.,30604731018,Financiero - Bancos,True
0.0,LUC5O,0.0,157730.0,0.0,0.0,0.0,,0,0.0,-1,,,2029-02-26,157730.0,1,0.0,0.0,ARS,152010.0,0.0,BYMA,0.0,0.0,0.0,881,CORP,0.0,0.0,100.0,,2.412,,,32.89,[LUC],,Sin mapear,False
0.0,LUC5X,0.0,146080.0,0.0,0.0,0.0,,0,0.0,-1,,,2029-02-26,146080.0,1,0.0,0.0,ARS,0.0,0.0,BYMA,0.0,0.0,0.0,881,CORP,0.0,0.0,0.0,,2.412,,,32.89,[LUC],,Sin mapear,False
0.0,LUC5Y,0.0,101.5,0.0,0.0,0.0,,0,0.0,-1,,,2029-02-26,101.5,2,0.0,0.0,USD,0.0,0.0,BYMA,0.0,0.0,0.0,881,CORP,0.0,0.0,0.0,,2.412,,,32.89,[LUC],,Sin mapear,False
0.0,PLC6X,0.0,161900.0,0.0,0.0,0.0,,0,0.0,-1,,,2029-02-27,161900.0,1,0.0,0.0,ARS,0.0,0.0,BYMA,0.0,0.0,0.0,882,CORP,0.0,0.0,0.0,,2.4148,,,32.89,Pluspetrol S.A.,30678224010,Energía - Petróleo y Gas,True
0.0,PLC6X,0.0,161990.93,0.0,0.0,0.0,,0,0.0,-1,,,2029-02-27,161990.93,2,0.0,0.0,ARS,0.0,0.0,BYMA,0.0,0.0,0.0,882,CORP,0.0,0.0,0.0,,2.4148,,,32.89,Pluspetrol S.A.,30678224010,Energía - Petróleo y Gas,True
0.0,PLC6Y,0.0,100.1,0.0,0.0,0.0,,0,0.0,-1,,,2029-02-27,100.1,2,0.0,0.0,USD,0.0,0.0,BYMA,0.0,0.0,0.0,882,CORP,0.0,0.0,0.0,,2.4148,,,32.89,Pluspetrol S.A.,30678224010,Energía - Petróleo y Gas,True
0.0,YM42C,0.0,93.8814,0.0,0.0,0.0,,0,0.0,-1,,,2029-03-02,93.8814,1,0.0,0.0,EXT,0.0,0.0,BYMA,0.0,0.0,0.0,885,CORP,0.0,0.0,0.0,,2.423,,,32.89,YPF S.A.,30546689979,Energía - Petróleo y Gas,True
0.0,YM42X,0.0,161728.354,0.0,0.0,0.0,,0,0.0,-1,,,2029-03-02,161728.354,1,0.0,0.0,ARS,0.0,0.0,BYMA,0.0,0.0,0.0,885,CORP,0.0,0.0,0.0,,2.423,,,32.89,YPF S.A.,30546689979,Energía - Petróleo y Gas,True
0.0,YM42X,0.0,165313.0,0.0,0.0,0.0,,0,0.0,-1,,,2029-03-02,165313.0,2,0.0,0.0,ARS,0.0,0.0,BYMA,0.0,0.0,0.0,885,CORP,0.0,0.0,0.0,,2.423,,,32.89,YPF S.A.,30546689979,Energía - Petróleo y Gas,True
0.0,YM42Y,0.0,104.3,0.0,0.0,0.0,,0,0.0,-1,,,2029-03-02,104.3,1,0.0,0.0,USD,0.0,0.0,BYMA,0.0,0.0,0.0,885,CORP,0.0,0.0,0.0,,2.423,,,32.89,YPF S.A.,30546689979,Energía - Petróleo y Gas,True
0.0,YM42Y,0.0,105.3,0.0,0.0,0.0,,0,0.0,-1,,,2029-03-02,105.3,2,0.0,0.0,USD,0.0,0.0,BYMA,0.0,0.0,0.0,885,CORP,0.0,0.0,0.0,,2.423,,,32.89,YPF S.A.,30546689979,Energía - Petróleo y Gas,True
0.0,CS50C,0.0,93.7755,0.0,0.0,0.0,,0,0.0,-1,,,2029-03-10,93.7755,1,0.0,0.0,EXT,0.0,0.0,BYMA,0.0,0.0,0.0,893,CORP,0.0,0.0,0.0,,2.4449,,,32.89,Cresud S.A.C.I.F. y A.,30509300700,Agro - Real Estate,True
0.0,CS50X,0.0,165566.0,0.0,0.0,0.0,,0,0.0,-1,,,2029-03-10,165566.0,2,0.0,0.0,ARS,0.0,0.0,BYMA,0.0,0.0,0.0,893,CORP,0.0,0.0,0.0,,2.4449,,,32.89,Cresud S.A.C.I.F. y A.,30509300700,Agro - Real Estate,True
0.0,HJCMD,0.0,0.0,0.0,0.0,0.0,,0,0.0,-1,,,2029-03-28,0.0,1,0.0,0.0,USD,97.0,0.0,BYMA,0.0,0.0,0.0,911,CORP,0.0,0.0,4000.0,,2.4942,,,32.89,John Deere Credit Cía. Financiera S.A.,30707024859,Financiero - Crédito Industrial,True
0.0,HJCMO,0.0,155900.0,0.0,0.0,0.0,,0,0.0,-1,,,2029-03-28,155900.0,1,0.0,0.0,ARS,149620.0,0.0,BYMA,0.0,0.0,0.0,911,CORP,0.0,0.0,1000.0,,2.4942,,,32.89,John Deere Credit Cía. Financiera S.A.,30707024859,Financiero - Crédito Industrial,True
0.0,MGCTX,0.0,157696.2,0.0,0.0,0.0,,0,0.0,-1,,,2029-04-01,157696.2,2,0.0,0.0,ARS,0.0,0.0,BYMA,0.0,0.0,0.0,915,CORP,0.0,0.0,0.0,,2.5051,,,32.89,Pampa Energía S.A.,30526552659,Energía - Electricidad,True
0.0,MGCTY,0.0,102.6,0.0,0.0,0.0,,0,0.0,-1,,,2029-04-01,102.6,2,0.0,0.0,USD,0.0,0.0,BYMA,0.0,0.0,0.0,915,CORP,0.0,0.0,0.0,,2.5051,,,32.89,Pampa Energía S.A.,30526552659,Energía - Electricidad,True
0.0,OFS1L,0.0,152000.0,0.0,0.0,0.0,,0,0.0,-1,,,2029-04-06,152000.0,1,0.0,0.0,ARS,0.0,0.0,BYMA,0.0,0.0,0.0,920,CORP,0.0,0.0,0.0,,2.5188,,,32.89,[OFS],,Sin mapear,False
0.0,OFS1L,0.0,152100.0,0.0,0.0,0.0,,0,0.0,-1,,,2029-04-06,152100.0,2,0.0,0.0,ARS,0.0,0.0,BYMA,0.0,0.0,0.0,920,CORP,0.0,0.0,0.0,,2.5188,,,32.89,[OFS],,Sin mapear,False
0.0,AX1MD,0.0,100.0,0.0,0.0,0.0,,0,0.0,-1,,,2029-04-09,100.0,1,0.0,0.0,USD,0.0,0.0,BYMA,0.0,0.0,0.0,923,CORP,0.0,0.0,0.0,,2.527,,,32.89,[AX1],,Sin mapear,False
0.0,AX1MD,0.0,101.6,0.0,0.0,0.0,,0,0.0,-1,,,2029-04-09,101.6,2,0.0,0.0,USD,0.0,0.0,BYMA,0.0,0.0,0.0,923,CORP,0.0,0.0,0.0,,2.527,,,32.89,[AX1],,Sin mapear,False
0.0,AXS1M,0.0,144060.0,0.0,0.0,0.0,,0,0.0,-1,,,2029-04-09,144060.0,2,0.0,0.0,ARS,0.0,0.0,BYMA,0.0,0.0,0.0,923,CORP,0.0,0.0,0.0,,2.527,,,32.89,[AXS],,Sin mapear,False
0.0,MSSGC,0.0,101.7,0.0,0.0,0.0,,0,0.0,-1,,,2029-04-16,101.7,2,0.0,0.0,EXT,0.0,0.0,BYMA,0.0,0.0,0.0,930,CORP,0.0,0.0,0.0,,2.5462,,,32.89,MSU S.A.,30607597193,Energía,True
0.0,MSSGD,0.0,107.5,0.0,0.0,0.0,,0,0.0,-1,,,2029-04-16,107.5,1,0.0,0.0,USD,0.0,0.0,BYMA,0.0,0.0,0.0,930,CORP,0.0,0.0,0.0,,2.5462,,,32.89,MSU S.A.,30607597193,Energía,True
0.0,MSSGO,0.0,159270.0,0.0,0.0,0.0,,0,0.0,-1,,,2029-04-16,159270.0,1,0.0,0.0,ARS,0.0,0.0,BYMA,0.0,0.0,0.0,930,CORP,0.0,0.0,0.0,,2.5462,,,32.89,MSU S.A.,30607597193,Energía,True
0.0,GOC4O,0.0,132553.5988,0.0,0.0,0.0,,0,0.0,-1,,,2029-04-28,132553.5988,1,0.0,0.0,ARS,0.0,0.0,BYMA,0.0,0.0,0.0,942,CORP,0.0,0.0,0.0,,2.5791,,,32.89,GENERACION LITORAL SA,33715184139,,True
0.0,VSCPC,0.0,90.2829,105.45,0.0,0.0,,0,0.0,-1,,,2029-05-03,90.2829,1,11602.0,0.0,EXT,0.0,0.0,BYMA,0.0,0.0,0.0,947,CORP,0.0,0.0,0.0,,2.5927,,,32.89,Vista Oil & Gas Argentina S.A.U.,33515950899,Energía - Petróleo y Gas,True
0.0,VSCPX,0.0,128397.5,0.0,0.0,0.0,,0,0.0,-1,,,2029-05-03,128397.5,1,0.0,0.0,ARS,0.0,0.0,BYMA,0.0,0.0,0.0,947,CORP,0.0,0.0,0.0,,2.5927,,,32.89,Vista Oil & Gas Argentina S.A.U.,33515950899,Energía - Petróleo y Gas,True
0.0,VSCPX,0.0,135200.0,0.0,0.0,0.0,,0,0.0,-1,,,2029-05-03,135200.0,2,0.0,0.0,ARS,0.0,0.0,BYMA,0.0,0.0,0.0,947,CORP,0.0,0.0,0.0,,2.5927,,,32.89,Vista Oil & Gas Argentina S.A.U.,33515950899,Energía - Petróleo y Gas,True
0.0,VSCPY,0.0,100.0,0.0,0.0,0.0,,0,0.0,-1,,,2029-05-03,100.0,1,0.0,0.0,USD,0.0,0.0,BYMA,0.0,0.0,0.0,947,CORP,0.0,0.0,0.0,,2.5927,,,32.89,Vista Oil & Gas Argentina S.A.U.,33515950899,Energía - Petróleo y Gas,True
0.0,VSCPY,0.0,106.6,0.0,0.0,0.0,,0,0.0,-1,,,2029-05-03,106.6,2,0.0,0.0,USD,0.0,0.0,BYMA,0.0,0.0,0.0,947,CORP,0.0,0.0,0.0,,2.5927,,,32.89,Vista Oil & Gas Argentina S.A.U.,33515950899,Energía - Petróleo y Gas,True
0.0,VSCPZ,0.0,101.5,0.0,0.0,0.0,,0,0.0,-1,,,2029-05-03,101.5,1,0.0,0.0,EXT,0.0,0.0,BYMA,0.0,0.0,0.0,947,CORP,0.0,0.0,0.0,,2.5927,,,32.89,Vista Oil & Gas Argentina S.A.U.,33515950899,Energía - Petróleo y Gas,True
0.0,FYC1D,0.0,101.4,104.0,0.0,0.0,,0,0.0,-1,,,2029-05-11,101.4,1,10000.0,0.0,USD,0.0,0.0,BYMA,0.0,0.0,0.0,955,CORP,0.0,0.0,0.0,,2.6146,,,32.89,[FYC],,Sin mapear,False
0.0,FYC1O,0.0,159000.0,0.0,0.0,0.0,,0,0.0,-1,,,2029-05-11,159000.0,1,0.0,0.0,ARS,0.0,0.0,BYMA,0.0,0.0,0.0,955,CORP,0.0,0.0,0.0,,2.6146,,,32.89,[FYC],,Sin mapear,False
0.0,PHC4D,0.0,102.4,0.0,0.0,0.0,,0,0.0,-1,,,2029-05-12,102.4,2,0.0,0.0,USD,0.0,0.0,BYMA,0.0,0.0,0.0,956,CORP,0.0,0.0,0.0,,2.6174,,,32.89,[PHC],,Sin mapear,False
0.0,PHC4O,0.0,153020.0,0.0,0.0,0.0,,0,0.0,-1,,,2029-05-12,153020.0,1,0.0,0.0,ARS,0.0,0.0,BYMA,0.0,0.0,0.0,956,CORP,0.0,0.0,0.0,,2.6174,,,32.89,[PHC],,Sin mapear,False
0.0,RC5CC,0.0,100.5,0.0,0.0,0.0,,0,0.0,-1,,,2029-05-21,100.5,2,0.0,0.0,EXT,0.0,0.0,BYMA,0.0,0.0,0.0,965,CORP,0.0,0.0,0.0,,2.642,,,32.89,ARCOR S.A.I.C.,30502793175,,True
0.0,RC5CO,0.0,156570.0,0.0,0.0,0.0,,0,0.0,-1,,,2029-05-21,156570.0,1,0.0,0.0,ARS,157000.0,0.0,BYMA,0.0,0.0,0.0,965,CORP,0.0,0.0,1.0,,2.642,,,32.89,ARCOR S.A.I.C.,30502793175,,True
0.0,TTCEY,0.0,100.75,0.0,0.0,0.0,,0,0.0,-1,,,2029-05-21,100.75,2,0.0,0.0,USD,0.0,0.0,BYMA,0.0,0.0,0.0,965,CORP,0.0,0.0,0.0,,2.642,,,32.89,Tecpetrol S.A.,30592665472,Energía - Petróleo y Gas,True
0.0,CACDX,0.0,144500.0,0.0,0.0,0.0,,0,0.0,-1,,,2029-06-04,144500.0,2,0.0,0.0,ARS,0.0,0.0,BYMA,0.0,0.0,0.0,979,CORP,0.0,0.0,0.0,,2.6804,,,32.89,Capex S.A.,30629827060,Energía - Electricidad,True
0.0,CACDY,0.0,101.3,0.0,0.0,0.0,,0,0.0,-1,,,2029-06-04,101.3,2,0.0,0.0,USD,0.0,0.0,BYMA,0.0,0.0,0.0,979,CORP,0.0,0.0,0.0,,2.6804,,,32.89,Capex S.A.,30629827060,Energía - Electricidad,True
0.0,OLC6C,0.0,105.5,0.0,0.0,0.0,,0,0.0,-1,,,2029-06-05,105.5,1,0.0,0.0,EXT,0.0,0.0,BYMA,0.0,0.0,0.0,980,CORP,0.0,0.0,0.0,,2.6831,,,32.89,OLEODUCTOS DEL VALLE S.A.,30658840165,,True
0.0,OLC6Y,0.0,100.7,0.0,0.0,0.0,,0,0.0,-1,,,2029-06-05,100.7,2,0.0,0.0,USD,0.0,0.0,BYMA,0.0,0.0,0.0,980,CORP,0.0,0.0,0.0,,2.6831,,,32.89,OLEODUCTOS DEL VALLE S.A.,30658840165,,True
0.0,CP27X,0.0,96740.0,0.0,0.0,0.0,,0,0.0,-1,,,2029-06-07,96740.0,2,0.0,0.0,ARS,0.0,0.0,BYMA,0.0,0.0,0.0,982,CORP,0.0,0.0,0.0,,2.6886,,,32.89,CIA GENERAL DE COMBUSTIBLES S.A.,30506733932,,True
0.0,SIC2C,0.0,99.56,0.0,0.0,0.0,,0,0.0,-1,,,2029-06-19,99.56,2,0.0,0.0,EXT,0.0,0.0,BYMA,0.0,0.0,0.0,994,CORP,0.0,0.0,0.0,,2.7214,,,32.89,[SIC],,Sin mapear,False
0.0,SIC2Y,0.0,101.25,0.0,0.0,0.0,,0,0.0,-1,,,2029-06-19,101.25,2,0.0,0.0,USD,0.0,0.0,BYMA,0.0,0.0,0.0,994,CORP,0.0,0.0,0.0,,2.7214,,,32.89,[SIC],,Sin mapear,False
0.0,BACGX,0.0,163265.6,0.0,0.0,0.0,,0,0.0,-1,,,2029-06-23,163265.6,1,0.0,0.0,ARS,0.0,0.0,BYMA,0.0,0.0,0.0,998,CORP,0.0,0.0,0.0,,2.7324,,,32.89,[BAC],,Sin mapear,False
0.0,BACGX,0.0,159520.0,0.0,0.0,0.0,,0,0.0,-1,,,2029-06-23,159520.0,2,0.0,0.0,ARS,0.0,0.0,BYMA,0.0,0.0,0.0,998,CORP,0.0,0.0,0.0,,2.7324,,,32.89,[BAC],,Sin mapear,False
0.0,BACGY,0.0,108.0,0.0,0.0,0.0,,0,0.0,-1,,,2029-06-23,108.0,1,0.0,0.0,USD,0.0,0.0,BYMA,0.0,0.0,0.0,998,CORP,0.0,0.0,0.0,,2.7324,,,32.89,[BAC],,Sin mapear,False
0.0,BACGY,0.0,108.004,0.0,0.0,0.0,,0,0.0,-1,,,2029-06-23,108.004,2,0.0,0.0,USD,0.0,0.0,BYMA,0.0,0.0,0.0,998,CORP,0.0,0.0,0.0,,2.7324,,,32.89,[BAC],,Sin mapear,False
0.0,BACGZ,0.0,104.706,0.0,0.0,0.0,,0,0.0,-1,,,2029-06-23,104.706,1,0.0,0.0,EXT,0.0,0.0,BYMA,0.0,0.0,0.0,998,CORP,0.0,0.0,0.0,,2.7324,,,32.89,[BAC],,Sin mapear,False
0.0,BACGZ,0.0,104.011,0.0,0.0,0.0,,0,0.0,-1,,,2029-06-23,104.011,2,0.0,0.0,EXT,0.0,0.0,BYMA,0.0,0.0,0.0,998,CORP,0.0,0.0,0.0,,2.7324,,,32.89,[BAC],,Sin mapear,False
0.0,YMC1C,0.0,95.9757,0.0,0.0,0.0,,0,0.0,-1,,,2029-06-27,95.9757,2,0.0,0.0,EXT,0.0,0.0,BYMA,0.0,0.0,0.0,1002,CORP,0.0,0.0,0.0,,2.7433,,,32.89,YPF S.A.,30546689979,Energía - Petróleo y Gas,True
0.0,YMC1D,0.0,105.25,0.0,0.0,0.0,,0,0.0,-1,,,2029-06-27,105.25,1,0.0,0.0,USD,0.0,0.0,BYMA,0.0,0.0,0.0,1002,CORP,0.0,0.0,0.0,,2.7433,,,32.89,YPF S.A.,30546689979,Energía - Petróleo y Gas,True
0.0,YMC1D,0.0,108.15,0.0,0.0,0.0,,0,0.0,-1,,,2029-06-27,108.15,2,0.0,0.0,USD,0.0,0.0,BYMA,0.0,0.0,0.0,1002,CORP,0.0,0.0,0.0,,2.7433,,,32.89,YPF S.A.,30546689979,Energía - Petróleo y Gas,True
0.0,YMC1O,0.0,155336.73,0.0,0.0,0.0,,0,0.0,-1,,,2029-06-27,155336.73,1,0.0,0.0,ARS,0.0,0.0,BYMA,0.0,0.0,0.0,1002,CORP,0.0,0.0,0.0,,2.7433,,,32.89,YPF S.A.,30546689979,Energía - Petróleo y Gas,True
0.0,YMC1O,0.0,167450.0,0.0,0.0,0.0,,0,0.0,-1,,,2029-06-27,167450.0,2,0.0,0.0,ARS,0.0,0.0,BYMA,0.0,0.0,0.0,1002,CORP,0.0,0.0,0.0,,2.7433,,,32.89,YPF S.A.,30546689979,Energía - Petróleo y Gas,True
0.0,YMC1X,0.0,127950.0,0.0,0.0,0.0,,0,0.0,-1,,,2029-06-27,127950.0,1,0.0,0.0,ARS,0.0,0.0,BYMA,0.0,0.0,0.0,1002,CORP,0.0,0.0,0.0,,2.7433,,,32.89,YPF S.A.,30546689979,Energía - Petróleo y Gas,True
0.0,YMC1X,0.0,127950.0,0.0,0.0,0.0,,0,0.0,-1,,,2029-06-27,127950.0,2,0.0,0.0,ARS,0.0,0.0,BYMA,0.0,0.0,0.0,1002,CORP,0.0,0.0,0.0,,2.7433,,,32.89,YPF S.A.,30546689979,Energía - Petróleo y Gas,True
0.0,HT2MD,0.0,100.25,0.0,0.0,0.0,,0,0.0,-1,,,2029-06-30,100.25,2,0.0,0.0,USD,0.0,0.0,BYMA,0.0,0.0,0.0,1005,CORP,0.0,0.0,0.0,,2.7515,,,32.89,HATTRICK ENERGY SAS,30715857460,,True
0.0,YMCIC,0.0,90.45,0.0,0.0,0.0,,0,0.0,-1,,,2029-07-02,90.45,1,0.0,0.0,EXT,0.0,0.0,BYMA,0.0,0.0,0.0,1007,CORP,0.0,0.0,0.0,,2.757,,,32.89,YPF S.A.,30546689979,Energía - Petróleo y Gas,True
0.0,YMCIX,0.0,144689.986,0.0,0.0,0.0,,0,0.0,-1,,,2029-07-02,144689.986,1,0.0,0.0,ARS,0.0,0.0,BYMA,0.0,0.0,0.0,1007,CORP,0.0,0.0,0.0,,2.757,,,32.89,YPF S.A.,30546689979,Energía - Petróleo y Gas,True
0.0,YMCIX,0.0,132390.616,0.0,0.0,0.0,,0,0.0,-1,,,2029-07-02,132390.616,2,0.0,0.0,ARS,0.0,0.0,BYMA,0.0,0.0,0.0,1007,CORP,0.0,0.0,0.0,,2.757,,,32.89,YPF S.A.,30546689979,Energía - Petróleo y Gas,True
0.0,YMCIY,0.0,109.5,0.0,0.0,0.0,,0,0.0,-1,,,2029-07-02,109.5,1,0.0,0.0,USD,0.0,0.0,BYMA,0.0,0.0,0.0,1007,CORP,0.0,0.0,0.0,,2.757,,,32.89,YPF S.A.,30546689979,Energía - Petróleo y Gas,True
0.0,YMCIY,0.0,111.1,0.0,0.0,0.0,,0,0.0,-1,,,2029-07-02,111.1,2,0.0,0.0,USD,0.0,0.0,BYMA,0.0,0.0,0.0,1007,CORP,0.0,0.0,0.0,,2.757,,,32.89,YPF S.A.,30546689979,Energía - Petróleo y Gas,True
0.0,YMCIZ,0.0,90.262,0.0,0.0,0.0,,0,0.0,-1,,,2029-07-02,90.262,1,0.0,0.0,EXT,0.0,0.0,BYMA,0.0,0.0,0.0,1007,CORP,0.0,0.0,0.0,,2.757,,,32.89,YPF S.A.,30546689979,Energía - Petróleo y Gas,True
0.0,YMCIZ,0.0,90.121,0.0,0.0,0.0,,0,0.0,-1,,,2029-07-02,90.121,2,0.0,0.0,EXT,0.0,0.0,BYMA,0.0,0.0,0.0,1007,CORP,0.0,0.0,0.0,,2.757,,,32.89,YPF S.A.,30546689979,Energía - Petróleo y Gas,True
0.0,DNCBC,0.0,97.0,97.0,0.0,0.0,,0,0.0,-1,,,2029-07-03,97.0,1,2000.0,0.0,EXT,0.0,0.0,BYMA,0.0,0.0,0.0,1008,CORP,0.0,0.0,0.0,,2.7598,,,32.89,EDENOR S.A.,30655116202,,True
0.0,DNCBX,0.0,152400.0,0.0,0.0,0.0,,0,0.0,-1,,,2029-07-03,152400.0,1,0.0,0.0,ARS,0.0,0.0,BYMA,0.0,0.0,0.0,1008,CORP,0.0,0.0,0.0,,2.7598,,,32.89,EDENOR S.A.,30655116202,,True
0.0,DNCBX,0.0,150705.0,0.0,0.0,0.0,,0,0.0,-1,,,2029-07-03,150705.0,2,0.0,0.0,ARS,0.0,0.0,BYMA,0.0,0.0,0.0,1008,CORP,0.0,0.0,0.0,,2.7598,,,32.89,EDENOR S.A.,30655116202,,True
0.0,DNCBY,0.0,100.0,0.0,0.0,0.0,,0,0.0,-1,,,2029-07-03,100.0,1,0.0,0.0,USD,0.0,0.0,BYMA,0.0,0.0,0.0,1008,CORP,0.0,0.0,0.0,,2.7598,,,32.89,EDENOR S.A.,30655116202,,True
0.0,DNCBY,0.0,98.7,0.0,0.0,0.0,,0,0.0,-1,,,2029-07-03,98.7,2,0.0,0.0,USD,0.0,0.0,BYMA,0.0,0.0,0.0,1008,CORP,0.0,0.0,0.0,,2.7598,,,32.89,EDENOR S.A.,30655116202,,True
0.0,SNEAD,0.0,46.7031,0.0,0.0,0.0,,0,0.0,-1,,,2029-07-14,46.7031,1,0.0,0.0,USD,0.0,0.0,BYMA,0.0,0.0,0.0,1019,CORP,0.0,0.0,0.0,,2.7899,,,32.89,SION S.A.,30690076043,,True
0.0,SNEAX,0.0,82498.62,0.0,0.0,0.0,,0,0.0,-1,,,2029-07-14,82498.62,1,0.0,0.0,ARS,0.0,0.0,BYMA,0.0,0.0,0.0,1019,CORP,0.0,0.0,0.0,,2.7899,,,32.89,SION S.A.,30690076043,,True
0.0,SNEAZ,0.0,55.78,0.0,0.0,0.0,,0,0.0,-1,,,2029-07-14,55.78,1,0.0,0.0,EXT,0.0,0.0,BYMA,0.0,0.0,0.0,1019,CORP,0.0,0.0,0.0,,2.7899,,,32.89,SION S.A.,30690076043,,True
0.0,VSCZC,0.0,100.0,0.0,0.0,0.0,,0,0.0,-1,,,2029-07-16,100.0,1,0.0,0.0,EXT,0.0,0.0,BYMA,0.0,0.0,0.0,1021,CORP,0.0,0.0,0.0,,2.7953,,,32.89,Vista Oil & Gas Argentina S.A.U.,33515950899,Energía - Petróleo y Gas,True
0.0,NPCEC,0.0,96.0,0.0,0.0,0.0,,0,0.0,-1,,,2029-07-27,96.0,1,0.0,0.0,EXT,0.0,0.0,BYMA,0.0,0.0,0.0,1032,CORP,0.0,0.0,0.0,,2.8255,,,32.89,[NPC],,Sin mapear,False
0.0,NPCEC,0.0,96.5,0.0,0.0,0.0,,0,0.0,-1,,,2029-07-27,96.5,2,0.0,0.0,EXT,0.0,0.0,BYMA,0.0,0.0,0.0,1032,CORP,0.0,0.0,0.0,,2.8255,,,32.89,[NPC],,Sin mapear,False
0.0,OTS6C,0.0,100.75,0.0,0.0,0.0,,0,0.0,-1,,,2029-07-29,100.75,2,0.0,0.0,EXT,0.0,0.0,BYMA,0.0,0.0,0.0,1034,CORP,0.0,0.0,0.0,,2.8309,,,32.89,[OTS],,Sin mapear,False
0.0,OTS6Y,0.0,100.66,0.0,0.0,0.0,,0,0.0,-1,,,2029-07-29,100.66,2,0.0,0.0,USD,0.0,0.0,BYMA,0.0,0.0,0.0,1034,CORP,0.0,0.0,0.0,,2.8309,,,32.89,[OTS],,Sin mapear,False
0.0,BYZ2D,0.0,99.2,100.9,0.0,0.0,,0,0.0,-1,,,2029-07-30,99.2,2,1300.0,0.0,USD,0.0,0.0,BYMA,0.0,0.0,0.0,1035,CORP,0.0,0.0,0.0,,2.8337,,,32.89,[BYZ],,Sin mapear,False
0.0,BYZ2Y,0.0,100.0,0.0,0.0,0.0,,0,0.0,-1,,,2029-07-30,100.0,1,0.0,0.0,USD,0.0,0.0,BYMA,0.0,0.0,0.0,1035,CORP,0.0,0.0,0.0,,2.8337,,,32.89,[BYZ],,Sin mapear,False
0.0,COC4O,0.0,152470.0,0.0,0.0,0.0,,0,0.0,-1,,,2029-08-10,152470.0,1,0.0,0.0,ARS,0.0,0.0,BYMA,0.0,0.0,0.0,1046,CORP,0.0,0.0,0.0,,2.8638,,,32.89,[COC],,Sin mapear,False
0.0,YFCPC,0.0,0.0,101.5,0.0,0.0,,0,0.0,-1,,,2029-08-18,0.0,2,984.0,0.0,EXT,0.0,0.0,BYMA,0.0,0.0,0.0,1054,CORP,0.0,0.0,0.0,,2.8857,,,32.89,YPF Energía Eléctrica S.A.,30714128309,Energía - Electricidad,True
0.0,NPCCC,0.0,103.4,0.0,0.0,0.0,,0,0.0,-1,,,2029-08-25,103.4,1,0.0,0.0,EXT,0.0,0.0,BYMA,0.0,0.0,0.0,1061,CORP,0.0,0.0,0.0,,2.9049,,,32.89,[NPC],,Sin mapear,False
0.0,PN41C,0.0,103.4277,0.0,0.0,0.0,,0,0.0,-1,,,2029-08-27,103.4277,1,0.0,0.0,EXT,0.0,0.0,BYMA,0.0,0.0,0.0,1063,CORP,0.0,0.0,0.0,,2.9103,,,32.89,Pan American Energy LLC (PAE Sucursal),30714813583,Energía - Petróleo y Gas,True
0.0,PN41X,0.0,156740.0,0.0,0.0,0.0,,0,0.0,-1,,,2029-08-27,156740.0,1,0.0,0.0,ARS,0.0,0.0,BYMA,0.0,0.0,0.0,1063,CORP,0.0,0.0,0.0,,2.9103,,,32.89,Pan American Energy LLC (PAE Sucursal),30714813583,Energía - Petróleo y Gas,True
0.0,PN41Y,0.0,103.6,0.0,0.0,0.0,,0,0.0,-1,,,2029-08-27,103.6,1,0.0,0.0,USD,0.0,0.0,BYMA,0.0,0.0,0.0,1063,CORP,0.0,0.0,0.0,,2.9103,,,32.89,Pan American Energy LLC (PAE Sucursal),30714813583,Energía - Petróleo y Gas,True
0.0,PN41Y,0.0,100.2,0.0,0.0,0.0,,0,0.0,-1,,,2029-08-27,100.2,2,0.0,0.0,USD,0.0,0.0,BYMA,0.0,0.0,0.0,1063,CORP,0.0,0.0,0.0,,2.9103,,,32.89,Pan American Energy LLC (PAE Sucursal),30714813583,Energía - Petróleo y Gas,True
0.0,CWCAD,0.0,100.3,0.0,0.0,0.0,,0,0.0,-1,,,2029-09-03,100.3,1,0.0,0.0,USD,0.0,0.0,BYMA,0.0,0.0,0.0,1070,CORP,0.0,0.0,0.0,,2.9295,,,32.89,CROWN POINT ENERGIA S.A.,30709346268,,True
0.0,RZ9AO,0.0,88000.0,87000.0,0.0,0.0,,0,0.0,-1,,,2029-09-03,88000.0,2,105.0,0.0,ARS,0.0,0.0,BYMA,0.0,0.0,0.0,1070,CORP,0.0,0.0,0.0,,2.9295,,,32.89,Rizobacter Argentina S.A.,30593174057,Agro - Biotech,True
0.0,RZ9BD,0.0,0.0,67.0,0.0,0.0,,0,0.0,-1,,,2029-09-03,0.0,1,900.0,0.0,USD,0.0,0.0,BYMA,0.0,0.0,0.0,1070,CORP,0.0,0.0,0.0,,2.9295,,,32.89,Rizobacter Argentina S.A.,30593174057,Agro - Biotech,True
0.0,RZBAD,0.0,60.0,60.0,0.0,0.0,,0,0.0,-1,,,2029-09-03,60.0,2,1600.0,0.0,USD,0.0,0.0,BYMA,0.0,0.0,0.0,1070,CORP,0.0,0.0,0.0,,2.9295,,,32.89,RIZOBACTER ARGENTINA S.A.,30593174057,,True
0.0,RZBAO,0.0,0.01,0.0,0.0,0.0,,0,0.0,-1,,,2029-09-03,0.01,1,0.0,0.0,ARS,0.0,0.0,BYMA,0.0,0.0,0.0,1070,CORP,0.0,0.0,0.0,,2.9295,,,32.89,RIZOBACTER ARGENTINA S.A.,30593174057,,True
0.0,RZBBD,0.0,66.75,0.0,0.0,0.0,,0,0.0,-1,,,2029-09-03,66.75,1,0.0,0.0,USD,0.0,0.0,BYMA,0.0,0.0,0.0,1070,CORP,0.0,0.0,0.0,,2.9295,,,32.89,RIZOBACTER ARGENTINA S.A.,30593174057,,True
0.0,RZBBO,0.0,84216.1152,0.0,0.0,0.0,,0,0.0,-1,,,2029-09-03,84216.1152,1,0.0,0.0,ARS,18400.0,0.0,BYMA,0.0,0.0,0.0,1070,CORP,0.0,0.0,200.0,,2.9295,,,32.89,RIZOBACTER ARGENTINA S.A.,30593174057,,True
0.0,RZBCD,0.0,68.0,0.0,0.0,0.0,,0,0.0,-1,,,2029-09-03,68.0,1,0.0,0.0,USD,0.0,0.0,BYMA,0.0,0.0,0.0,1070,CORP,0.0,0.0,0.0,,2.9295,,,32.89,RIZOBACTER ARGENTINA S.A.,30593174057,,True
0.0,RZBCO,0.0,103500.0,0.0,0.0,0.0,,0,0.0,-1,,,2029-09-03,103500.0,1,0.0,0.0,ARS,0.0,0.0,BYMA,0.0,0.0,0.0,1070,CORP,0.0,0.0,0.0,,2.9295,,,32.89,RIZOBACTER ARGENTINA S.A.,30593174057,,True
0.0,MU00M,0.0,152550.0,0.0,0.0,0.0,,0,0.0,-1,,,2029-09-07,152550.0,2,0.0,0.0,ARS,0.0,0.0,BYMA,0.0,0.0,0.0,1074,CORP,0.0,0.0,0.0,,2.9405,,,32.89,[MU0],,Sin mapear,False
0.0,SBC4D,0.0,98.0,0.0,0.0,0.0,,0,0.0,-1,,,2029-09-08,98.0,1,0.0,0.0,USD,98.5,0.0,BYMA,0.0,0.0,0.0,1075,CORP,0.0,0.0,1.0,,2.9432,,,32.89,SAN BAUTISTA DEL SUR SA,30715659340,,True
0.0,PB2MD,0.0,100.5,0.0,0.0,0.0,,0,0.0,-1,,,2029-09-14,100.5,2,0.0,0.0,USD,0.0,0.0,BYMA,0.0,0.0,0.0,1081,CORP,0.0,0.0,0.0,,2.9596,,,32.89,PROMEDON S.A.,30619780635,,True
0.0,PN35C,0.0,93.4124,0.0,0.0,0.0,,0,0.0,-1,,,2029-09-27,93.4124,1,0.0,0.0,EXT,0.0,0.0,BYMA,0.0,0.0,0.0,1094,CORP,0.0,0.0,0.0,,2.9952,,,32.89,Pan American Energy LLC (PAE Sucursal),30714813583,Energía - Petróleo y Gas,True
0.0,PN35X,0.0,151700.0,0.0,0.0,0.0,,0,0.0,-1,,,2029-09-27,151700.0,1,0.0,0.0,ARS,0.0,0.0,BYMA,0.0,0.0,0.0,1094,CORP,0.0,0.0,0.0,,2.9952,,,32.89,Pan American Energy LLC (PAE Sucursal),30714813583,Energía - Petróleo y Gas,True
0.0,PN35X,0.0,165122.0715,0.0,0.0,0.0,,0,0.0,-1,,,2029-09-27,165122.0715,2,0.0,0.0,ARS,0.0,0.0,BYMA,0.0,0.0,0.0,1094,CORP,0.0,0.0,0.0,,2.9952,,,32.89,Pan American Energy LLC (PAE Sucursal),30714813583,Energía - Petróleo y Gas,True
0.0,PN35Y,0.0,104.45,0.0,0.0,0.0,,0,0.0,-1,,,2029-09-27,104.45,1,0.0,0.0,USD,0.0,0.0,BYMA,0.0,0.0,0.0,1094,CORP,0.0,0.0,0.0,,2.9952,,,32.89,Pan American Energy LLC (PAE Sucursal),30714813583,Energía - Petróleo y Gas,True
0.0,PN35Y,0.0,100.7,0.0,0.0,0.0,,0,0.0,-1,,,2029-09-27,100.7,2,0.0,0.0,USD,0.0,0.0,BYMA,0.0,0.0,0.0,1094,CORP,0.0,0.0,0.0,,2.9952,,,32.89,Pan American Energy LLC (PAE Sucursal),30714813583,Energía - Petróleo y Gas,True
0.0,PN35Z,0.0,100.0,0.0,0.0,0.0,,0,0.0,-1,,,2029-09-27,100.0,1,0.0,0.0,EXT,0.0,0.0,BYMA,0.0,0.0,0.0,1094,CORP,0.0,0.0,0.0,,2.9952,,,32.89,Pan American Energy LLC (PAE Sucursal),30714813583,Energía - Petróleo y Gas,True
0.0,IRCOY,0.0,99.9,0.0,0.0,0.0,,0,0.0,-1,,,2029-10-23,99.9,2,0.0,0.0,USD,0.0,0.0,BYMA,0.0,0.0,0.0,1120,CORP,0.0,0.0,0.0,,3.0664,,,32.89,IRSA Inversiones y Representaciones S.A.,30524688673,Real Estate,True
0.0,TTC9C,0.0,92.5611,0.0,0.0,0.0,,0,0.0,-1,,,2029-10-24,92.5611,1,0.0,0.0,EXT,0.0,0.0,BYMA,0.0,0.0,0.0,1121,CORP,0.0,0.0,0.0,,3.0691,,,32.89,Tecpetrol S.A.,30592665472,Energía - Petróleo y Gas,True
0.0,TTC9C,0.0,103.0,0.0,0.0,0.0,,0,0.0,-1,,,2029-10-24,103.0,2,0.0,0.0,EXT,100.65,0.0,BYMA,0.0,0.0,0.0,1121,CORP,0.0,0.0,10000.0,,3.0691,,,32.89,Tecpetrol S.A.,30592665472,Energía - Petróleo y Gas,True
0.0,TTC9X,0.0,149650.0,0.0,0.0,0.0,,0,0.0,-1,,,2029-10-24,149650.0,1,0.0,0.0,ARS,0.0,0.0,BYMA,0.0,0.0,0.0,1121,CORP,0.0,0.0,0.0,,3.0691,,,32.89,Tecpetrol S.A.,30592665472,Energía - Petróleo y Gas,True
0.0,PFC3D,0.0,102.0,0.0,0.0,0.0,,0,0.0,-1,,,2029-11-08,102.0,1,0.0,0.0,USD,98.81,0.0,BYMA,0.0,0.0,0.0,1136,CORP,0.0,0.0,600.0,,3.1102,,,32.89,PATAGONIA FRUITS TRADE S.A,30690967541,,True
0.0,PFC3O,0.0,157500.0,0.0,0.0,0.0,,0,0.0,-1,,,2029-11-08,157500.0,1,0.0,0.0,ARS,150320.0,0.0,BYMA,0.0,0.0,0.0,1136,CORP,0.0,0.0,700.0,,3.1102,,,32.89,PATAGONIA FRUITS TRADE S.A,30690967541,,True
0.0,PFC3Y,0.0,101.25,0.0,0.0,0.0,,0,0.0,-1,,,2029-11-08,101.25,2,0.0,0.0,USD,0.0,0.0,BYMA,0.0,0.0,0.0,1136,CORP,0.0,0.0,0.0,,3.1102,,,32.89,PATAGONIA FRUITS TRADE S.A,30690967541,,True
0.0,PLC2C,0.0,88.4109,0.0,0.0,0.0,,0,0.0,-1,,,2030-01-27,88.4109,1,0.0,0.0,EXT,0.0,0.0,BYMA,0.0,0.0,0.0,1216,CORP,0.0,0.0,0.0,,3.3292,,,32.89,Pluspetrol S.A.,30678224010,Energía - Petróleo y Gas,True
0.0,PLC2Y,0.0,100.77,0.0,0.0,0.0,,0,0.0,-1,,,2030-01-27,100.77,2,0.0,0.0,USD,0.0,0.0,BYMA,0.0,0.0,0.0,1216,CORP,0.0,0.0,0.0,,3.3292,,,32.89,Pluspetrol S.A.,30678224010,Energía - Petróleo y Gas,True
0.0,OLC7C,0.0,93.4261,0.0,0.0,0.0,,0,0.0,-1,,,2030-02-23,93.4261,1,0.0,0.0,EXT,0.0,0.0,BYMA,0.0,0.0,0.0,1243,CORP,0.0,0.0,0.0,,3.4031,,,32.89,OLEODUCTOS DEL VALLE S.A.,30658840165,,True
0.0,OLC7Y,0.0,100.0,0.0,0.0,0.0,,0,0.0,-1,,,2030-02-23,100.0,1,0.0,0.0,USD,0.0,0.0,BYMA,0.0,0.0,0.0,1243,CORP,0.0,0.0,0.0,,3.4031,,,32.89,OLEODUCTOS DEL VALLE S.A.,30658840165,,True
0.0,PFC4D,0.0,100.0,0.0,0.0,0.0,,0,0.0,-1,,,2030-02-28,100.0,1,0.0,0.0,USD,0.0,0.0,BYMA,0.0,0.0,0.0,1248,CORP,0.0,0.0,0.0,,3.4168,,,32.89,PATAGONIA FRUITS TRADE S.A,30690967541,,True
0.0,PFC4O,0.0,149910.0,0.0,0.0,0.0,,0,0.0,-1,,,2030-02-28,149910.0,1,0.0,0.0,ARS,0.0,0.0,BYMA,0.0,0.0,0.0,1248,CORP,0.0,0.0,0.0,,3.4168,,,32.89,PATAGONIA FRUITS TRADE S.A,30690967541,,True
0.0,VSCUC,0.0,90.5033,0.0,0.0,0.0,,0,0.0,-1,,,2030-03-07,90.5033,1,0.0,0.0,EXT,0.0,0.0,BYMA,0.0,0.0,0.0,1255,CORP,0.0,0.0,0.0,,3.436,,,32.89,Vista Oil & Gas Argentina S.A.U.,33515950899,Energía - Petróleo y Gas,True
0.0,VSCUX,0.0,154668.8,0.0,0.0,0.0,,0,0.0,-1,,,2030-03-07,154668.8,1,0.0,0.0,ARS,0.0,0.0,BYMA,0.0,0.0,0.0,1255,CORP,0.0,0.0,0.0,,3.436,,,32.89,Vista Oil & Gas Argentina S.A.U.,33515950899,Energía - Petróleo y Gas,True
0.0,VSCUX,0.0,148350.0,0.0,0.0,0.0,,0,0.0,-1,,,2030-03-07,148350.0,2,0.0,0.0,ARS,0.0,0.0,BYMA,0.0,0.0,0.0,1255,CORP,0.0,0.0,0.0,,3.436,,,32.89,Vista Oil & Gas Argentina S.A.U.,33515950899,Energía - Petróleo y Gas,True
0.0,VSCUY,0.0,102.0,0.0,0.0,0.0,,0,0.0,-1,,,2030-03-07,102.0,1,0.0,0.0,USD,0.0,0.0,BYMA,0.0,0.0,0.0,1255,CORP,0.0,0.0,0.0,,3.436,,,32.89,Vista Oil & Gas Argentina S.A.U.,33515950899,Energía - Petróleo y Gas,True
0.0,VSCUY,0.0,109.75,0.0,0.0,0.0,,0,0.0,-1,,,2030-03-07,109.75,2,0.0,0.0,USD,0.0,0.0,BYMA,0.0,0.0,0.0,1255,CORP,0.0,0.0,0.0,,3.436,,,32.89,Vista Oil & Gas Argentina S.A.U.,33515950899,Energía - Petróleo y Gas,True
0.0,YM43X,0.0,155407.859,0.0,0.0,0.0,,0,0.0,-1,,,2030-04-14,155407.859,1,0.0,0.0,ARS,0.0,0.0,BYMA,0.0,0.0,0.0,1293,CORP,0.0,0.0,0.0,,3.54,,,32.89,YPF S.A.,30546689979,Energía - Petróleo y Gas,True
0.0,YM43X,0.0,153600.0,0.0,0.0,0.0,,0,0.0,-1,,,2030-04-14,153600.0,2,0.0,0.0,ARS,0.0,0.0,BYMA,0.0,0.0,0.0,1293,CORP,0.0,0.0,0.0,,3.54,,,32.89,YPF S.A.,30546689979,Energía - Petróleo y Gas,True
0.0,YM43Y,0.0,102.869,0.0,0.0,0.0,,0,0.0,-1,,,2030-04-14,102.869,1,0.0,0.0,USD,0.0,0.0,BYMA,0.0,0.0,0.0,1293,CORP,0.0,0.0,0.0,,3.54,,,32.89,YPF S.A.,30546689979,Energía - Petróleo y Gas,True
0.0,YM43Y,0.0,100.0,0.0,0.0,0.0,,0,0.0,-1,,,2030-04-14,100.0,2,0.0,0.0,USD,0.0,0.0,BYMA,0.0,0.0,0.0,1293,CORP,0.0,0.0,0.0,,3.54,,,32.89,YPF S.A.,30546689979,Energía - Petróleo y Gas,True
0.0,YM43Z,0.0,98.845,0.0,0.0,0.0,,0,0.0,-1,,,2030-04-14,98.845,1,0.0,0.0,EXT,0.0,0.0,BYMA,0.0,0.0,0.0,1293,CORP,0.0,0.0,0.0,,3.54,,,32.89,YPF S.A.,30546689979,Energía - Petróleo y Gas,True
0.0,YM43Z,0.0,98.91,0.0,0.0,0.0,,0,0.0,-1,,,2030-04-14,98.91,2,0.0,0.0,EXT,0.0,0.0,BYMA,0.0,0.0,0.0,1293,CORP,0.0,0.0,0.0,,3.54,,,32.89,YPF S.A.,30546689979,Energía - Petróleo y Gas,True
0.0,RAC5C,0.0,79.38,0.0,0.0,0.0,,0,0.0,-1,,,2030-04-24,79.38,1,0.0,0.0,EXT,0.0,0.0,BYMA,0.0,0.0,0.0,1303,CORP,0.0,0.0,0.0,,3.5674,,,32.89,[RAC],,Sin mapear,False
0.0,RAC5C,0.0,103.2,0.0,0.0,0.0,,0,0.0,-1,,,2030-04-24,103.2,2,0.0,0.0,EXT,0.0,0.0,BYMA,0.0,0.0,0.0,1303,CORP,0.0,0.0,0.0,,3.5674,,,32.89,[RAC],,Sin mapear,False
0.0,RAC5D,0.0,97.4533,0.0,0.0,0.0,,0,0.0,-1,,,2030-04-24,97.4533,1,0.0,0.0,USD,0.0,0.0,BYMA,0.0,0.0,0.0,1303,CORP,0.0,0.0,0.0,,3.5674,,,32.89,[RAC],,Sin mapear,False
0.0,RAC5D,0.0,99.725,0.0,0.0,0.0,,0,0.0,-1,,,2030-04-24,99.725,2,0.0,0.0,USD,0.0,0.0,BYMA,0.0,0.0,0.0,1303,CORP,0.0,0.0,0.0,,3.5674,,,32.89,[RAC],,Sin mapear,False
0.0,RAC5O,0.0,149913.9772,0.0,0.0,0.0,,0,0.0,-1,,,2030-04-24,149913.9772,1,0.0,0.0,ARS,0.0,0.0,BYMA,0.0,0.0,0.0,1303,CORP,0.0,0.0,0.0,,3.5674,,,32.89,[RAC],,Sin mapear,False
0.0,RAC5O,0.0,166150.0,0.0,0.0,0.0,,0,0.0,-1,,,2030-04-24,166150.0,2,0.0,0.0,ARS,0.0,0.0,BYMA,0.0,0.0,0.0,1303,CORP,0.0,0.0,0.0,,3.5674,,,32.89,[RAC],,Sin mapear,False
0.0,RAC5X,0.0,89600.0,0.0,0.0,0.0,,0,0.0,-1,,,2030-04-24,89600.0,1,0.0,0.0,ARS,0.0,0.0,BYMA,0.0,0.0,0.0,1303,CORP,0.0,0.0,0.0,,3.5674,,,32.89,[RAC],,Sin mapear,False
0.0,RAC5X,0.0,59000.0,0.0,0.0,0.0,,0,0.0,-1,,,2030-04-24,59000.0,2,0.0,0.0,ARS,0.0,0.0,BYMA,0.0,0.0,0.0,1303,CORP,0.0,0.0,0.0,,3.5674,,,32.89,[RAC],,Sin mapear,False
0.0,RAC5Y,0.0,105.0,0.0,0.0,0.0,,0,0.0,-1,,,2030-04-24,105.0,1,0.0,0.0,USD,0.0,0.0,BYMA,0.0,0.0,0.0,1303,CORP,0.0,0.0,0.0,,3.5674,,,32.89,[RAC],,Sin mapear,False
0.0,RAC5Z,0.0,100.0,0.0,0.0,0.0,,0,0.0,-1,,,2030-04-24,100.0,1,0.0,0.0,EXT,0.0,0.0,BYMA,0.0,0.0,0.0,1303,CORP,0.0,0.0,0.0,,3.5674,,,32.89,[RAC],,Sin mapear,False
0.0,RAC5Z,0.0,100.0,0.0,0.0,0.0,,0,0.0,-1,,,2030-04-24,100.0,2,0.0,0.0,EXT,0.0,0.0,BYMA,0.0,0.0,0.0,1303,CORP,0.0,0.0,0.0,,3.5674,,,32.89,[RAC],,Sin mapear,False
0.0,CS53C,0.0,99.51,0.0,0.0,0.0,,0,0.0,-1,,,2030-04-30,99.51,2,0.0,0.0,EXT,0.0,0.0,BYMA,0.0,0.0,0.0,1309,CORP,0.0,0.0,0.0,,3.5838,,,32.89,Cresud S.A.C.I.F. y A.,30509300700,Agro - Real Estate,True
0.0,CS53X,0.0,154194.0,0.0,0.0,0.0,,0,0.0,-1,,,2030-04-30,154194.0,1,0.0,0.0,ARS,0.0,0.0,BYMA,0.0,0.0,0.0,1309,CORP,0.0,0.0,0.0,,3.5838,,,32.89,Cresud S.A.C.I.F. y A.,30509300700,Agro - Real Estate,True
0.0,NPCDC,0.0,98.01,0.0,0.0,0.0,,0,0.0,-1,,,2030-04-30,98.01,2,0.0,0.0,EXT,0.0,0.0,BYMA,0.0,0.0,0.0,1309,CORP,0.0,0.0,0.0,,3.5838,,,32.89,[NPC],,Sin mapear,False
0.0,YM39X,0.0,126100.0,0.0,0.0,0.0,,0,0.0,-1,,,2030-07-22,126100.0,1,0.0,0.0,ARS,0.0,0.0,BYMA,0.0,0.0,0.0,1392,CORP,0.0,0.0,0.0,,3.8111,,,32.89,YPF S.A.,30546689979,Energía - Petróleo y Gas,True
0.0,YM39X,0.0,170734.0,0.0,0.0,0.0,,0,0.0,-1,,,2030-07-22,170734.0,2,0.0,0.0,ARS,0.0,0.0,BYMA,0.0,0.0,0.0,1392,CORP,0.0,0.0,0.0,,3.8111,,,32.89,YPF S.A.,30546689979,Energía - Petróleo y Gas,True
0.0,YM39Y,0.0,100.0,0.0,0.0,0.0,,0,0.0,-1,,,2030-07-22,100.0,1,0.0,0.0,USD,0.0,0.0,BYMA,0.0,0.0,0.0,1392,CORP,0.0,0.0,0.0,,3.8111,,,32.89,YPF S.A.,30546689979,Energía - Petróleo y Gas,True
0.0,YM39Y,0.0,103.4,0.0,0.0,0.0,,0,0.0,-1,,,2030-07-22,103.4,2,0.0,0.0,USD,0.0,0.0,BYMA,0.0,0.0,0.0,1392,CORP,0.0,0.0,0.0,,3.8111,,,32.89,YPF S.A.,30546689979,Energía - Petróleo y Gas,True
0.0,MGCUC,0.0,94.0,0.0,0.0,0.0,,0,0.0,-1,,,2030-08-21,94.0,2,0.0,0.0,EXT,0.0,0.0,BYMA,0.0,0.0,0.0,1422,CORP,0.0,0.0,0.0,,3.8932,,,32.89,Pampa Energía S.A.,30526552659,Energía - Electricidad,True
0.0,PECJO,0.0,50.0,0.0,0.0,0.0,,0,0.0,-1,,,2030-08-25,50.0,2,0.0,0.0,ARS,44.01,0.0,BYMA,0.0,0.0,0.0,1426,CORP,0.0,0.0,114000.0,,3.9042,,,32.89,PETROLERA ACONCAGUA ENERGIA S.A.,30714814229,,True
0.0,PECJX,0.0,84.2,0.0,0.0,0.0,,0,0.0,-1,,,2030-08-25,84.2,2,0.0,0.0,ARS,0.0,0.0,BYMA,0.0,0.0,0.0,1426,CORP,0.0,0.0,0.0,,3.9042,,,32.89,PETROLERA ACONCAGUA ENERGIA S.A.,30714814229,,True
0.0,PECKD,0.0,68.6493,0.0,0.0,0.0,,0,0.0,-1,,,2030-08-25,68.6493,1,0.0,0.0,USD,0.0,0.0,BYMA,0.0,0.0,0.0,1426,CORP,0.0,0.0,0.0,,3.9042,,,32.89,PETROLERA ACONCAGUA ENERGIA S.A.,30714814229,,True
0.0,PECKO,0.0,106153.0724,0.0,0.0,0.0,,0,0.0,-1,,,2030-08-25,106153.0724,1,0.0,0.0,ARS,0.0,0.0,BYMA,0.0,0.0,0.0,1426,CORP,0.0,0.0,0.0,,3.9042,,,32.89,PETROLERA ACONCAGUA ENERGIA S.A.,30714814229,,True
0.0,VMC1C,0.0,95.44,95.44,0.0,0.0,,0,0.0,-1,,,2030-09-22,95.44,1,30000.0,0.0,EXT,0.0,0.0,BYMA,0.0,0.0,0.0,1454,CORP,0.0,0.0,0.0,,3.9808,,,32.89,ESTACION DE SERVICIOS 25 DE MAYO SRL,33708128649,,True
0.0,VMC1X,0.0,153622.29,0.0,0.0,0.0,,0,0.0,-1,,,2030-09-22,153622.29,1,0.0,0.0,ARS,0.0,0.0,BYMA,0.0,0.0,0.0,1454,CORP,0.0,0.0,0.0,,3.9808,,,32.89,ESTACION DE SERVICIOS 25 DE MAYO SRL,33708128649,,True
0.0,VMC1Y,0.0,99.69,0.0,0.0,0.0,,0,0.0,-1,,,2030-09-22,99.69,1,0.0,0.0,USD,0.0,0.0,BYMA,0.0,0.0,0.0,1454,CORP,0.0,0.0,0.0,,3.9808,,,32.89,ESTACION DE SERVICIOS 25 DE MAYO SRL,33708128649,,True
0.0,OTS7C,0.0,0.0,95.65,0.0,0.0,,0,0.0,-1,,,2030-09-25,0.0,1,100000.0,0.0,EXT,0.0,0.0,BYMA,0.0,0.0,0.0,1457,CORP,0.0,0.0,0.0,,3.989,,,32.89,[OTS],,Sin mapear,False
0.0,OTS7C,0.0,0.0,100.95,0.0,0.0,,0,0.0,-1,,,2030-09-25,0.0,2,100000.0,0.0,EXT,0.0,0.0,BYMA,0.0,0.0,0.0,1457,CORP,0.0,0.0,0.0,,3.989,,,32.89,[OTS],,Sin mapear,False
0.0,DNC7C,0.0,105.65,107.7,0.0,0.0,,0,0.0,-1,,,2030-10-24,105.65,1,2000.0,0.0,EXT,0.0,0.0,BYMA,0.0,0.0,0.0,1486,CORP,0.0,0.0,0.0,,4.0684,,,32.89,EDENOR S.A.,30655116202,,True
0.0,DNC7X,0.0,151374.0,0.0,0.0,0.0,,0,0.0,-1,,,2030-10-24,151374.0,1,0.0,0.0,ARS,0.0,0.0,BYMA,0.0,0.0,0.0,1486,CORP,0.0,0.0,0.0,,4.0684,,,32.89,EDENOR S.A.,30655116202,,True
0.0,DNC7X,0.0,169754.921,0.0,0.0,0.0,,0,0.0,-1,,,2030-10-24,169754.921,2,0.0,0.0,ARS,0.0,0.0,BYMA,0.0,0.0,0.0,1486,CORP,0.0,0.0,0.0,,4.0684,,,32.89,EDENOR S.A.,30655116202,,True
0.0,DNC7Y,0.0,105.93,0.0,0.0,0.0,,0,0.0,-1,,,2030-10-24,105.93,1,0.0,0.0,USD,0.0,0.0,BYMA,0.0,0.0,0.0,1486,CORP,0.0,0.0,0.0,,4.0684,,,32.89,EDENOR S.A.,30655116202,,True
0.0,DNC7Y,0.0,108.5,0.0,0.0,0.0,,0,0.0,-1,,,2030-10-24,108.5,2,0.0,0.0,USD,0.0,0.0,BYMA,0.0,0.0,0.0,1486,CORP,0.0,0.0,0.0,,4.0684,,,32.89,EDENOR S.A.,30655116202,,True
0.0,DNC7Z,0.0,101.563,0.0,0.0,0.0,,0,0.0,-1,,,2030-10-24,101.563,1,0.0,0.0,EXT,0.0,0.0,BYMA,0.0,0.0,0.0,1486,CORP,0.0,0.0,0.0,,4.0684,,,32.89,EDENOR S.A.,30655116202,,True
0.0,DNC7Z,0.0,101.563,0.0,0.0,0.0,,0,0.0,-1,,,2030-10-24,101.563,2,0.0,0.0,EXT,0.0,0.0,BYMA,0.0,0.0,0.0,1486,CORP,0.0,0.0,0.0,,4.0684,,,32.89,EDENOR S.A.,30655116202,,True
0.0,TTCDX,0.0,154558.8899167,0.0,0.0,0.0,,0,0.0,-1,,,2030-11-03,154558.8899167,1,0.0,0.0,ARS,0.0,0.0,BYMA,0.0,0.0,0.0,1496,CORP,0.0,0.0,0.0,,4.0958,,,32.89,Tecpetrol S.A.,30592665472,Energía - Petróleo y Gas,True
0.0,TTCDX,0.0,154641.1090833,0.0,0.0,0.0,,0,0.0,-1,,,2030-11-03,154641.1090833,2,0.0,0.0,ARS,0.0,0.0,BYMA,0.0,0.0,0.0,1496,CORP,0.0,0.0,0.0,,4.0958,,,32.89,Tecpetrol S.A.,30592665472,Energía - Petróleo y Gas,True
0.0,TTCDY,0.0,105.85,0.0,0.0,0.0,,0,0.0,-1,,,2030-11-03,105.85,1,0.0,0.0,USD,0.0,0.0,BYMA,0.0,0.0,0.0,1496,CORP,0.0,0.0,0.0,,4.0958,,,32.89,Tecpetrol S.A.,30592665472,Energía - Petróleo y Gas,True
0.0,TTCDY,0.0,104.5,0.0,0.0,0.0,,0,0.0,-1,,,2030-11-03,104.5,2,0.0,0.0,USD,0.0,0.0,BYMA,0.0,0.0,0.0,1496,CORP,0.0,0.0,0.0,,4.0958,,,32.89,Tecpetrol S.A.,30592665472,Energía - Petróleo y Gas,True
0.0,TTCDZ,0.0,100.7,0.0,0.0,0.0,,0,0.0,-1,,,2030-11-03,100.7,1,0.0,0.0,EXT,0.0,0.0,BYMA,0.0,0.0,0.0,1496,CORP,0.0,0.0,0.0,,4.0958,,,32.89,Tecpetrol S.A.,30592665472,Energía - Petróleo y Gas,True
0.0,TTCDZ,0.0,100.705,0.0,0.0,0.0,,0,0.0,-1,,,2030-11-03,100.705,2,0.0,0.0,EXT,0.0,0.0,BYMA,0.0,0.0,0.0,1496,CORP,0.0,0.0,0.0,,4.0958,,,32.89,Tecpetrol S.A.,30592665472,Energía - Petróleo y Gas,True
0.0,LR3DO,0.0,115860.0,0.0,0.0,0.0,,0,0.0,-1,,,2030-11-13,115860.0,1,0.0,0.0,ARS,0.0,0.0,BYMA,0.0,0.0,0.0,1506,CORP,0.0,0.0,0.0,,4.1232,,,32.89,LABORATORIOS RICHMOND S.A.C.I.F.,30501152826,,True
0.0,LR3DO,0.0,115462.3819,0.0,0.0,0.0,,0,0.0,-1,,,2030-11-13,115462.3819,2,0.0,0.0,ARS,0.0,0.0,BYMA,0.0,0.0,0.0,1506,CORP,0.0,0.0,0.0,,4.1232,,,32.89,LABORATORIOS RICHMOND S.A.C.I.F.,30501152826,,True
0.0,CP38C,0.0,107.25,107.0,0.0,0.0,,0,0.0,-1,,,2030-11-28,107.25,1,30000.0,0.0,EXT,0.0,0.0,BYMA,0.0,0.0,0.0,1521,CORP,0.0,0.0,0.0,,4.1643,,,32.89,Cía. General de Combustibles S.A.,30506733932,Energía - Gas,True
0.0,CP38X,0.0,156000.0,0.0,0.0,0.0,,0,0.0,-1,,,2030-11-28,156000.0,1,0.0,0.0,ARS,0.0,0.0,BYMA,0.0,0.0,0.0,1521,CORP,0.0,0.0,0.0,,4.1643,,,32.89,Cía. General de Combustibles S.A.,30506733932,Energía - Gas,True
0.0,CP38X,0.0,156102.575,0.0,0.0,0.0,,0,0.0,-1,,,2030-11-28,156102.575,2,0.0,0.0,ARS,0.0,0.0,BYMA,0.0,0.0,0.0,1521,CORP,0.0,0.0,0.0,,4.1643,,,32.89,Cía. General de Combustibles S.A.,30506733932,Energía - Gas,True
0.0,RUCDC,0.0,102.55,103.1,0.0,0.0,,0,0.0,-1,,,2030-12-05,102.55,1,30000.0,0.0,EXT,0.0,0.0,BYMA,0.0,0.0,0.0,1528,CORP,0.0,0.0,0.0,,4.1834,,,32.89,CERAMICA RUTA 16 S.R.L.,30710080085,,True
0.0,RUCDX,0.0,153161.0,0.0,0.0,0.0,,0,0.0,-1,,,2030-12-05,153161.0,1,0.0,0.0,ARS,0.0,0.0,BYMA,0.0,0.0,0.0,1528,CORP,0.0,0.0,0.0,,4.1834,,,32.89,CERAMICA RUTA 16 S.R.L.,30710080085,,True
0.0,RUCDX,0.0,145606.0,0.0,0.0,0.0,,0,0.0,-1,,,2030-12-05,145606.0,2,0.0,0.0,ARS,0.0,0.0,BYMA,0.0,0.0,0.0,1528,CORP,0.0,0.0,0.0,,4.1834,,,32.89,CERAMICA RUTA 16 S.R.L.,30710080085,,True
0.0,RUCDZ,0.0,103.0,0.0,0.0,0.0,,0,0.0,-1,,,2030-12-05,103.0,1,0.0,0.0,EXT,0.0,0.0,BYMA,0.0,0.0,0.0,1528,CORP,0.0,0.0,0.0,,4.1834,,,32.89,CERAMICA RUTA 16 S.R.L.,30710080085,,True
0.0,BACHX,0.0,167015.0,0.0,0.0,0.0,,0,0.0,-1,,,2031-01-28,167015.0,1,0.0,0.0,ARS,0.0,0.0,BYMA,0.0,0.0,0.0,1582,CORP,0.0,0.0,0.0,,4.3313,,,32.89,[BAC],,Sin mapear,False
0.0,BACHX,0.0,164571.0,0.0,0.0,0.0,,0,0.0,-1,,,2031-01-28,164571.0,2,0.0,0.0,ARS,0.0,0.0,BYMA,0.0,0.0,0.0,1582,CORP,0.0,0.0,0.0,,4.3313,,,32.89,[BAC],,Sin mapear,False
0.0,BACHY,0.0,107.28,0.0,0.0,0.0,,0,0.0,-1,,,2031-01-28,107.28,1,0.0,0.0,USD,0.0,0.0,BYMA,0.0,0.0,0.0,1582,CORP,0.0,0.0,0.0,,4.3313,,,32.89,[BAC],,Sin mapear,False
0.0,BACHY,0.0,106.15,0.0,0.0,0.0,,0,0.0,-1,,,2031-01-28,106.15,2,0.0,0.0,USD,0.0,0.0,BYMA,0.0,0.0,0.0,1582,CORP,0.0,0.0,0.0,,4.3313,,,32.89,[BAC],,Sin mapear,False
0.0,BACHZ,0.0,100.0,0.0,0.0,0.0,,0,0.0,-1,,,2031-01-28,100.0,1,0.0,0.0,EXT,0.0,0.0,BYMA,0.0,0.0,0.0,1582,CORP,0.0,0.0,0.0,,4.3313,,,32.89,[BAC],,Sin mapear,False
0.0,PQCSC,0.0,103.0,0.0,0.0,0.0,,0,0.0,-1,,,2031-02-17,103.0,1,0.0,0.0,EXT,0.0,0.0,BYMA,0.0,0.0,0.0,1602,CORP,0.0,0.0,0.0,,4.386,,,32.89,Petroquímica Comodoro Rivadavia S.A.,30563598111,Industria - Petroquímica,True
0.0,PLC5C,0.0,105.4,103.95,0.0,0.0,,0,0.0,-1,,,2031-05-18,105.4,1,30000.0,0.0,EXT,0.0,0.0,BYMA,0.0,0.0,0.0,1692,CORP,0.0,0.0,0.0,,4.6324,,,32.89,Pluspetrol S.A.,30678224010,Energía - Petróleo y Gas,True
0.0,PNECC,0.0,13.7033,0.0,0.0,0.0,,0,0.0,-1,,,2031-07-12,13.7033,2,0.0,0.0,EXT,0.0,0.0,BYMA,0.0,0.0,0.0,1747,CORP,0.0,0.0,0.0,,4.783,,,32.89,Pan American Energy LLC (PAE Sucursal),30714813583,Energía - Petróleo y Gas,True
0.0,PNECO,0.0,122200.0,0.0,0.0,0.0,,0,0.0,-1,,,2031-07-12,122200.0,2,0.0,0.0,ARS,76600.0,0.0,BYMA,0.0,0.0,0.0,1747,CORP,0.0,0.0,10.0,,4.783,,,32.89,Pan American Energy LLC (PAE Sucursal),30714813583,Energía - Petróleo y Gas,True
0.0,PNECX,0.0,96000.0,0.0,0.0,0.0,,0,0.0,-1,,,2031-07-12,96000.0,1,0.0,0.0,ARS,0.0,0.0,BYMA,0.0,0.0,0.0,1747,CORP,0.0,0.0,0.0,,4.783,,,32.89,Pan American Energy LLC (PAE Sucursal),30714813583,Energía - Petróleo y Gas,True
0.0,PNECX,0.0,115150.0,0.0,0.0,0.0,,0,0.0,-1,,,2031-07-12,115150.0,2,0.0,0.0,ARS,0.0,0.0,BYMA,0.0,0.0,0.0,1747,CORP,0.0,0.0,0.0,,4.783,,,32.89,Pan American Energy LLC (PAE Sucursal),30714813583,Energía - Petróleo y Gas,True
0.0,TLCMX,0.0,160403.23,0.0,0.0,0.0,,0,0.0,-1,,,2031-07-18,160403.23,1,0.0,0.0,ARS,0.0,0.0,BYMA,0.0,0.0,0.0,1753,CORP,0.0,0.0,0.0,,4.7995,,,32.89,Telecom Argentina S.A.,30639453738,Telecomunicaciones,True
0.0,TLCMX,0.0,167812.34,0.0,0.0,0.0,,0,0.0,-1,,,2031-07-18,167812.34,2,0.0,0.0,ARS,0.0,0.0,BYMA,0.0,0.0,0.0,1753,CORP,0.0,0.0,0.0,,4.7995,,,32.89,Telecom Argentina S.A.,30639453738,Telecomunicaciones,True
0.0,TLCMY,0.0,106.525,0.0,0.0,0.0,,0,0.0,-1,,,2031-07-18,106.525,1,0.0,0.0,USD,0.0,0.0,BYMA,0.0,0.0,0.0,1753,CORP,0.0,0.0,0.0,,4.7995,,,32.89,Telecom Argentina S.A.,30639453738,Telecomunicaciones,True
0.0,TLCMY,0.0,112.018,0.0,0.0,0.0,,0,0.0,-1,,,2031-07-18,112.018,2,0.0,0.0,USD,0.0,0.0,BYMA,0.0,0.0,0.0,1753,CORP,0.0,0.0,0.0,,4.7995,,,32.89,Telecom Argentina S.A.,30639453738,Telecomunicaciones,True
0.0,TLCMZ,0.0,106.6,0.0,0.0,0.0,,0,0.0,-1,,,2031-07-18,106.6,1,0.0,0.0,EXT,0.0,0.0,BYMA,0.0,0.0,0.0,1753,CORP,0.0,0.0,0.0,,4.7995,,,32.89,Telecom Argentina S.A.,30639453738,Telecomunicaciones,True
0.0,TLCMZ,0.0,106.623,0.0,0.0,0.0,,0,0.0,-1,,,2031-07-18,106.623,2,0.0,0.0,EXT,0.0,0.0,BYMA,0.0,0.0,0.0,1753,CORP,0.0,0.0,0.0,,4.7995,,,32.89,Telecom Argentina S.A.,30639453738,Telecomunicaciones,True
0.0,TSC3C,0.0,106.55,105.3,0.0,0.0,,0,0.0,-1,,,2031-07-24,106.55,1,30000.0,0.0,EXT,0.0,0.0,BYMA,0.0,0.0,0.0,1759,CORP,0.0,0.0,0.0,,4.8159,,,32.89,[TSC],,Sin mapear,False
0.0,TSC3X,0.0,164890.0,0.0,0.0,0.0,,0,0.0,-1,,,2031-07-24,164890.0,1,0.0,0.0,ARS,0.0,0.0,BYMA,0.0,0.0,0.0,1759,CORP,0.0,0.0,0.0,,4.8159,,,32.89,[TSC],,Sin mapear,False
0.0,TSC3X,0.0,163719.36,0.0,0.0,0.0,,0,0.0,-1,,,2031-07-24,163719.36,2,0.0,0.0,ARS,0.0,0.0,BYMA,0.0,0.0,0.0,1759,CORP,0.0,0.0,0.0,,4.8159,,,32.89,[TSC],,Sin mapear,False
0.0,TSC3Y,0.0,112.318,0.0,0.0,0.0,,0,0.0,-1,,,2031-07-24,112.318,1,0.0,0.0,USD,0.0,0.0,BYMA,0.0,0.0,0.0,1759,CORP,0.0,0.0,0.0,,4.8159,,,32.89,[TSC],,Sin mapear,False
0.0,TSC3Y,0.0,112.338,0.0,0.0,0.0,,0,0.0,-1,,,2031-07-24,112.338,2,0.0,0.0,USD,0.0,0.0,BYMA,0.0,0.0,0.0,1759,CORP,0.0,0.0,0.0,,4.8159,,,32.89,[TSC],,Sin mapear,False
0.0,TSC3Z,0.0,110.0,0.0,0.0,0.0,,0,0.0,-1,,,2031-07-24,110.0,1,0.0,0.0,EXT,0.0,0.0,BYMA,0.0,0.0,0.0,1759,CORP,0.0,0.0,0.0,,4.8159,,,32.89,[TSC],,Sin mapear,False
0.0,TSC3Z,0.0,107.527,0.0,0.0,0.0,,0,0.0,-1,,,2031-07-24,107.527,2,0.0,0.0,EXT,0.0,0.0,BYMA,0.0,0.0,0.0,1759,CORP,0.0,0.0,0.0,,4.8159,,,32.89,[TSC],,Sin mapear,False
0.0,OZC6C,0.0,98.53,0.0,0.0,0.0,,0,0.0,-1,,,2031-07-28,98.53,1,0.0,0.0,EXT,0.0,0.0,BYMA,0.0,0.0,0.0,1763,CORP,0.0,0.0,0.0,,4.8268,,,32.89,EMPRESA DISTRIB DE ELECTRICIDAD DE MENDOZA S.A.,30699542454,,True
0.0,OZC6C,0.0,94.585,0.0,0.0,0.0,,0,0.0,-1,,,2031-07-28,94.585,2,0.0,0.0,EXT,0.0,0.0,BYMA,0.0,0.0,0.0,1763,CORP,0.0,0.0,0.0,,4.8268,,,32.89,EMPRESA DISTRIB DE ELECTRICIDAD DE MENDOZA S.A.,30699542454,,True
0.0,OZC6D,0.0,89.2204,0.0,0.0,0.0,,0,0.0,-1,,,2031-07-28,89.2204,1,0.0,0.0,USD,0.0,0.0,BYMA,0.0,0.0,0.0,1763,CORP,0.0,0.0,0.0,,4.8268,,,32.89,EMPRESA DISTRIB DE ELECTRICIDAD DE MENDOZA S.A.,30699542454,,True
0.0,OZC6D,0.0,97.9185,105.5,0.0,0.0,,0,0.0,-1,,,2031-07-28,97.9185,2,25000.0,0.0,USD,0.0,0.0,BYMA,0.0,0.0,0.0,1763,CORP,0.0,0.0,0.0,,4.8268,,,32.89,EMPRESA DISTRIB DE ELECTRICIDAD DE MENDOZA S.A.,30699542454,,True
0.0,OZC6O,0.0,137937.495,0.0,0.0,0.0,,0,0.0,-1,,,2031-07-28,137937.495,2,0.0,0.0,ARS,0.0,0.0,BYMA,0.0,0.0,0.0,1763,CORP,0.0,0.0,0.0,,4.8268,,,32.89,EMPRESA DISTRIB DE ELECTRICIDAD DE MENDOZA S.A.,30699542454,,True
0.0,ARC1C,0.0,103.25,102.3,0.0,0.0,,0,0.0,-1,,,2031-08-01,103.25,1,30000.0,0.0,EXT,0.0,0.0,BYMA,0.0,0.0,0.0,1767,CORP,0.0,0.0,0.0,,4.8378,,,32.89,Aeropuertos Argentina 2000 S.A.,30696170580,Infraestructura - Aeropuertos,True
0.0,ARC1X,0.0,55624.0,0.0,0.0,0.0,,0,0.0,-1,,,2031-08-01,55624.0,2,0.0,0.0,ARS,0.0,0.0,BYMA,0.0,0.0,0.0,1767,CORP,0.0,0.0,0.0,,4.8378,,,32.89,Aeropuertos Argentina 2000 S.A.,30696170580,Infraestructura - Aeropuertos,True
0.0,ARC1Z,0.0,98.25,0.0,0.0,0.0,,0,0.0,-1,,,2031-08-01,98.25,1,0.0,0.0,EXT,0.0,0.0,BYMA,0.0,0.0,0.0,1767,CORP,0.0,0.0,0.0,,4.8378,,,32.89,Aeropuertos Argentina 2000 S.A.,30696170580,Infraestructura - Aeropuertos,True
0.0,ARC1Z,0.0,93.0,0.0,0.0,0.0,,0,0.0,-1,,,2031-08-01,93.0,2,0.0,0.0,EXT,0.0,0.0,BYMA,0.0,0.0,0.0,1767,CORP,0.0,0.0,0.0,,4.8378,,,32.89,Aeropuertos Argentina 2000 S.A.,30696170580,Infraestructura - Aeropuertos,True
0.0,MGCMX,0.0,112500.0,0.0,0.0,0.0,,0,0.0,-1,,,2031-09-10,112500.0,1,0.0,0.0,ARS,0.0,0.0,BYMA,0.0,0.0,0.0,1807,CORP,0.0,0.0,0.0,,4.9473,,,32.89,Pampa Energía S.A.,30526552659,Energía - Electricidad,True
0.0,MGCMX,0.0,169390.812,0.0,0.0,0.0,,0,0.0,-1,,,2031-09-10,169390.812,2,0.0,0.0,ARS,0.0,0.0,BYMA,0.0,0.0,0.0,1807,CORP,0.0,0.0,0.0,,4.9473,,,32.89,Pampa Energía S.A.,30526552659,Energía - Electricidad,True
0.0,YMCXC,0.0,103.65,102.95,0.0,0.0,,0,0.0,-1,,,2031-09-11,103.65,1,30000.0,0.0,EXT,0.0,0.0,BYMA,0.0,0.0,0.0,1808,CORP,0.0,0.0,0.0,,4.95,,,32.89,YPF S.A.,30546689979,Energía - Petróleo y Gas,True
0.0,YMCXX,0.0,174938.4,0.0,0.0,0.0,,0,0.0,-1,,,2031-09-11,174938.4,1,0.0,0.0,ARS,0.0,0.0,BYMA,0.0,0.0,0.0,1808,CORP,0.0,0.0,0.0,,4.95,,,32.89,YPF S.A.,30546689979,Energía - Petróleo y Gas,True
0.0,YMCXX,0.0,173705.926,0.0,0.0,0.0,,0,0.0,-1,,,2031-09-11,173705.926,2,0.0,0.0,ARS,0.0,0.0,BYMA,0.0,0.0,0.0,1808,CORP,0.0,0.0,0.0,,4.95,,,32.89,YPF S.A.,30546689979,Energía - Petróleo y Gas,True
0.0,YMCXY,0.0,100.0,0.0,0.0,0.0,,0,0.0,-1,,,2031-09-11,100.0,1,0.0,0.0,USD,0.0,0.0,BYMA,0.0,0.0,0.0,1808,CORP,0.0,0.0,0.0,,4.95,,,32.89,YPF S.A.,30546689979,Energía - Petróleo y Gas,True
0.0,YMCXY,0.0,114.16,0.0,0.0,0.0,,0,0.0,-1,,,2031-09-11,114.16,2,0.0,0.0,USD,0.0,0.0,BYMA,0.0,0.0,0.0,1808,CORP,0.0,0.0,0.0,,4.95,,,32.89,YPF S.A.,30546689979,Energía - Petróleo y Gas,True
0.0,YMCXZ,0.0,109.2,0.0,0.0,0.0,,0,0.0,-1,,,2031-09-11,109.2,1,0.0,0.0,EXT,0.0,0.0,BYMA,0.0,0.0,0.0,1808,CORP,0.0,0.0,0.0,,4.95,,,32.89,YPF S.A.,30546689979,Energía - Petróleo y Gas,True
0.0,YMCXZ,0.0,115.026,0.0,0.0,0.0,,0,0.0,-1,,,2031-09-11,115.026,2,0.0,0.0,EXT,0.0,0.0,BYMA,0.0,0.0,0.0,1808,CORP,0.0,0.0,0.0,,4.95,,,32.89,YPF S.A.,30546689979,Energía - Petróleo y Gas,True
0.0,VSCRC,0.0,108.5,0.0,0.0,0.0,,0,0.0,-1,,,2031-10-10,108.5,1,0.0,0.0,EXT,0.0,0.0,BYMA,0.0,0.0,0.0,1837,CORP,0.0,0.0,0.0,,5.0294,,,32.89,Vista Oil & Gas Argentina S.A.U.,33515950899,Energía - Petróleo y Gas,True
0.0,VSCRX,0.0,165200.0,0.0,0.0,0.0,,0,0.0,-1,,,2031-10-10,165200.0,1,0.0,0.0,ARS,0.0,0.0,BYMA,0.0,0.0,0.0,1837,CORP,0.0,0.0,0.0,,5.0294,,,32.89,Vista Oil & Gas Argentina S.A.U.,33515950899,Energía - Petróleo y Gas,True
0.0,GN36X,0.0,87213.0,0.0,0.0,0.0,,0,0.0,-1,,,2031-12-23,87213.0,2,0.0,0.0,ARS,0.0,0.0,BYMA,0.0,0.0,0.0,1911,CORP,0.0,0.0,0.0,,5.232,,,32.89,Genneia S.A.,30665234114,Energía - Renovable,True
0.0,YFCAX,0.0,90216.82,0.0,0.0,0.0,,0,0.0,-1,,,2032-02-03,90216.82,1,0.0,0.0,ARS,0.0,0.0,BYMA,0.0,0.0,0.0,1953,CORP,0.0,0.0,0.0,,5.347,,,32.89,YPF Energía Eléctrica S.A.,30714128309,Energía - Electricidad,True
0.0,YFCAX,0.0,33020.0,0.0,0.0,0.0,,0,0.0,-1,,,2032-02-03,33020.0,2,0.0,0.0,ARS,0.0,0.0,BYMA,0.0,0.0,0.0,1953,CORP,0.0,0.0,0.0,,5.347,,,32.89,YPF Energía Eléctrica S.A.,30714128309,Energía - Electricidad,True
0.0,PNICD,0.0,80.0,90.0,0.0,0.0,,0,0.0,-1,,,2032-02-07,80.0,2,100.0,0.0,USD,0.0,0.0,BYMA,0.0,0.0,0.0,1957,CORP,0.0,0.0,0.0,,5.358,,,32.89,Pan American Energy LLC (PAE Sucursal),30714813583,Energía - Petróleo y Gas,True
0.0,PNICO,0.0,78256.4909,0.0,0.0,0.0,,0,0.0,-1,,,2032-02-07,78256.4909,1,0.0,0.0,ARS,0.0,0.0,BYMA,0.0,0.0,0.0,1957,CORP,0.0,0.0,0.0,,5.358,,,32.89,Pan American Energy LLC (PAE Sucursal),30714813583,Energía - Petróleo y Gas,True
0.0,PNICO,0.0,125000.0,150000.0,0.0,0.0,,0,0.0,-1,,,2032-02-07,125000.0,2,309.0,0.0,ARS,0.0,0.0,BYMA,0.0,0.0,0.0,1957,CORP,0.0,0.0,0.0,,5.358,,,32.89,Pan American Energy LLC (PAE Sucursal),30714813583,Energía - Petróleo y Gas,True
0.0,PNICX,0.0,114516.0,0.0,0.0,0.0,,0,0.0,-1,,,2032-02-07,114516.0,1,0.0,0.0,ARS,0.0,0.0,BYMA,0.0,0.0,0.0,1957,CORP,0.0,0.0,0.0,,5.358,,,32.89,Pan American Energy LLC (PAE Sucursal),30714813583,Energía - Petróleo y Gas,True
0.0,PNICX,0.0,138000.0,0.0,0.0,0.0,,0,0.0,-1,,,2032-02-07,138000.0,2,0.0,0.0,ARS,0.0,0.0,BYMA,0.0,0.0,0.0,1957,CORP,0.0,0.0,0.0,,5.358,,,32.89,Pan American Energy LLC (PAE Sucursal),30714813583,Energía - Petróleo y Gas,True
0.0,PNICY,0.0,47.25,0.0,0.0,0.0,,0,0.0,-1,,,2032-02-07,47.25,1,0.0,0.0,USD,0.0,0.0,BYMA,0.0,0.0,0.0,1957,CORP,0.0,0.0,0.0,,5.358,,,32.89,Pan American Energy LLC (PAE Sucursal),30714813583,Energía - Petróleo y Gas,True
0.0,AER5O,0.0,15877.1807,0.0,0.0,0.0,,0,0.0,-1,,,2032-02-21,15877.1807,2,0.0,0.0,ARS,0.0,0.0,BYMA,0.0,0.0,0.0,1971,CORP,0.0,0.0,0.0,,5.3963,,,32.89,[AER],,Sin mapear,False
0.0,AER5X,0.0,50985.573,0.0,0.0,0.0,,0,0.0,-1,,,2032-02-21,50985.573,1,0.0,0.0,ARS,0.0,0.0,BYMA,0.0,0.0,0.0,1971,CORP,0.0,0.0,0.0,,5.3963,,,32.89,[AER],,Sin mapear,False
0.0,AER5X,0.0,104800.0,0.0,0.0,0.0,,0,0.0,-1,,,2032-02-21,104800.0,2,0.0,0.0,ARS,0.0,0.0,BYMA,0.0,0.0,0.0,1971,CORP,0.0,0.0,0.0,,5.3963,,,32.89,[AER],,Sin mapear,False
0.0,GYC3O,0.0,96170.0,0.0,0.0,0.0,,0,0.0,-1,,,2032-03-08,96170.0,1,0.0,0.0,ARS,0.0,0.0,BYMA,0.0,0.0,0.0,1987,CORP,0.0,0.0,0.0,,5.4401,,,32.89,[GYC],,Sin mapear,False
0.0,GYC3O,0.0,96169.9014,120000.0,0.0,0.0,,0,0.0,-1,,,2032-03-08,96169.9014,2,50.0,0.0,ARS,0.0,0.0,BYMA,0.0,0.0,0.0,1987,CORP,0.0,0.0,0.0,,5.4401,,,32.89,[GYC],,Sin mapear,False
0.0,PNXCC,0.0,109.8,0.0,0.0,0.0,,0,0.0,-1,,,2032-04-30,109.8,1,0.0,0.0,EXT,108.5,0.0,BYMA,0.0,0.0,0.0,2040,CORP,0.0,0.0,30000.0,,5.5852,,,32.89,Pan American Energy LLC (PAE Sucursal),30714813583,Energía - Petróleo y Gas,True
0.0,PNXCX,0.0,162900.0,0.0,0.0,0.0,,0,0.0,-1,,,2032-04-30,162900.0,1,0.0,0.0,ARS,0.0,0.0,BYMA,0.0,0.0,0.0,2040,CORP,0.0,0.0,0.0,,5.5852,,,32.89,Pan American Energy LLC (PAE Sucursal),30714813583,Energía - Petróleo y Gas,True
0.0,PNXCX,0.0,153800.0,0.0,0.0,0.0,,0,0.0,-1,,,2032-04-30,153800.0,2,0.0,0.0,ARS,0.0,0.0,BYMA,0.0,0.0,0.0,2040,CORP,0.0,0.0,0.0,,5.5852,,,32.89,Pan American Energy LLC (PAE Sucursal),30714813583,Energía - Petróleo y Gas,True
0.0,PNXCY,0.0,113.354,0.0,0.0,0.0,,0,0.0,-1,,,2032-04-30,113.354,2,0.0,0.0,USD,0.0,0.0,BYMA,0.0,0.0,0.0,2040,CORP,0.0,0.0,0.0,,5.5852,,,32.89,Pan American Energy LLC (PAE Sucursal),30714813583,Energía - Petróleo y Gas,True
0.0,PNXCZ,0.0,109.72,0.0,0.0,0.0,,0,0.0,-1,,,2032-04-30,109.72,2,0.0,0.0,EXT,0.0,0.0,BYMA,0.0,0.0,0.0,2040,CORP,0.0,0.0,0.0,,5.5852,,,32.89,Pan American Energy LLC (PAE Sucursal),30714813583,Energía - Petróleo y Gas,True
0.0,LUC3X,0.0,87200.0,0.0,0.0,0.0,,0,0.0,-1,,,2032-05-05,87200.0,1,0.0,0.0,ARS,0.0,0.0,BYMA,0.0,0.0,0.0,2045,CORP,0.0,0.0,0.0,,5.5989,,,32.89,[LUC],,Sin mapear,False
0.0,LUC3X,0.0,87850.0,0.0,0.0,0.0,,0,0.0,-1,,,2032-05-05,87850.0,2,0.0,0.0,ARS,0.0,0.0,BYMA,0.0,0.0,0.0,2045,CORP,0.0,0.0,0.0,,5.5989,,,32.89,[LUC],,Sin mapear,False
0.0,PLC4X,0.0,157710.0,0.0,0.0,0.0,,0,0.0,-1,,,2032-05-30,157710.0,1,0.0,0.0,ARS,0.0,0.0,BYMA,0.0,0.0,0.0,2070,CORP,0.0,0.0,0.0,,5.6674,,,32.89,Pluspetrol S.A.,30678224010,Energía - Petróleo y Gas,True
0.0,PLC4X,0.0,172251.4705,0.0,0.0,0.0,,0,0.0,-1,,,2032-05-30,172251.4705,2,0.0,0.0,ARS,0.0,0.0,BYMA,0.0,0.0,0.0,2070,CORP,0.0,0.0,0.0,,5.6674,,,32.89,Pluspetrol S.A.,30678224010,Energía - Petróleo y Gas,True
0.0,PLC4Y,0.0,105.0,0.0,0.0,0.0,,0,0.0,-1,,,2032-05-30,105.0,1,0.0,0.0,USD,0.0,0.0,BYMA,0.0,0.0,0.0,2070,CORP,0.0,0.0,0.0,,5.6674,,,32.89,Pluspetrol S.A.,30678224010,Energía - Petróleo y Gas,True
0.0,PLC4Y,0.0,103.5,0.0,0.0,0.0,,0,0.0,-1,,,2032-05-30,103.5,2,0.0,0.0,USD,0.0,0.0,BYMA,0.0,0.0,0.0,2070,CORP,0.0,0.0,0.0,,5.6674,,,32.89,Pluspetrol S.A.,30678224010,Energía - Petróleo y Gas,True
0.0,PECLO,0.0,0.0,90.0,0.0,0.0,,0,0.0,-1,,,2032-08-25,0.0,1,59156.0,0.0,ARS,0.0,0.0,BYMA,0.0,0.0,0.0,2157,CORP,0.0,0.0,0.0,,5.9055,,,32.89,PETROLERA ACONCAGUA ENERGIA S.A.,30714814229,,True
0.0,PECLX,0.0,81.405,0.0,0.0,0.0,,0,0.0,-1,,,2032-08-25,81.405,2,0.0,0.0,ARS,0.0,0.0,BYMA,0.0,0.0,0.0,2157,CORP,0.0,0.0,0.0,,5.9055,,,32.89,PETROLERA ACONCAGUA ENERGIA S.A.,30714814229,,True
0.0,PECMD,0.0,67.6482,95.0,0.0,0.0,,0,0.0,-1,,,2032-08-25,67.6482,1,1123.0,0.0,USD,0.0,0.0,BYMA,0.0,0.0,0.0,2157,CORP,0.0,0.0,0.0,,5.9055,,,32.89,PETROLERA ACONCAGUA ENERGIA S.A.,30714814229,,True
0.0,PECMO,0.0,61613.0448,0.0,0.0,0.0,,0,0.0,-1,,,2032-08-25,61613.0448,1,0.0,0.0,ARS,0.0,0.0,BYMA,0.0,0.0,0.0,2157,CORP,0.0,0.0,0.0,,5.9055,,,32.89,PETROLERA ACONCAGUA ENERGIA S.A.,30714814229,,True
0.0,YFCJC,0.0,106.05,103.3,0.0,0.0,,0,0.0,-1,,,2032-10-16,106.05,1,30000.0,0.0,EXT,0.0,0.0,BYMA,0.0,0.0,0.0,2209,CORP,0.0,0.0,0.0,,6.0479,,,32.89,YPF Energía Eléctrica S.A.,30714128309,Energía - Electricidad,True
0.0,YFCJX,0.0,137800.0,0.0,0.0,0.0,,0,0.0,-1,,,2032-10-16,137800.0,2,0.0,0.0,ARS,0.0,0.0,BYMA,0.0,0.0,0.0,2209,CORP,0.0,0.0,0.0,,6.0479,,,32.89,YPF Energía Eléctrica S.A.,30714128309,Energía - Electricidad,True
0.0,YFCJY,0.0,103.386,0.0,0.0,0.0,,0,0.0,-1,,,2032-10-16,103.386,2,0.0,0.0,USD,0.0,0.0,BYMA,0.0,0.0,0.0,2209,CORP,0.0,0.0,0.0,,6.0479,,,32.89,YPF Energía Eléctrica S.A.,30714128309,Energía - Electricidad,True
0.0,YFCJZ,0.0,99.612,0.0,0.0,0.0,,0,0.0,-1,,,2032-10-16,99.612,1,0.0,0.0,EXT,0.0,0.0,BYMA,0.0,0.0,0.0,2209,CORP,0.0,0.0,0.0,,6.0479,,,32.89,YPF Energía Eléctrica S.A.,30714128309,Energía - Electricidad,True
0.0,RAC7C,0.0,98.0,0.0,0.0,0.0,,0,0.0,-1,,,2032-12-11,98.0,2,0.0,0.0,EXT,0.0,0.0,BYMA,0.0,0.0,0.0,2265,CORP,0.0,0.0,0.0,,6.2012,,,32.89,[RAC],,Sin mapear,False
0.0,RAC7D,0.0,96.4005,0.0,0.0,0.0,,0,0.0,-1,,,2032-12-11,96.4005,1,0.0,0.0,USD,0.0,0.0,BYMA,0.0,0.0,0.0,2265,CORP,0.0,0.0,0.0,,6.2012,,,32.89,[RAC],,Sin mapear,False
0.0,RAC7D,0.0,104.493,0.0,0.0,0.0,,0,0.0,-1,,,2032-12-11,104.493,2,0.0,0.0,USD,0.0,0.0,BYMA,0.0,0.0,0.0,2265,CORP,0.0,0.0,0.0,,6.2012,,,32.89,[RAC],,Sin mapear,False
0.0,RAC7O,0.0,106699.375,0.0,0.0,0.0,,0,0.0,-1,,,2032-12-11,106699.375,1,0.0,0.0,ARS,0.0,0.0,BYMA,0.0,0.0,0.0,2265,CORP,0.0,0.0,0.0,,6.2012,,,32.89,[RAC],,Sin mapear,False
0.0,RAC7O,0.0,166100.0,0.0,0.0,0.0,,0,0.0,-1,,,2032-12-11,166100.0,2,0.0,0.0,ARS,0.0,0.0,BYMA,0.0,0.0,0.0,2265,CORP,0.0,0.0,0.0,,6.2012,,,32.89,[RAC],,Sin mapear,False
0.0,TT1AX,0.0,162313.0,0.0,0.0,0.0,,0,0.0,-1,,,2033-01-22,162313.0,1,0.0,0.0,ARS,0.0,0.0,BYMA,0.0,0.0,0.0,2307,CORP,0.0,0.0,0.0,,6.3162,,,32.89,[TT1],,Sin mapear,False
0.0,TT1AX,0.0,163149.0,0.0,0.0,0.0,,0,0.0,-1,,,2033-01-22,163149.0,2,0.0,0.0,ARS,0.0,0.0,BYMA,0.0,0.0,0.0,2307,CORP,0.0,0.0,0.0,,6.3162,,,32.89,[TT1],,Sin mapear,False
0.0,TTCAC,0.0,102.0875,100.9,0.0,0.0,,0,0.0,-1,,,2033-01-22,102.0875,1,16000.0,0.0,EXT,0.0,0.0,BYMA,0.0,0.0,0.0,2307,CORP,0.0,0.0,0.0,,6.3162,,,32.89,Tecpetrol S.A.,30592665472,Energía - Petróleo y Gas,True
0.0,TTCAY,0.0,100.0,0.0,0.0,0.0,,0,0.0,-1,,,2033-01-22,100.0,1,0.0,0.0,USD,0.0,0.0,BYMA,0.0,0.0,0.0,2307,CORP,0.0,0.0,0.0,,6.3162,,,32.89,Tecpetrol S.A.,30592665472,Energía - Petróleo y Gas,True
0.0,TTCAY,0.0,100.011,0.0,0.0,0.0,,0,0.0,-1,,,2033-01-22,100.011,2,0.0,0.0,USD,0.0,0.0,BYMA,0.0,0.0,0.0,2307,CORP,0.0,0.0,0.0,,6.3162,,,32.89,Tecpetrol S.A.,30592665472,Energía - Petróleo y Gas,True
0.0,TTCAZ,0.0,102.578,0.0,0.0,0.0,,0,0.0,-1,,,2033-01-22,102.578,2,0.0,0.0,EXT,0.0,0.0,BYMA,0.0,0.0,0.0,2307,CORP,0.0,0.0,0.0,,6.3162,,,32.89,Tecpetrol S.A.,30592665472,Energía - Petróleo y Gas,True
0.0,GN38O,0.0,36131.9766,0.0,0.0,0.0,,0,0.0,-1,,,2033-02-10,36131.9766,2,0.0,0.0,ARS,0.0,0.0,BYMA,0.0,0.0,0.0,2326,CORP,0.0,0.0,0.0,,6.3682,,,32.89,Genneia S.A.,30665234114,Energía - Renovable,True
0.0,GN38X,0.0,149774.0,0.0,0.0,0.0,,0,0.0,-1,,,2033-02-10,149774.0,2,0.0,0.0,ARS,0.0,0.0,BYMA,0.0,0.0,0.0,2326,CORP,0.0,0.0,0.0,,6.3682,,,32.89,Genneia S.A.,30665234114,Energía - Renovable,True
0.0,DNCAX,0.0,164000.0,0.0,0.0,0.0,,0,0.0,-1,,,2033-04-28,164000.0,1,0.0,0.0,ARS,0.0,0.0,BYMA,0.0,0.0,0.0,2403,CORP,0.0,0.0,0.0,,6.5791,,,32.89,EDENOR S.A.,30655116202,,True
0.0,DNCAX,0.0,163406.4495,0.0,0.0,0.0,,0,0.0,-1,,,2033-04-28,163406.4495,2,0.0,0.0,ARS,0.0,0.0,BYMA,0.0,0.0,0.0,2403,CORP,0.0,0.0,0.0,,6.5791,,,32.89,EDENOR S.A.,30655116202,,True
0.0,DNCAY,0.0,105.6,0.0,0.0,0.0,,0,0.0,-1,,,2033-04-28,105.6,2,0.0,0.0,USD,0.0,0.0,BYMA,0.0,0.0,0.0,2403,CORP,0.0,0.0,0.0,,6.5791,,,32.89,EDENOR S.A.,30655116202,,True
0.0,DNCAZ,0.0,102.6,0.0,0.0,0.0,,0,0.0,-1,,,2033-04-28,102.6,1,0.0,0.0,EXT,0.0,0.0,BYMA,0.0,0.0,0.0,2403,CORP,0.0,0.0,0.0,,6.5791,,,32.89,EDENOR S.A.,30655116202,,True
0.0,DNCAZ,0.0,101.51,0.0,0.0,0.0,,0,0.0,-1,,,2033-04-28,101.51,2,0.0,0.0,EXT,0.0,0.0,BYMA,0.0,0.0,0.0,2403,CORP,0.0,0.0,0.0,,6.5791,,,32.89,EDENOR S.A.,30655116202,,True
0.0,TLCPX,0.0,171647.0,0.0,0.0,0.0,,0,0.0,-1,,,2033-05-28,171647.0,1,0.0,0.0,ARS,0.0,0.0,BYMA,0.0,0.0,0.0,2433,CORP,0.0,0.0,0.0,,6.6612,,,32.89,Telecom Argentina S.A.,30639453738,Telecomunicaciones,True
0.0,TLCPX,0.0,171035.0,0.0,0.0,0.0,,0,0.0,-1,,,2033-05-28,171035.0,2,0.0,0.0,ARS,0.0,0.0,BYMA,0.0,0.0,0.0,2433,CORP,0.0,0.0,0.0,,6.6612,,,32.89,Telecom Argentina S.A.,30639453738,Telecomunicaciones,True
0.0,TLCPY,0.0,111.524,0.0,0.0,0.0,,0,0.0,-1,,,2033-05-28,111.524,2,0.0,0.0,USD,0.0,0.0,BYMA,0.0,0.0,0.0,2433,CORP,0.0,0.0,0.0,,6.6612,,,32.89,Telecom Argentina S.A.,30639453738,Telecomunicaciones,True
0.0,TLCPZ,0.0,108.5,0.0,0.0,0.0,,0,0.0,-1,,,2033-05-28,108.5,1,0.0,0.0,EXT,0.0,0.0,BYMA,0.0,0.0,0.0,2433,CORP,0.0,0.0,0.0,,6.6612,,,32.89,Telecom Argentina S.A.,30639453738,Telecomunicaciones,True
0.0,TLCPZ,0.0,108.5,0.0,0.0,0.0,,0,0.0,-1,,,2033-05-28,108.5,2,0.0,0.0,EXT,0.0,0.0,BYMA,0.0,0.0,0.0,2433,CORP,0.0,0.0,0.0,,6.6612,,,32.89,Telecom Argentina S.A.,30639453738,Telecomunicaciones,True
0.0,VSCVX,0.0,170100.0,0.0,0.0,0.0,,0,0.0,-1,,,2033-06-10,170100.0,1,0.0,0.0,ARS,0.0,0.0,BYMA,0.0,0.0,0.0,2446,CORP,0.0,0.0,0.0,,6.6968,,,32.89,Vista Oil & Gas Argentina S.A.U.,33515950899,Energía - Petróleo y Gas,True
0.0,VSCVX,0.0,172730.0,0.0,0.0,0.0,,0,0.0,-1,,,2033-06-10,172730.0,2,0.0,0.0,ARS,0.0,0.0,BYMA,0.0,0.0,0.0,2446,CORP,0.0,0.0,0.0,,6.6968,,,32.89,Vista Oil & Gas Argentina S.A.U.,33515950899,Energía - Petróleo y Gas,True
0.0,VSCVY,0.0,109.5,0.0,0.0,0.0,,0,0.0,-1,,,2033-06-10,109.5,1,0.0,0.0,USD,0.0,0.0,BYMA,0.0,0.0,0.0,2446,CORP,0.0,0.0,0.0,,6.6968,,,32.89,Vista Oil & Gas Argentina S.A.U.,33515950899,Energía - Petróleo y Gas,True
0.0,VSCVY,0.0,108.0,0.0,0.0,0.0,,0,0.0,-1,,,2033-06-10,108.0,2,0.0,0.0,USD,0.0,0.0,BYMA,0.0,0.0,0.0,2446,CORP,0.0,0.0,0.0,,6.6968,,,32.89,Vista Oil & Gas Argentina S.A.U.,33515950899,Energía - Petróleo y Gas,True
0.0,VSCVZ,0.0,108.0,0.0,0.0,0.0,,0,0.0,-1,,,2033-06-10,108.0,1,0.0,0.0,EXT,0.0,0.0,BYMA,0.0,0.0,0.0,2446,CORP,0.0,0.0,0.0,,6.6968,,,32.89,Vista Oil & Gas Argentina S.A.U.,33515950899,Energía - Petróleo y Gas,True
0.0,VSCVZ,0.0,108.021,0.0,0.0,0.0,,0,0.0,-1,,,2033-06-10,108.021,2,0.0,0.0,EXT,0.0,0.0,BYMA,0.0,0.0,0.0,2446,CORP,0.0,0.0,0.0,,6.6968,,,32.89,Vista Oil & Gas Argentina S.A.U.,33515950899,Energía - Petróleo y Gas,True
0.0,OZC8C,0.0,98.19,98.43,0.0,0.0,,0,0.0,-1,,,2033-06-11,98.19,1,30000.0,0.0,EXT,0.0,0.0,BYMA,0.0,0.0,0.0,2447,CORP,0.0,0.0,0.0,,6.6995,,,32.89,EMPRESA DISTRIB DE ELECTRICIDAD DE MENDOZA S.A.,30699542454,,True
0.0,OZC8D,0.0,100.0,102.9,0.0,0.0,,0,0.0,-1,,,2033-06-11,100.0,1,30000.0,0.0,USD,0.0,0.0,BYMA,0.0,0.0,0.0,2447,CORP,0.0,0.0,0.0,,6.6995,,,32.89,EMPRESA DISTRIB DE ELECTRICIDAD DE MENDOZA S.A.,30699542454,,True
0.0,OZC8O,0.0,155100.0,159300.0,0.0,0.0,,0,0.0,-1,,,2033-06-11,155100.0,1,30000.0,0.0,ARS,0.0,0.0,BYMA,0.0,0.0,0.0,2447,CORP,0.0,0.0,0.0,,6.6995,,,32.89,EMPRESA DISTRIB DE ELECTRICIDAD DE MENDOZA S.A.,30699542454,,True
0.0,OZC8Z,0.0,96.0,0.0,0.0,0.0,,0,0.0,-1,,,2033-06-11,96.0,1,0.0,0.0,EXT,0.0,0.0,BYMA,0.0,0.0,0.0,2447,CORP,0.0,0.0,0.0,,6.6995,,,32.89,EMPRESA DISTRIB DE ELECTRICIDAD DE MENDOZA S.A.,30699542454,,True
0.0,OZC8Z,0.0,96.02,0.0,0.0,0.0,,0,0.0,-1,,,2033-06-11,96.02,2,0.0,0.0,EXT,0.0,0.0,BYMA,0.0,0.0,0.0,2447,CORP,0.0,0.0,0.0,,6.6995,,,32.89,EMPRESA DISTRIB DE ELECTRICIDAD DE MENDOZA S.A.,30699542454,,True
0.0,RC1CC,0.0,105.0,0.0,0.0,0.0,,0,0.0,-1,,,2033-07-31,105.0,1,0.0,0.0,EXT,0.0,0.0,BYMA,0.0,0.0,0.0,2497,CORP,0.0,0.0,0.0,,6.8364,,,32.89,ARCOR S.A.I.C.,30502793175,,True
0.0,RC1CO,0.0,163760.0,0.0,0.0,0.0,,0,0.0,-1,,,2033-07-31,163760.0,1,0.0,0.0,ARS,160140.0,0.0,BYMA,0.0,0.0,0.0,2497,CORP,0.0,0.0,9000.0,,6.8364,,,32.89,ARCOR S.A.I.C.,30502793175,,True
0.0,RC1CX,0.0,155545.6,0.0,0.0,0.0,,0,0.0,-1,,,2033-07-31,155545.6,1,0.0,0.0,ARS,0.0,0.0,BYMA,0.0,0.0,0.0,2497,CORP,0.0,0.0,0.0,,6.8364,,,32.89,ARCOR S.A.I.C.,30502793175,,True
0.0,RC1CY,0.0,107.75,0.0,0.0,0.0,,0,0.0,-1,,,2033-07-31,107.75,2,0.0,0.0,USD,0.0,0.0,BYMA,0.0,0.0,0.0,2497,CORP,0.0,0.0,0.0,,6.8364,,,32.89,ARCOR S.A.I.C.,30502793175,,True
0.0,RC1CZ,0.0,102.4,0.0,0.0,0.0,,0,0.0,-1,,,2033-07-31,102.4,1,0.0,0.0,EXT,0.0,0.0,BYMA,0.0,0.0,0.0,2497,CORP,0.0,0.0,0.0,,6.8364,,,32.89,ARCOR S.A.I.C.,30502793175,,True
0.0,YMCJX,0.0,165858.75,0.0,0.0,0.0,,0,0.0,-1,,,2033-09-30,165858.75,1,0.0,0.0,ARS,0.0,0.0,BYMA,0.0,0.0,0.0,2558,CORP,0.0,0.0,0.0,,7.0034,,,32.89,YPF S.A.,30546689979,Energía - Petróleo y Gas,True
0.0,YMCJX,0.0,165787.2,0.0,0.0,0.0,,0,0.0,-1,,,2033-09-30,165787.2,2,0.0,0.0,ARS,0.0,0.0,BYMA,0.0,0.0,0.0,2558,CORP,0.0,0.0,0.0,,7.0034,,,32.89,YPF S.A.,30546689979,Energía - Petróleo y Gas,True
0.0,YMCJZ,0.0,103.5,0.0,0.0,0.0,,0,0.0,-1,,,2033-09-30,103.5,1,0.0,0.0,EXT,0.0,0.0,BYMA,0.0,0.0,0.0,2558,CORP,0.0,0.0,0.0,,7.0034,,,32.89,YPF S.A.,30546689979,Energía - Petróleo y Gas,True
0.0,YMCJZ,0.0,104.4,0.0,0.0,0.0,,0,0.0,-1,,,2033-09-30,104.4,2,0.0,0.0,EXT,0.0,0.0,BYMA,0.0,0.0,0.0,2558,CORP,0.0,0.0,0.0,,7.0034,,,32.89,YPF S.A.,30546689979,Energía - Petróleo y Gas,True
0.0,EAC2D,0.0,93.28,99.0,0.0,0.0,,0,0.0,-1,,,2033-10-12,93.28,2,500.0,0.0,USD,0.0,0.0,BYMA,0.0,0.0,0.0,2570,CORP,0.0,0.0,0.0,,7.0363,,,32.89,MSU GREEN ENERGY S.A.U.,30714155128,,True
0.0,EAC2O,0.0,69980.0,0.0,0.0,0.0,,0,0.0,-1,,,2033-10-12,69980.0,2,0.0,0.0,ARS,72070.0,0.0,BYMA,0.0,0.0,0.0,2570,CORP,0.0,0.0,100.0,,7.0363,,,32.89,MSU GREEN ENERGY S.A.U.,30714155128,,True
0.0,GN49C,0.0,102.35,0.0,0.0,0.0,,0,0.0,-1,,,2033-12-02,102.35,1,0.0,0.0,EXT,0.0,0.0,BYMA,0.0,0.0,0.0,2621,CORP,0.0,0.0,0.0,,7.1759,,,32.89,Genneia S.A.,30665234114,Energía - Renovable,True
0.0,YM34X,0.0,165984.0,0.0,0.0,0.0,,0,0.0,-1,,,2034-01-17,165984.0,1,0.0,0.0,ARS,0.0,0.0,BYMA,0.0,0.0,0.0,2667,CORP,0.0,0.0,0.0,,7.3018,,,32.89,YPF S.A.,30546689979,Energía - Petróleo y Gas,True
0.0,YM34X,0.0,167111.27,0.0,0.0,0.0,,0,0.0,-1,,,2034-01-17,167111.27,2,0.0,0.0,ARS,0.0,0.0,BYMA,0.0,0.0,0.0,2667,CORP,0.0,0.0,0.0,,7.3018,,,32.89,YPF S.A.,30546689979,Energía - Petróleo y Gas,True
0.0,YM34Y,0.0,110.0,0.0,0.0,0.0,,0,0.0,-1,,,2034-01-17,110.0,1,0.0,0.0,USD,0.0,0.0,BYMA,0.0,0.0,0.0,2667,CORP,0.0,0.0,0.0,,7.3018,,,32.89,YPF S.A.,30546689979,Energía - Petróleo y Gas,True
0.0,YM34Y,0.0,110.0,0.0,0.0,0.0,,0,0.0,-1,,,2034-01-17,110.0,2,0.0,0.0,USD,0.0,0.0,BYMA,0.0,0.0,0.0,2667,CORP,0.0,0.0,0.0,,7.3018,,,32.89,YPF S.A.,30546689979,Energía - Petróleo y Gas,True
0.0,LQC1C,0.0,99.04,97.69,0.0,0.0,,0,0.0,-1,,,2034-07-28,99.04,1,30000.0,0.0,EXT,0.0,0.0,BYMA,0.0,0.0,0.0,2859,CORP,0.0,0.0,0.0,,7.8275,,,32.89,[LQC],,Sin mapear,False
0.0,LQC1C,0.0,97.44,97.25,0.0,0.0,,0,0.0,-1,,,2034-07-28,97.44,2,9000.0,0.0,EXT,0.0,0.0,BYMA,0.0,0.0,0.0,2859,CORP,0.0,0.0,0.0,,7.8275,,,32.89,[LQC],,Sin mapear,False
0.0,LQC1Z,0.0,100.4,0.0,0.0,0.0,,0,0.0,-1,,,2034-07-28,100.4,1,0.0,0.0,EXT,0.0,0.0,BYMA,0.0,0.0,0.0,2859,CORP,0.0,0.0,0.0,,7.8275,,,32.89,[LQC],,Sin mapear,False
0.0,LQC1Z,0.0,100.422,0.0,0.0,0.0,,0,0.0,-1,,,2034-07-28,100.422,2,0.0,0.0,EXT,0.0,0.0,BYMA,0.0,0.0,0.0,2859,CORP,0.0,0.0,0.0,,7.8275,,,32.89,[LQC],,Sin mapear,False
0.0,CLI1C,0.0,27.7146,0.0,0.0,0.0,,0,0.0,-1,,,2034-12-10,27.7146,2,0.0,0.0,EXT,0.0,0.0,BYMA,0.0,0.0,0.0,2994,CORP,0.0,0.0,0.0,,8.1971,,,32.89,[CLI],,Sin mapear,False
0.0,CLI1D,0.0,26.59,0.0,0.0,0.0,,0,0.0,-1,,,2034-12-10,26.59,1,0.0,0.0,USD,25.8,0.0,BYMA,0.0,0.0,0.0,2994,CORP,0.0,0.0,10000.0,,8.1971,,,32.89,[CLI],,Sin mapear,False
0.0,CLI1O,0.0,50550.0,0.0,0.0,0.0,,0,0.0,-1,,,2034-12-10,50550.0,1,0.0,0.0,ARS,0.0,0.0,BYMA,0.0,0.0,0.0,2994,CORP,0.0,0.0,0.0,,8.1971,,,32.89,[CLI],,Sin mapear,False
0.0,MGCOC,0.0,104.55,101.75,0.0,0.0,,0,0.0,-1,,,2034-12-16,104.55,1,30000.0,0.0,EXT,0.0,0.0,BYMA,0.0,0.0,0.0,3000,CORP,0.0,0.0,0.0,,8.2136,,,32.89,Pampa Energía S.A.,30526552659,Energía - Electricidad,True
0.0,MGCOX,0.0,154662.33,0.0,0.0,0.0,,0,0.0,-1,,,2034-12-16,154662.33,1,0.0,0.0,ARS,0.0,0.0,BYMA,0.0,0.0,0.0,3000,CORP,0.0,0.0,0.0,,8.2136,,,32.89,Pampa Energía S.A.,30526552659,Energía - Electricidad,True
0.0,MGCOX,0.0,166620.0,0.0,0.0,0.0,,0,0.0,-1,,,2034-12-16,166620.0,2,0.0,0.0,ARS,0.0,0.0,BYMA,0.0,0.0,0.0,3000,CORP,0.0,0.0,0.0,,8.2136,,,32.89,Pampa Energía S.A.,30526552659,Energía - Electricidad,True
0.0,MGCOY,0.0,109.116,0.0,0.0,0.0,,0,0.0,-1,,,2034-12-16,109.116,1,0.0,0.0,USD,0.0,0.0,BYMA,0.0,0.0,0.0,3000,CORP,0.0,0.0,0.0,,8.2136,,,32.89,Pampa Energía S.A.,30526552659,Energía - Electricidad,True
0.0,MGCOY,0.0,109.116,0.0,0.0,0.0,,0,0.0,-1,,,2034-12-16,109.116,2,0.0,0.0,USD,0.0,0.0,BYMA,0.0,0.0,0.0,3000,CORP,0.0,0.0,0.0,,8.2136,,,32.89,Pampa Energía S.A.,30526552659,Energía - Electricidad,True
0.0,MR48O,0.0,111000.0,0.0,0.0,0.0,,0,0.0,-1,,,2034-12-31,111000.0,1,0.0,0.0,ARS,0.0,0.0,BYMA,0.0,0.0,0.0,3015,CORP,0.0,0.0,0.0,,8.2546,,,32.89,Generación Mediterránea / Central Térmica Roca S.A.,33711944899,Energía - Electricidad,True
0.0,MR49D,0.0,65.0,63.64,0.0,0.0,,0,0.0,-1,,,2034-12-31,65.0,2,1275.0,0.0,USD,0.0,0.0,BYMA,0.0,0.0,0.0,3015,CORP,0.0,0.0,0.0,,8.2546,,,32.89,Generación Mediterránea / Central Térmica Roca S.A.,33711944899,Energía - Electricidad,True
0.0,IRCPX,0.0,154150.6,0.0,0.0,0.0,,0,0.0,-1,,,2035-03-31,154150.6,1,0.0,0.0,ARS,0.0,0.0,BYMA,0.0,0.0,0.0,3105,CORP,0.0,0.0,0.0,,8.501,,,32.89,IRSA Inversiones y Representaciones S.A.,30524688673,Real Estate,True
0.0,IRCPX,0.0,166296.654,0.0,0.0,0.0,,0,0.0,-1,,,2035-03-31,166296.654,2,0.0,0.0,ARS,0.0,0.0,BYMA,0.0,0.0,0.0,3105,CORP,0.0,0.0,0.0,,8.501,,,32.89,IRSA Inversiones y Representaciones S.A.,30524688673,Real Estate,True
0.0,IRCPY,0.0,108.55,0.0,0.0,0.0,,0,0.0,-1,,,2035-03-31,108.55,1,0.0,0.0,USD,0.0,0.0,BYMA,0.0,0.0,0.0,3105,CORP,0.0,0.0,0.0,,8.501,,,32.89,IRSA Inversiones y Representaciones S.A.,30524688673,Real Estate,True
0.0,IRCPY,0.0,106.5,0.0,0.0,0.0,,0,0.0,-1,,,2035-03-31,106.5,2,0.0,0.0,USD,0.0,0.0,BYMA,0.0,0.0,0.0,3105,CORP,0.0,0.0,0.0,,8.501,,,32.89,IRSA Inversiones y Representaciones S.A.,30524688673,Real Estate,True
0.0,IRCPZ,0.0,105.8,0.0,0.0,0.0,,0,0.0,-1,,,2035-03-31,105.8,1,0.0,0.0,EXT,0.0,0.0,BYMA,0.0,0.0,0.0,3105,CORP,0.0,0.0,0.0,,8.501,,,32.89,IRSA Inversiones y Representaciones S.A.,30524688673,Real Estate,True
0.0,YM44X,0.0,155451.36,0.0,0.0,0.0,,0,0.0,-1,,,2035-06-18,155451.36,2,0.0,0.0,ARS,0.0,0.0,BYMA,0.0,0.0,0.0,3184,CORP,0.0,0.0,0.0,,8.7173,,,32.89,YPF S.A.,30546689979,Energía - Petróleo y Gas,True
0.0,TSC4Y,0.0,108.021,0.0,0.0,0.0,,0,0.0,-1,,,2035-11-20,108.021,1,0.0,0.0,USD,0.0,0.0,BYMA,0.0,0.0,0.0,3339,CORP,0.0,0.0,0.0,,9.1417,,,32.89,[TSC],,Sin mapear,False
0.0,TSC4Y,0.0,108.021,0.0,0.0,0.0,,0,0.0,-1,,,2035-11-20,108.021,2,0.0,0.0,USD,0.0,0.0,BYMA,0.0,0.0,0.0,3339,CORP,0.0,0.0,0.0,,9.1417,,,32.89,[TSC],,Sin mapear,False
0.0,TSC4Z,0.0,106.0,0.0,0.0,0.0,,0,0.0,-1,,,2035-11-20,106.0,1,0.0,0.0,EXT,0.0,0.0,BYMA,0.0,0.0,0.0,3339,CORP,0.0,0.0,0.0,,9.1417,,,32.89,[TSC],,Sin mapear,False
0.0,TSC4Z,0.0,106.024,0.0,0.0,0.0,,0,0.0,-1,,,2035-11-20,106.024,2,0.0,0.0,EXT,0.0,0.0,BYMA,0.0,0.0,0.0,3339,CORP,0.0,0.0,0.0,,9.1417,,,32.89,[TSC],,Sin mapear,False
0.0,VSCTC,0.0,104.65,100.8,0.0,0.0,,0,0.0,-1,,,2035-12-10,104.65,1,30000.0,0.0,EXT,0.0,0.0,BYMA,0.0,0.0,0.0,3359,CORP,0.0,0.0,0.0,,9.1964,,,32.89,Vista Oil & Gas Argentina S.A.U.,33515950899,Energía - Petróleo y Gas,True
0.0,VSCTX,0.0,119590.0,0.0,0.0,0.0,,0,0.0,-1,,,2035-12-10,119590.0,1,0.0,0.0,ARS,0.0,0.0,BYMA,0.0,0.0,0.0,3359,CORP,0.0,0.0,0.0,,9.1964,,,32.89,Vista Oil & Gas Argentina S.A.U.,33515950899,Energía - Petróleo y Gas,True
0.0,VSCTX,0.0,158788.0,0.0,0.0,0.0,,0,0.0,-1,,,2035-12-10,158788.0,2,0.0,0.0,ARS,0.0,0.0,BYMA,0.0,0.0,0.0,3359,CORP,0.0,0.0,0.0,,9.1964,,,32.89,Vista Oil & Gas Argentina S.A.U.,33515950899,Energía - Petróleo y Gas,True
0.0,VSCTZ,0.0,99.96,0.0,0.0,0.0,,0,0.0,-1,,,2035-12-10,99.96,1,0.0,0.0,EXT,0.0,0.0,BYMA,0.0,0.0,0.0,3359,CORP,0.0,0.0,0.0,,9.1964,,,32.89,Vista Oil & Gas Argentina S.A.U.,33515950899,Energía - Petróleo y Gas,True
0.0,TLCTX,0.0,152463.0135,0.0,0.0,0.0,,0,0.0,-1,,,2036-01-20,152463.0135,1,0.0,0.0,ARS,0.0,0.0,BYMA,0.0,0.0,0.0,3400,CORP,0.0,0.0,0.0,,9.3087,,,32.89,Telecom Argentina S.A.,30639453738,Telecomunicaciones,True
0.0,TLCTY,0.0,110.4,0.0,0.0,0.0,,0,0.0,-1,,,2036-01-20,110.4,2,0.0,0.0,USD,0.0,0.0,BYMA,0.0,0.0,0.0,3400,CORP,0.0,0.0,0.0,,9.3087,,,32.89,Telecom Argentina S.A.,30639453738,Telecomunicaciones,True
0.0,EAC4C,0.0,98.5,0.0,0.0,0.0,,0,0.0,-1,,,2036-06-16,98.5,1,0.0,0.0,EXT,0.0,0.0,BYMA,0.0,0.0,0.0,3548,CORP,0.0,0.0,0.0,,9.7139,,,32.89,MSU GREEN ENERGY S.A.U.,30714155128,,True
0.0,MR43D,0.0,24.0,26.0,0.0,0.0,,0,0.0,-1,,,2036-06-30,24.0,1,2000.0,0.0,USD,0.0,0.0,BYMA,0.0,0.0,0.0,3562,CORP,0.0,0.0,0.0,,9.7522,,,32.89,Generación Mediterránea / Central Térmica Roca S.A.,33711944899,Energía - Electricidad,True
0.0,MR44C,0.0,24.0,0.0,0.0,0.0,,0,0.0,-1,,,2036-06-30,24.0,2,0.0,0.0,EXT,0.0,0.0,BYMA,0.0,0.0,0.0,3562,CORP,0.0,0.0,0.0,,9.7522,,,32.89,Generación Mediterránea / Central Térmica Roca S.A.,33711944899,Energía - Electricidad,True
0.0,MR45D,0.0,29.0,0.0,0.0,0.0,,0,0.0,-1,,,2036-06-30,29.0,1,0.0,0.0,USD,25.001,0.0,BYMA,0.0,0.0,0.0,3562,CORP,0.0,0.0,1400.0,,9.7522,,,32.89,Generación Mediterránea / Central Térmica Roca S.A.,33711944899,Energía - Electricidad,True
0.0,MR45O,0.0,43000.0,143400.0,0.0,0.0,,0,0.0,-1,,,2036-06-30,43000.0,1,2000.0,0.0,ARS,0.0,0.0,BYMA,0.0,0.0,0.0,3562,CORP,0.0,0.0,0.0,,9.7522,,,32.89,Generación Mediterránea / Central Térmica Roca S.A.,33711944899,Energía - Electricidad,True
0.0,MR47D,0.0,44.001,93.0,0.0,0.0,,0,0.0,-1,,,2036-06-30,44.001,1,5843.0,0.0,USD,0.0,0.0,BYMA,0.0,0.0,0.0,3562,CORP,0.0,0.0,0.0,,9.7522,,,32.89,Generación Mediterránea / Central Térmica Roca S.A.,33711944899,Energía - Electricidad,True
0.0,MR50D,0.0,36.0,0.0,0.0,0.0,,0,0.0,-1,,,2036-06-30,36.0,2,0.0,0.0,USD,0.0,0.0,BYMA,0.0,0.0,0.0,3562,CORP,0.0,0.0,0.0,,9.7522,,,32.89,GENER.MEDITE./CENTRAL TERMICA ROCA S.A.,33711944899,,True
0.0,MR50O,0.0,55000.0,0.0,0.0,0.0,,0,0.0,-1,,,2036-06-30,55000.0,1,0.0,0.0,ARS,0.0,0.0,BYMA,0.0,0.0,0.0,3562,CORP,0.0,0.0,0.0,,9.7522,,,32.89,GENER.MEDITE./CENTRAL TERMICA ROCA S.A.,33711944899,,True
0.0,RAC8C,0.0,100.0,102.45,0.0,0.0,,0,0.0,-1,,,2036-08-04,100.0,1,30000.0,0.0,EXT,0.0,0.0,BYMA,0.0,0.0,0.0,3597,CORP,0.0,0.0,0.0,,9.848,,,32.89,[RAC],,Sin mapear,False
0.0,RAC8C,0.0,101.4,102.5,0.0,0.0,,0,0.0,-1,,,2036-08-04,101.4,2,30000.0,0.0,EXT,0.0,0.0,BYMA,0.0,0.0,0.0,3597,CORP,0.0,0.0,0.0,,9.848,,,32.89,[RAC],,Sin mapear,False
0.0,RAC8D,0.0,105.15,107.15,0.0,0.0,,0,0.0,-1,,,2036-08-04,105.15,1,30000.0,0.0,USD,0.0,0.0,BYMA,0.0,0.0,0.0,3597,CORP,0.0,0.0,0.0,,9.848,,,32.89,[RAC],,Sin mapear,False
0.0,RAC8O,0.0,0.0,165840.0,0.0,0.0,,0,0.0,-1,,,2036-08-04,0.0,1,30000.0,0.0,ARS,0.0,0.0,BYMA,0.0,0.0,0.0,3597,CORP,0.0,0.0,0.0,,9.848,,,32.89,[RAC],,Sin mapear,False
0.0,RAC8O,0.0,163100.0,165940.0,0.0,0.0,,0,0.0,-1,,,2036-08-04,163100.0,2,30000.0,0.0,ARS,0.0,0.0,BYMA,0.0,0.0,0.0,3597,CORP,0.0,0.0,0.0,,9.848,,,32.89,[RAC],,Sin mapear,False
0.0,PN43X,0.0,151400.0,0.0,0.0,0.0,,0,0.0,-1,,,2037-01-15,151400.0,1,0.0,0.0,ARS,0.0,0.0,BYMA,0.0,0.0,0.0,3761,CORP,0.0,0.0,0.0,,10.2971,,,32.89,Pan American Energy LLC (PAE Sucursal),30714813583,Energía - Petróleo y Gas,True
0.0,PN43Z,0.0,100.0,0.0,0.0,0.0,,0,0.0,-1,,,2037-01-15,100.0,1,0.0,0.0,EXT,0.0,0.0,BYMA,0.0,0.0,0.0,3761,CORP,0.0,0.0,0.0,,10.2971,,,32.89,Pan American Energy LLC (PAE Sucursal),30714813583,Energía - Petróleo y Gas,True
0.0,PLC7X,0.0,156522.58,0.0,0.0,0.0,,0,0.0,-1,,,2037-09-30,156522.58,2,0.0,0.0,ARS,0.0,0.0,BYMA,0.0,0.0,0.0,4019,CORP,0.0,0.0,0.0,,11.0034,,,32.89,Pluspetrol S.A.,30678224010,Energía - Petróleo y Gas,True
0.0,PLC7Z,0.0,97.693,0.0,0.0,0.0,,0,0.0,-1,,,2037-09-30,97.693,1,0.0,0.0,EXT,0.0,0.0,BYMA,0.0,0.0,0.0,4019,CORP,0.0,0.0,0.0,,11.0034,,,32.89,Pluspetrol S.A.,30678224010,Energía - Petróleo y Gas,True
0.0,PLC7Z,0.0,97.847,0.0,0.0,0.0,,0,0.0,-1,,,2037-09-30,97.847,2,0.0,0.0,EXT,0.0,0.0,BYMA,0.0,0.0,0.0,4019,CORP,0.0,0.0,0.0,,11.0034,,,32.89,Pluspetrol S.A.,30678224010,Energía - Petróleo y Gas,True
0.0,MGCRX,0.0,163245.0,0.0,0.0,0.0,,0,0.0,-1,,,2037-11-14,163245.0,1,0.0,0.0,ARS,0.0,0.0,BYMA,0.0,0.0,0.0,4064,CORP,0.0,0.0,0.0,,11.1266,,,32.89,Pampa Energía S.A.,30526552659,Energía - Electricidad,True
0.0,MGCRX,0.0,158809.145,0.0,0.0,0.0,,0,0.0,-1,,,2037-11-14,158809.145,2,0.0,0.0,ARS,0.0,0.0,BYMA,0.0,0.0,0.0,4064,CORP,0.0,0.0,0.0,,11.1266,,,32.89,Pampa Energía S.A.,30526552659,Energía - Electricidad,True
0.0,MGCRY,0.0,107.643,0.0,0.0,0.0,,0,0.0,-1,,,2037-11-14,107.643,1,0.0,0.0,USD,0.0,0.0,BYMA,0.0,0.0,0.0,4064,CORP,0.0,0.0,0.0,,11.1266,,,32.89,Pampa Energía S.A.,30526552659,Energía - Electricidad,True
0.0,MGCRY,0.0,109.493,0.0,0.0,0.0,,0,0.0,-1,,,2037-11-14,109.493,2,0.0,0.0,USD,0.0,0.0,BYMA,0.0,0.0,0.0,4064,CORP,0.0,0.0,0.0,,11.1266,,,32.89,Pampa Energía S.A.,30526552659,Energía - Electricidad,True
0.0,VSCXC,0.0,104.65,102.1,0.0,0.0,,0,0.0,-1,,,2038-04-08,104.65,1,30000.0,0.0,EXT,0.0,0.0,BYMA,0.0,0.0,0.0,4209,CORP,0.0,0.0,0.0,,11.5236,,,32.89,Vista Oil & Gas Argentina S.A.U.,33515950899,Energía - Petróleo y Gas,True
0.0,VSCXX,0.0,162299.344,0.0,0.0,0.0,,0,0.0,-1,,,2038-04-08,162299.344,1,0.0,0.0,ARS,0.0,0.0,BYMA,0.0,0.0,0.0,4209,CORP,0.0,0.0,0.0,,11.5236,,,32.89,Vista Oil & Gas Argentina S.A.U.,33515950899,Energía - Petróleo y Gas,True
0.0,VSCXX,0.0,167133.5,0.0,0.0,0.0,,0,0.0,-1,,,2038-04-08,167133.5,2,0.0,0.0,ARS,0.0,0.0,BYMA,0.0,0.0,0.0,4209,CORP,0.0,0.0,0.0,,11.5236,,,32.89,Vista Oil & Gas Argentina S.A.U.,33515950899,Energía - Petróleo y Gas,True
0.0,VSCXZ,0.0,105.15,0.0,0.0,0.0,,0,0.0,-1,,,2038-04-08,105.15,1,0.0,0.0,EXT,0.0,0.0,BYMA,0.0,0.0,0.0,4209,CORP,0.0,0.0,0.0,,11.5236,,,32.89,Vista Oil & Gas Argentina S.A.U.,33515950899,Energía - Petróleo y Gas,True
0.0,VSCXZ,0.0,100.0,0.0,0.0,0.0,,0,0.0,-1,,,2038-04-08,100.0,2,0.0,0.0,EXT,0.0,0.0,BYMA,0.0,0.0,0.0,4209,CORP,0.0,0.0,0.0,,11.5236,,,32.89,Vista Oil & Gas Argentina S.A.U.,33515950899,Energía - Petróleo y Gas,True
