symbol,issuer,cuit,sector,currency,settlement,price,bid,ask,volume,spread_abs,spread_pct,years_to_maturity,maturity_date,liquidity_score,is_mapped
VSCQX,Vista Oil & Gas Argentina S.A.U.,33515950899,Energía - Petróleo y Gas,ARS,1,148400.0,0.0,0.0,29680000000.0,,,1.7577,2028-07-08,72.06,True
CACAX,CAPEX S.A.,30629827060,,ARS,1,146500.0,0.0,0.0,29300000000.0,,,0.7474,2027-07-05,72.03,True
XMC1X,Minera Exar S.A.,30709667587,Minería - Litio,ARS,2,161034.5,0.0,0.0,3201005142.72,,,1.1006,2027-11-11,72.01,True
VSCXX,Vista Oil & Gas Argentina S.A.U.,33515950899,Energía - Petróleo y Gas,ARS,2,160300.0,0.0,0.0,2598400000.0,,,11.5072,2038-04-08,72.66,True
YM44X,YPF S.A.,30546689979,Energía - Petróleo y Gas,ARS,2,150185.0,0.0,0.0,2498868000.0,,,8.7009,2035-06-18,72.64,True
PN38X,Pan American Energy LLC (PAE Sucursal),30714813583,Energía - Petróleo y Gas,ARS,2,162745.0,0.0,0.0,2442925000.0,,,0.8487,2027-08-11,72.62,True
YM44O,YPF S.A.,30546689979,Energía - Petróleo y Gas,ARS,2,151850.0,151520.0,151850.0,2246486739.6,330.0,0.2178,8.7009,2035-06-18,99.13,True
PWC1X,[PWC],,Sin mapear,ARS,2,101.48,0.0,0.0,2030000000.0,,,0.95,2027-09-17,72.57,False
YM43X,YPF S.A.,30546689979,Energía - Petróleo y Gas,ARS,1,155235.6,0.0,0.0,1611999069.88,,,3.5236,2030-04-14,71.88,True
AFCOO,Banco Comafi S.A.,30604731018,Financiero - Bancos,ARS,2,156900.0,0.0,0.0,1569000000.0,,,1.0513,2027-10-24,72.53,True
HJCFX,John Deere Credit Cía. Financiera S.A.,30707024859,Financiero - Crédito Industrial,ARS,1,157952.5,0.0,0.0,1541000385.25,,,0.0438,2026-10-21,71.83,True
BYZ1X,[BYZ],,Sin mapear,ARS,1,154870.5,0.0,0.0,1541000192.63,,,0.8159,2027-07-30,71.81,False
PNZCX,PAN AMERICAN ENERGY LLC (PAE SUCURSAL),30714813583,,ARS,2,147557.0,0.0,0.0,1475570000.0,,,0.7447,2027-07-04,71.79,True
YM37X,YPF S.A.,30546689979,Energía - Petróleo y Gas,ARS,1,157584.0,0.0,0.0,1431119581.92,,,0.5859,2027-05-07,71.77,True
YM34O,YPF S.A.,30546689979,Energía - Petróleo y Gas,ARS,2,164150.0,164000.0,164900.0,1413685718.0,900.0,0.5488,7.2854,2034-01-17,97.38,True
YMCXO,YPF S.A.,30546689979,Energía - Petróleo y Gas,ARS,2,166540.0,165200.0,166540.0,1166335483.4,1340.0,0.8111,4.9336,2031-09-11,96.27,True
IRCPO,IRSA Inversiones y Representaciones S.A.,30524688673,Real Estate,ARS,2,158600.0,157650.0,158600.0,1075816220.0,950.0,0.6026,8.4846,2035-03-31,97.09,True
RC3CO,Arcor S.A.I.C.,30502793175,Consumo - Alimentos,ARS,1,101.45,100.0,0.0,1014500000.0,,,0.1944,2026-12-15,73.82,True
VSCXO,Vista Oil & Gas Argentina S.A.U.,33515950899,Energía - Petróleo y Gas,ARS,2,162150.0,162000.0,163000.0,969585300.0,1000.0,0.6173,11.5072,2038-04-08,96.78,True
MGCRO,Pampa Energía S.A.,30526552659,Energía - Electricidad,ARS,2,157970.0,157550.0,158080.0,652975300.0,530.0,0.3364,11.1102,2037-11-14,97.11,True
TLCPO,Telecom Argentina S.A.,30639453738,Telecomunicaciones,ARS,2,169700.0,169180.0,169700.0,611327819.7,520.0,0.3074,6.6448,2033-05-28,98.35,True
PN38O,Pan American Energy LLC (PAE Sucursal),30714813583,Energía - Petróleo y Gas,ARS,2,165600.0,163000.0,165600.0,541180938.1,2600.0,1.5951,0.8487,2027-08-11,93.88,True
TLCTO,Telecom Argentina S.A.,30639453738,Telecomunicaciones,ARS,2,161760.0,161000.0,161500.0,516692569.6,500.0,0.3106,9.2923,2036-01-20,98.31,True
PLC4O,Pluspetrol S.A.,30678224010,Energía - Petróleo y Gas,ARS,2,167470.0,164080.0,172380.0,492429200.0,8300.0,5.0585,5.6509,2032-05-30,89.33,True
PLC7O,Pluspetrol S.A.,30678224010,Energía - Petróleo y Gas,ARS,2,154500.0,154500.0,155000.0,489873300.0,500.0,0.3236,10.987,2037-09-30,97.88,True
YM37O,YPF S.A.,30546689979,Energía - Petróleo y Gas,ARS,2,157920.0,157800.0,157920.0,454546257.5,120.0,0.076,0.5859,2027-05-07,99.16,True
VSCVO,Vista Oil & Gas Argentina S.A.U.,33515950899,Energía - Petróleo y Gas,ARS,2,170440.0,170220.0,174900.0,423282200.0,4680.0,2.7494,6.6804,2033-06-10,91.44,True
MGCOO,Pampa Energía S.A.,30526552659,Energía - Electricidad,ARS,2,160960.0,0.0,161200.0,374716000.0,,,8.1971,2034-12-16,74.46,True
TLCMO,Telecom Argentina S.A.,30639453738,Telecomunicaciones,ARS,2,169670.0,167510.0,170000.0,369413200.0,2490.0,1.4865,4.783,2031-07-18,93.7,True
DNCAO,EDENOR S.A.,30655116202,,ARS,2,155690.0,155000.0,156780.0,348917420.0,1780.0,1.1484,6.5626,2033-04-28,94.98,True
TTCDO,Tecpetrol S.A.,30592665472,Energía - Petróleo y Gas,ARS,2,166000.0,166000.0,168670.0,340882400.0,2670.0,1.6084,4.0794,2030-11-03,93.15,True
VSCRO,Vista Oil & Gas Argentina S.A.U.,33515950899,Energía - Petróleo y Gas,ARS,2,170450.0,170450.0,170750.0,279027167.2,300.0,0.176,5.013,2031-10-10,98.85,True
RUCDO,CERAMICA RUTA 16 S.R.L.,30710080085,,ARS,2,163000.0,163000.0,163210.0,256582126.5,210.0,0.1288,4.167,2030-12-05,98.82,True
MR43O,Generación Mediterránea / Central Térmica Roca S.A.,33711944899,Energía - Electricidad,ARS,2,36300.0,33365.0,36550.0,252299957.8,3185.0,9.5459,9.7358,2036-06-30,87.93,True
LOC6O,[LOC],,Sin mapear,ARS,2,155400.0,155080.0,155400.0,251876038.2,320.0,0.2063,2.3025,2029-01-23,98.5,False
DNCBO,EDENOR S.A.,30655116202,,ARS,2,151200.0,150760.0,151190.0,244587522.8,430.0,0.2852,2.7433,2029-07-03,98.04,True
YMCXO,YPF S.A.,30546689979,Energía - Petróleo y Gas,ARS,1,166090.0,165200.0,166100.0,227593099.8,900.0,0.5448,4.9336,2031-09-11,96.75,True
TSC3O,[TSC],,Sin mapear,ARS,2,169170.0,168290.0,169300.0,208452100.0,1010.0,0.6002,4.7995,2031-07-24,94.22,False
CP36O,Cía. General de Combustibles S.A.,30506733932,Energía - Gas,ARS,1,155620.0,156000.0,158900.0,205154170.8,2900.0,1.859,1.013,2027-10-10,91.52,True
YMCIO,YPF S.A.,30546689979,Energía - Petróleo y Gas,ARS,2,143610.0,143600.0,144790.0,198903896.2,1190.0,0.8287,2.7406,2029-07-02,95.62,True
YMCJO,YPF S.A.,30546689979,Energía - Petróleo y Gas,ARS,2,156250.0,155700.0,156250.0,193658473.9,550.0,0.3532,6.987,2033-09-30,97.67,True
YM39O,YPF S.A.,30546689979,Energía - Petróleo y Gas,ARS,2,168340.0,168300.0,168900.0,186545126.4,600.0,0.3565,3.7947,2030-07-22,97.46,True
DNC5O,EDENOR S.A.,30655116202,,ARS,2,161200.0,161150.0,161200.0,184849863.7,50.0,0.031,1.8344,2028-08-05,98.78,True
TTCAO,Tecpetrol S.A.,30592665472,Energía - Petróleo y Gas,ARS,2,161500.0,161000.0,161990.0,173302000.0,990.0,0.6149,6.2998,2033-01-22,95.03,True
MGCRO,Pampa Energía S.A.,30526552659,Energía - Electricidad,ARS,1,157500.0,157400.0,161620.0,160799800.0,4220.0,2.6811,11.1102,2037-11-14,89.01,True
TSC4O,[TSC],,Sin mapear,ARS,2,162000.0,160900.0,162000.0,155482200.0,1100.0,0.6837,9.1253,2035-11-20,94.95,False
MCC3O,[MCC],,Sin mapear,ARS,2,156200.0,156200.0,157290.0,146264643.6,1090.0,0.6978,3.5975,2030-05-11,95.6,False
HJCJO,John Deere Credit Cía. Financiera S.A.,30707024859,Financiero - Crédito Industrial,ARS,2,160500.0,159400.0,164600.0,142427000.0,5200.0,3.2622,0.8022,2027-07-25,89.43,True
YM42O,YPF S.A.,30546689979,Energía - Petróleo y Gas,ARS,2,160720.0,160710.0,161500.0,140027883.8,790.0,0.4916,2.4066,2029-03-02,96.48,True
YM34O,YPF S.A.,30546689979,Energía - Petróleo y Gas,ARS,1,163460.0,163390.0,164120.0,133441295.1,730.0,0.4468,7.2854,2034-01-17,96.85,True
VSCZO,Vista Oil & Gas Argentina S.A.U.,33515950899,Energía - Petróleo y Gas,ARS,2,152530.0,152550.0,154000.0,127078032.9,1450.0,0.9505,2.7789,2029-07-16,94.63,True
VMC1O,ESTACION DE SERVICIOS 25 DE MAYO SRL,33708128649,,ARS,2,153100.0,153100.0,154580.0,122851334.8,1480.0,0.9667,3.9644,2030-09-22,94.37,True
EAC4O,MSU GREEN ENERGY S.A.U.,30714155128,,ARS,2,155850.0,155500.0,155850.0,119789906.2,350.0,0.2251,9.6975,2036-06-16,97.87,True
PQCSO,Petroquímica Comodoro Rivadavia S.A.,30563598111,Industria - Petroquímica,ARS,2,155000.0,154900.0,155000.0,117559363.6,100.0,0.0646,4.3696,2031-02-17,98.34,True
YM38O,YPF S.A.,30546689979,Energía - Petróleo y Gas,ARS,2,160340.0,159750.0,161520.0,117124899.0,1770.0,1.108,0.794,2027-07-22,94.29,True
PLC5O,Pluspetrol S.A.,30678224010,Energía - Petróleo y Gas,ARS,2,166550.0,163310.0,170390.0,114845300.0,7080.0,4.3353,4.616,2031-05-18,88.19,True
DNC7O,EDENOR S.A.,30655116202,,ARS,2,164000.0,164000.0,165010.0,113543790.0,1010.0,0.6159,4.052,2030-10-24,95.9,True
RC1CO,ARCOR S.A.I.C.,30502793175,,ARS,2,160500.0,160500.0,165000.0,110518400.0,4500.0,2.8037,6.82,2033-07-31,89.69,True
RC2CO,ARCOR S.A.I.C.,30502793175,,ARS,1,159000.0,155650.0,159000.0,110142090.4,3350.0,2.1523,0.0027,2026-10-06,89.65,True
MGCQO,Pampa Energía S.A.,30526552659,Energía - Electricidad,ARS,2,164990.0,163600.0,164990.0,109624990.4,1390.0,0.8496,1.8371,2028-08-06,94.63,True
YM43O,YPF S.A.,30546689979,Energía - Petróleo y Gas,ARS,2,153410.0,153410.0,154610.0,107184217.0,1200.0,0.7822,3.5236,2030-04-14,95.0,True
VSCVO,Vista Oil & Gas Argentina S.A.U.,33515950899,Energía - Petróleo y Gas,ARS,1,169850.0,169800.0,170800.0,107145500.0,1000.0,0.5889,6.6804,2033-06-10,95.16,True
BF48O,BANCO BBVA ARGENTINA S.A.,30500003193,,ARS,1,153700.0,0.0,0.0,104480896.0,,,1.3032,2028-01-24,71.35,True
XMC1O,Minera Exar S.A.,30709667587,Minería - Litio,ARS,2,160430.0,160430.0,163000.0,100710863.9,2570.0,1.6019,1.1006,2027-11-11,92.62,True
HJCLO,John Deere Credit Cía. Financiera S.A.,30707024859,Financiero - Crédito Industrial,ARS,2,156000.0,154890.0,156200.0,96750400.0,1310.0,0.8458,2.1711,2028-12-06,93.55,True
CP41O,CIA GENERAL DE COMBUSTIBLES S.A.,30506733932,,ARS,2,152200.0,151890.0,152200.0,95823169.0,310.0,0.2041,2.924,2029-09-07,97.03,True
HJCKO,John Deere Credit Cía. Financiera S.A.,30707024859,Financiero - Crédito Industrial,ARS,2,162000.0,160100.0,162280.0,93888700.0,2180.0,1.3616,2.2834,2029-01-16,92.12,True
NPCDO,[NPC],,Sin mapear,ARS,2,154550.0,154550.0,157990.0,92344081.9,3440.0,2.2258,3.5674,2030-04-30,91.0,False
CP38O,Cía. General de Combustibles S.A.,30506733932,Energía - Gas,ARS,2,171210.0,163000.0,174200.0,89251700.0,11200.0,6.8712,4.1478,2030-11-28,87.32,True
LQC1O,[LQC],,Sin mapear,ARS,2,154680.0,154000.0,154090.0,89245800.0,90.0,0.0584,7.8111,2034-07-28,96.51,False
IRCPO,IRSA Inversiones y Representaciones S.A.,30524688673,Real Estate,ARS,1,158870.0,156050.0,159370.0,85079456.3,3320.0,2.1275,8.4846,2035-03-31,91.66,True
VSCTO,Vista Oil & Gas Argentina S.A.U.,33515950899,Energía - Petróleo y Gas,ARS,2,160880.0,160550.0,160930.0,80301000.0,380.0,0.2367,9.18,2035-12-10,94.61,True
BACGO,[BAC],,Sin mapear,ARS,2,164570.0,164000.0,164500.0,77199400.0,500.0,0.3049,2.7159,2029-06-23,95.37,False
IRCOO,IRSA Inversiones y Representaciones S.A.,30524688673,Real Estate,ARS,2,160530.0,161000.0,162010.0,66402677.2,1010.0,0.6273,3.05,2029-10-23,94.91,True
DNC7O,EDENOR S.A.,30655116202,,ARS,1,163860.0,162030.0,168000.0,64897940.0,5970.0,3.6845,4.052,2030-10-24,89.24,True
YFCJO,YPF Energía Eléctrica S.A.,30714128309,Energía - Electricidad,ARS,2,165520.0,165520.0,165800.0,64564300.0,280.0,0.1692,6.0315,2032-10-16,96.38,True
MGCNO,Pampa Energía S.A.,30526552659,Energía - Electricidad,ARS,2,154850.0,154000.0,157200.0,64488970.3,3200.0,2.0779,1.9986,2028-10-04,91.17,True
CS53O,Cresud S.A.C.I.F. y A.,30509300700,Agro - Real Estate,ARS,2,156100.0,156100.0,156400.0,62133475.2,300.0,0.1922,3.5674,2030-04-30,96.98,True
TLCPO,Telecom Argentina S.A.,30639453738,Telecomunicaciones,ARS,1,168600.0,168650.0,170400.0,61848962.9,1750.0,1.0377,6.6448,2033-05-28,93.68,True
PN43O,Pan American Energy LLC (PAE Sucursal),30714813583,Energía - Petróleo y Gas,ARS,2,157930.0,157930.0,160350.0,59480300.0,2420.0,1.5323,10.2806,2037-01-15,91.47,True
BYCHO,Banco de Galicia y Buenos Aires S.A.,30500001735,Financiero - Bancos,ARS,2,165680.0,165620.0,167600.0,57292112.4,1980.0,1.1955,2.0151,2028-10-10,91.5,True
PN35O,Pan American Energy LLC (PAE Sucursal),30714813583,Energía - Petróleo y Gas,ARS,2,158340.0,158100.0,162000.0,56450626.2,3900.0,2.4668,2.9788,2029-09-27,90.76,True
YM43O,YPF S.A.,30546689979,Energía - Petróleo y Gas,ARS,1,152410.0,152470.0,155000.0,54321262.7,2530.0,1.6593,3.5236,2030-04-14,90.77,True
OTS5O,[OTS],,Sin mapear,ARS,2,159300.0,154200.0,159300.0,52674291.6,5100.0,3.3074,0.0493,2026-10-23,87.97,False
PN36O,Pan American Energy LLC (PAE Sucursal),30714813583,Energía - Petróleo y Gas,ARS,2,167450.0,164180.0,167450.0,51209168.9,3270.0,1.9917,5.1061,2031-11-13,91.43,True
YFCJO,YPF Energía Eléctrica S.A.,30714128309,Energía - Electricidad,ARS,1,165380.0,162820.0,171090.0,50948100.0,8270.0,5.0792,6.0315,2032-10-16,85.83,True
LOC5O,[LOC],,Sin mapear,ARS,2,160000.0,159700.0,160800.0,48280105.0,1100.0,0.6888,0.7995,2027-07-24,93.87,False
MR44O,Generación Mediterránea / Central Térmica Roca S.A.,33711944899,Energía - Electricidad,ARS,2,35150.0,35200.0,35500.0,46044540.2,300.0,0.8523,9.7358,2036-06-30,94.1,True
GN49O,Genneia S.A.,30665234114,Energía - Renovable,ARS,2,162120.0,159620.0,161700.0,45158000.0,2080.0,1.3031,7.1595,2033-12-02,91.72,True
ZZC1O,[ZZC],,Sin mapear,ARS,2,157490.0,156500.0,157490.0,44933930.2,990.0,0.6326,0.3806,2027-02-21,94.78,False
MGCTO,Pampa Energía S.A.,30526552659,Energía - Electricidad,ARS,2,153830.0,151600.0,0.0,44759000.0,,,2.4887,2029-04-01,72.42,True
ARC1O,Aeropuertos Argentina 2000 S.A.,30696170580,Infraestructura - Aeropuertos,ARS,2,163000.0,162590.0,163000.0,43777400.0,410.0,0.2522,4.8214,2031-08-01,95.44,True
MSSFO,MSU S.A.,30607597193,Energía,ARS,2,157500.0,157000.0,170000.0,41763095.0,13000.0,8.2803,0.7967,2027-07-23,85.91,True
PLC6O,Pluspetrol S.A.,30678224010,Energía - Petróleo y Gas,ARS,2,161450.0,160120.0,163020.0,41440327.0,2900.0,1.8111,2.3984,2029-02-27,91.34,True
BACHO,[BAC],,Sin mapear,ARS,2,161680.0,161300.0,166700.0,40467600.0,5400.0,3.3478,4.3149,2031-01-28,87.58,False
MR46O,Generación Mediterránea / Central Térmica Roca S.A.,33711944899,Energía - Electricidad,ARS,2,123000.0,120000.0,123000.0,39982102.3,3000.0,2.5,8.2382,2034-12-31,89.9,True
CS48O,Cresud S.A.C.I.F. y A.,30509300700,Agro - Real Estate,ARS,2,162600.0,162500.0,167400.0,39861416.2,4900.0,3.0154,1.7659,2028-07-11,89.45,True
TLCTO,Telecom Argentina S.A.,30639453738,Telecomunicaciones,ARS,1,160500.0,0.0,164000.0,38485786.0,,,9.2923,2036-01-20,73.31,True
AEC3O,[AEC],,Sin mapear,ARS,2,151070.0,150480.0,153400.0,38023799.5,2920.0,1.9405,1.8371,2028-08-06,90.98,False
TTCEO,Tecpetrol S.A.,30592665472,Energía - Petróleo y Gas,ARS,2,156970.0,155400.0,156970.0,38008749.5,1570.0,1.0103,2.6256,2029-05-21,92.45,True
YFCPO,YPF Energía Eléctrica S.A.,30714128309,Energía - Electricidad,ARS,2,150100.0,150500.0,151000.0,37638035.3,500.0,0.3322,2.8693,2029-08-18,95.73,True
MGCMO,Pampa Energía S.A.,30526552659,Energía - Electricidad,ARS,2,163950.0,164130.0,168580.0,36111000.0,4450.0,2.7113,4.9309,2031-09-10,86.21,True
TT1AO,[TT1],,Sin mapear,ARS,2,161200.0,160000.0,161200.0,35442000.0,1200.0,0.75,6.2998,2033-01-22,90.48,False
OLC5O,OLEODUCTOS DEL VALLE S.A.,30658840165,,ARS,1,162010.0,161700.0,0.0,35401110.1,,,1.6865,2028-06-12,72.03,True
NPCCO,[NPC],,Sin mapear,ARS,2,162610.0,160100.0,165400.0,34626424.5,5300.0,3.3104,2.8884,2029-08-25,88.42,False
CS47O,Cresud S.A.C.I.F. y A.,30509300700,Agro - Real Estate,ARS,2,163130.0,160290.0,163130.0,33894221.8,2840.0,1.7718,2.1136,2028-11-15,90.67,True
VSCPO,Vista Oil & Gas Argentina S.A.U.,33515950899,Energía - Petróleo y Gas,ARS,2,166370.0,163970.0,167400.0,32135548.7,3430.0,2.0918,2.5763,2029-05-03,90.36,True
CICBO,CNH INDUSTRIAL CAPITAL ARGENTINA S.A.,30714322938,,ARS,2,159320.0,155900.0,159320.0,31622934.6,3420.0,2.1937,2.3491,2029-02-09,89.61,True
OZC8O,EMPRESA DISTRIB DE ELECTRICIDAD DE MENDOZA S.A.,30699542454,,ARS,2,156000.0,153600.0,158000.0,31450000.0,4400.0,2.8646,6.6831,2033-06-11,85.83,True
SNEBO,SION S.A.,30690076043,,ARS,2,98990.0,98010.0,99000.0,31184285.2,990.0,1.0101,2.7734,2029-07-14,92.65,True
CP40O,CIA GENERAL DE COMBUSTIBLES S.A.,30506733932,,ARS,2,156500.0,156070.0,156390.0,31014745.7,320.0,0.205,1.4264,2028-03-09,95.64,True
PLC2O,Pluspetrol S.A.,30678224010,Energía - Petróleo y Gas,ARS,2,164200.0,164300.0,165290.0,30781064.3,990.0,0.6026,3.3128,2030-01-27,94.17,True
MIC4O,MIRGOR S.A.,30578036071,,ARS,2,154780.0,154700.0,155400.0,30400073.0,700.0,0.4525,0.8131,2027-07-29,94.21,True
YM41O,YPF S.A.,30546689979,Energía - Petróleo y Gas,ARS,2,155800.0,155800.0,156990.0,29730883.6,1190.0,0.7638,0.2601,2027-01-08,93.22,True
VSCXO,Vista Oil & Gas Argentina S.A.U.,33515950899,Energía - Petróleo y Gas,ARS,1,163710.0,162000.0,164030.0,29292500.0,2030.0,1.2531,11.5072,2038-04-08,91.3,True
PN41O,Pan American Energy LLC (PAE Sucursal),30714813583,Energía - Petróleo y Gas,ARS,2,160800.0,159630.0,162590.0,27947113.5,2960.0,1.8543,2.8939,2029-08-27,90.82,True
PNXCO,Pan American Energy LLC (PAE Sucursal),30714813583,Energía - Petróleo y Gas,ARS,2,173870.0,173060.0,175230.0,27876500.0,2170.0,1.2539,5.5688,2032-04-30,90.61,True
YMCZO,YPF S.A.,30546689979,Energía - Petróleo y Gas,ARS,2,167380.0,163800.0,167500.0,27118359.8,3700.0,2.2589,2.0151,2028-10-10,88.37,True
PECNO,PETROLERA ACONCAGUA ENERGIA S.A.,30714814229,,ARS,2,89750.0,87000.0,89750.0,27015741.5,2750.0,3.1609,5.8891,2032-08-25,88.4,True
OZC3O,EMPRESA DISTRIB DE ELECTRICIDAD DE MENDOZA S.A.,30699542454,,ARS,2,159690.0,159590.0,160900.0,26838060.9,1310.0,0.8209,1.1499,2027-11-29,92.95,True
TLCMO,Telecom Argentina S.A.,30639453738,Telecomunicaciones,ARS,1,168530.0,166610.0,169950.0,25351300.0,3340.0,2.0047,4.783,2031-07-18,89.08,True
YMCJO,YPF S.A.,30546689979,Energía - Petróleo y Gas,ARS,1,156880.0,155740.0,159850.0,24532641.8,4110.0,2.639,6.987,2033-09-30,89.22,True
DNC3O,EDENOR S.A.,30655116202,,ARS,2,160380.0,159920.0,162900.0,24342464.2,2980.0,1.8634,0.1314,2026-11-22,90.75,True
PN34O,Pan American Energy LLC (PAE Sucursal),30714813583,Energía - Petróleo y Gas,ARS,2,154290.0,154300.0,156490.0,23951434.6,2190.0,1.4193,0.9774,2027-09-27,90.94,True
TLCOO,Telecom Argentina S.A.,30639453738,Telecomunicaciones,ARS,2,161300.0,161100.0,161300.0,23434808.2,200.0,0.1241,2.1492,2028-11-28,95.87,True
YMCYO,YPF S.A.,30546689979,Energía - Petróleo y Gas,ARS,2,160500.0,158660.0,160820.0,23304968.6,2160.0,1.3614,2.0151,2028-10-10,91.6,True
PLC3O,Pluspetrol S.A.,30678224010,Energía - Petróleo y Gas,ARS,2,159080.0,156500.0,160650.0,22635057.3,4150.0,2.6518,1.5688,2028-04-30,88.7,True
VSCUO,Vista Oil & Gas Argentina S.A.U.,33515950899,Energía - Petróleo y Gas,ARS,2,161750.0,161000.0,169880.0,22604475.0,8880.0,5.5155,3.4196,2030-03-07,86.01,True
HJCMO,John Deere Credit Cía. Financiera S.A.,30707024859,Financiero - Crédito Industrial,ARS,2,156500.0,150400.0,159000.0,21910000.0,8600.0,5.7181,2.4778,2029-03-28,84.33,True
PLC7O,Pluspetrol S.A.,30678224010,Energía - Petróleo y Gas,ARS,1,154360.0,0.0,158490.0,21628400.0,,,10.987,2037-09-30,71.45,True
CICAO,CNH INDUSTRIAL CAPITAL ARGENTINA S.A.,30714322938,,ARS,2,160000.0,160000.0,161300.0,21086958.8,1300.0,0.8125,1.6619,2028-06-03,92.65,True
IRCFO,IRSA Inversiones y Representaciones S.A.,30524688673,Real Estate,ARS,2,77600.0,77240.0,78990.0,20901538.7,1750.0,2.2657,1.7139,2028-06-22,90.05,True
PNDCO,Pan American Energy LLC (PAE Sucursal),30714813583,Energía - Petróleo y Gas,ARS,2,67020.0,66600.0,68100.0,20066200.0,1500.0,2.2523,0.5667,2027-04-30,87.64,True
PN37O,Pan American Energy LLC (PAE Sucursal),30714813583,Energía - Petróleo y Gas,ARS,2,161900.0,158700.0,161490.0,18974877.1,2790.0,1.758,2.1081,2028-11-13,89.35,True
MGCUO,Pampa Energía S.A.,30526552659,Energía - Electricidad,ARS,2,155750.0,153410.0,156000.0,18693500.0,2590.0,1.6883,3.8768,2030-08-21,88.73,True
YM39O,YPF S.A.,30546689979,Energía - Petróleo y Gas,ARS,1,168890.0,168800.0,169980.0,17105274.2,1180.0,0.6991,3.7947,2030-07-22,92.05,True
DNC3O,EDENOR S.A.,30655116202,,ARS,1,160350.0,155700.0,0.0,16801436.9,,,0.1314,2026-11-22,72.52,True
RUCDO,CERAMICA RUTA 16 S.R.L.,30710080085,,ARS,1,162890.0,162000.0,0.0,16699322.5,,,4.167,2030-12-05,72.41,True
MIC6O,MIRGOR S.A.,30578036071,,ARS,2,153860.0,153600.0,155970.0,16689636.6,2370.0,1.543,1.6454,2028-05-28,90.3,True
MR47O,Generación Mediterránea / Central Térmica Roca S.A.,33711944899,Energía - Electricidad,ARS,2,65510.0,65500.0,69460.0,16396376.3,3960.0,6.0458,9.7358,2036-06-30,85.73,True
SIC1O,[SIC],,Sin mapear,ARS,2,157500.0,0.0,157700.0,16219350.0,,,0.178,2026-12-09,70.7,False
OLC5O,OLEODUCTOS DEL VALLE S.A.,30658840165,,ARS,2,162000.0,159500.0,169000.0,16035491.6,9500.0,5.9561,1.6865,2028-06-12,85.07,True
DNCAO,EDENOR S.A.,30655116202,,ARS,1,154410.0,154420.0,156900.0,15651440.0,2480.0,1.606,6.5626,2033-04-28,89.36,True
DEC2O,Empresa Distrib. de Electricidad Salta S.A.,30690633635,Energía - Electricidad,ARS,2,156440.0,155860.0,158000.0,15538755.3,2140.0,1.373,0.3888,2027-02-24,90.88,True
CIC8O,CNH INDUSTRIAL CAPITAL ARGENTINA S.A.,30714322938,,ARS,2,153030.0,153810.0,166460.0,15451938.0,12650.0,8.2244,2.1054,2028-11-12,83.41,True
LUC5O,[LUC],,Sin mapear,ARS,2,156410.0,152510.0,157900.0,15407285.1,5390.0,3.5342,2.3956,2029-02-26,86.67,False
RZBCO,RIZOBACTER ARGENTINA S.A.,30593174057,,ARS,2,100000.0,100000.0,101400.0,15261017.8,1400.0,1.4,2.9131,2029-09-03,88.36,True
HJCIO,John Deere Credit Cía. Financiera S.A.,30707024859,Financiero - Crédito Industrial,ARS,2,159630.0,158200.0,0.0,13792560.0,,,0.6407,2027-05-27,70.15,True
YFCLO,YPF Energía Eléctrica S.A.,30714128309,Energía - Electricidad,ARS,2,160670.0,158500.0,160660.0,13691218.2,2160.0,1.3628,2.13,2028-11-21,90.92,True
TTCDO,Tecpetrol S.A.,30592665472,Energía - Petróleo y Gas,ARS,1,166700.0,163360.0,169700.0,13362700.0,6340.0,3.881,4.0794,2030-11-03,84.81,True
PQCSO,Petroquímica Comodoro Rivadavia S.A.,30563598111,Industria - Petroquímica,ARS,1,155500.0,155500.0,0.0,13125328.6,,,4.3696,2031-02-17,72.19,True
TLCUO,Telecom Argentina S.A.,30639453738,Telecomunicaciones,ARS,2,157900.0,155700.0,157900.0,12883393.4,2200.0,1.413,2.4148,2029-03-05,91.11,True
YMCIO,YPF S.A.,30546689979,Energía - Petróleo y Gas,ARS,1,143530.0,142030.0,147450.0,12758459.8,5420.0,3.8161,2.7406,2029-07-02,87.01,True
YM40O,YPF S.A.,30546689979,Energía - Petróleo y Gas,ARS,2,161650.0,160600.0,161500.0,12457823.2,900.0,0.5604,1.8973,2028-08-28,92.74,True
CS50O,Cresud S.A.C.I.F. y A.,30509300700,Agro - Real Estate,ARS,2,156200.0,155640.0,156200.0,12449585.7,560.0,0.3598,2.4285,2029-03-10,93.79,True
TTC8O,Tecpetrol S.A.,30592665472,Energía - Petróleo y Gas,ARS,2,158100.0,157400.0,161700.0,12127172.3,4300.0,2.7319,1.0513,2027-10-24,87.3,True
OTS7O,[OTS],,Sin mapear,ARS,2,150600.0,150600.0,154990.0,11726245.0,4390.0,2.915,3.9726,2030-09-25,87.03,False
OLC6O,OLEODUCTOS DEL VALLE S.A.,30658840165,,ARS,2,162120.0,161500.0,163720.0,11341690.5,2220.0,1.3746,2.6667,2029-06-05,89.22,True
SBC2O,SAN BAUTISTA DEL SUR SA,30715659340,,ARS,2,144670.0,144500.0,144670.0,10875646.7,170.0,0.1176,2.2834,2029-01-16,95.08,True
TLCQO,Telecom Argentina S.A.,30639453738,Telecomunicaciones,ARS,2,160010.0,156190.0,163000.0,10730093.6,6810.0,4.3601,0.7392,2027-07-02,85.71,True
RUCEO,CERAMICA RUTA 16 S.R.L.,30710080085,,ARS,2,157200.0,157200.0,159990.0,10708950.0,2790.0,1.7748,1.0678,2027-10-30,88.87,True
PLC1O,Pluspetrol S.A.,30678224010,Energía - Petróleo y Gas,ARS,2,164870.0,159600.0,164870.0,10692821.0,5270.0,3.302,1.3114,2028-01-27,86.83,True
SIC2O,[SIC],,Sin mapear,ARS,2,155550.0,154500.0,159800.0,10608020.9,5300.0,3.4304,2.705,2029-06-19,86.02,False
RZABO,Rizobacter Argentina S.A.,30593174057,Agro - Biotech,ARS,2,100000.0,96100.0,100000.0,10108614.0,3900.0,4.0583,1.1472,2027-11-28,85.57,True
GN47O,Genneia S.A.,30665234114,Energía - Renovable,ARS,2,158370.0,157750.0,158370.0,10084547.1,620.0,0.393,2.0342,2028-10-17,93.18,True
IRCOO,IRSA Inversiones y Representaciones S.A.,30524688673,Real Estate,ARS,1,162290.0,161070.0,168000.0,10040702.4,6930.0,4.3025,3.05,2029-10-23,85.03,True
EAC4O,MSU GREEN ENERGY S.A.U.,30714155128,,ARS,1,156030.0,155040.0,167500.0,9888002.2,12460.0,8.0366,9.6975,2036-06-16,83.21,True
YFCMO,YPF Energía Eléctrica S.A.,30714128309,Energía - Electricidad,ARS,2,158040.0,0.0,158310.0,9203133.2,,,0.6215,2027-05-20,71.14,True
MCC1O,[MCC],,Sin mapear,ARS,2,154940.0,154510.0,159610.0,9002974.6,5100.0,3.3008,2.4285,2029-03-10,85.92,False
YFCOO,YPF Energía Eléctrica S.A.,30714128309,Energía - Electricidad,ARS,2,156770.0,0.0,158000.0,8800805.4,,,2.1958,2028-12-15,70.93,True
RUCEO,CERAMICA RUTA 16 S.R.L.,30710080085,,ARS,1,153900.0,154310.0,0.0,8528420.0,,,1.0678,2027-10-30,70.41,True
RVS1O,[RVS],,Sin mapear,ARS,2,25.64,24.6,25.64,8256510.74,1.04,4.2276,0.397,2027-02-27,86.02,False
OLC7O,OLEODUCTOS DEL VALLE S.A.,30658840165,,ARS,2,158420.0,155500.0,0.0,8241182.2,,,3.3867,2030-02-23,70.78,True
MGCNO,Pampa Energía S.A.,30526552659,Energía - Electricidad,ARS,1,162000.0,152000.0,162000.0,7544469.6,10000.0,6.5789,1.9986,2028-10-04,83.26,True
BVCRO,Banco de Servicios y Transacciones S.A.,30704960995,Financiero - Bancos,ARS,1,145000.0,149350.0,0.0,7540000.0,,,0.2793,2027-01-15,70.13,True
TTCBO,Tecpetrol S.A.,30592665472,Energía - Petróleo y Gas,ARS,1,160800.0,0.0,0.0,6994800.0,,,1.0294,2027-10-16,68.15,True
DNC5O,EDENOR S.A.,30655116202,,ARS,1,161400.0,156700.0,163670.0,6901961.4,6970.0,4.448,1.8344,2028-08-05,84.97,True
OTS6O,[OTS],,Sin mapear,ARS,2,162150.0,0.0,163810.0,6743492.1,,,2.8145,2029-07-29,70.25,False
RC7CO,ARCOR S.A.I.C.,30502793175,,ARS,1,155200.0,0.0,0.0,6673600.0,,,3.0007,2029-10-05,68.09,True
RCCRO,Arcor S.A.I.C.,30502793175,Consumo - Alimentos,ARS,2,160310.0,160010.0,165990.0,6671253.4,5980.0,3.7373,0.5914,2027-05-09,85.23,True
MTC2O,Mastellone Hermanos S.A.,30547242331,Alimentos - Lácteos,ARS,2,154750.0,151570.0,154750.0,6496193.5,3180.0,2.098,1.7139,2028-06-22,87.85,True
IRCNO,IRSA Inversiones y Representaciones S.A.,30524688673,Real Estate,ARS,2,160600.0,154600.0,160600.0,6452942.0,6000.0,3.881,1.0486,2027-10-23,85.15,True
VMC1O,ESTACION DE SERVICIOS 25 DE MAYO SRL,33708128649,,ARS,1,154100.0,154000.0,158000.0,6340591.1,4000.0,2.5974,3.9644,2030-09-22,86.12,True
OT42O,[OT4],,Sin mapear,ARS,2,164000.0,164000.0,166250.0,6256712.3,2250.0,1.372,3.2854,2030-01-17,89.34,False
VBC1O,[VBC],,Sin mapear,ARS,2,154800.0,151500.0,0.0,6204000.0,,,0.4298,2027-03-11,69.33,False
PFC4O,PATAGONIA FRUITS TRADE S.A,30690967541,,ARS,2,152000.0,152000.0,0.0,6158128.0,,,3.4004,2030-02-28,70.07,True
CACBO,Capex S.A.,30629827060,Energía - Electricidad,ARS,2,152500.0,151000.0,155510.0,6140275.0,4510.0,2.9868,1.7002,2028-06-17,85.25,True
LMS7O,BLM DESARROLLOS SA,30718221516,,ARS,2,123000.0,121700.0,124000.0,6070322.2,2300.0,1.8899,2.0205,2028-10-12,88.64,True
OTS2O,[OTS],,Sin mapear,ARS,2,158000.0,156000.0,161490.0,5976232.0,5490.0,3.5192,0.5503,2027-04-24,84.48,False
CP36O,Cía. General de Combustibles S.A.,30506733932,Energía - Gas,ARS,2,157500.0,157500.0,158500.0,5685559.9,1000.0,0.6349,1.013,2027-10-10,91.52,True
CS48O,Cresud S.A.C.I.F. y A.,30509300700,Agro - Real Estate,ARS,1,162760.0,162600.0,162760.0,5380167.7,160.0,0.0984,1.7659,2028-07-11,94.65,True
LOC5O,[LOC],,Sin mapear,ARS,1,158610.0,158460.0,161500.0,5328835.0,3040.0,1.9185,0.7995,2027-07-24,86.8,False
IRCFO,IRSA Inversiones y Representaciones S.A.,30524688673,Real Estate,ARS,1,77660.0,76000.0,77990.0,5109367.7,1990.0,2.6184,1.7139,2028-06-22,86.52,True
PLC4O,Pluspetrol S.A.,30678224010,Energía - Petróleo y Gas,ARS,1,167040.0,164010.0,172000.0,5013600.0,7990.0,4.8717,5.6509,2032-05-30,82.1,True
PLC5O,Pluspetrol S.A.,30678224010,Energía - Petróleo y Gas,ARS,1,166200.0,163370.0,170800.0,4986000.0,7430.0,4.548,4.616,2031-05-18,81.59,True
MGCEO,Pampa Energía S.A.,30526552659,Energía - Electricidad,ARS,2,148200.0,145020.0,148200.0,4777231.6,3180.0,2.1928,1.2047,2027-12-19,87.48,True
RC5CO,ARCOR S.A.I.C.,30502793175,,ARS,2,156700.0,154000.0,157500.0,4619495.3,3500.0,2.2727,2.6256,2029-05-21,86.92,True
ZPC5O,PLAZA LOGISTICA S.R.L.,30655942382,,ARS,2,156540.0,0.0,0.0,4590654.0,,,2.7242,2029-06-26,68.34,True
PN42O,Pan American Energy LLC (PAE Sucursal),30714813583,Energía - Petróleo y Gas,ARS,2,160000.0,155100.0,167500.0,4270624.0,12400.0,7.9948,0.5311,2027-04-17,81.75,True
YM44O,YPF S.A.,30546689979,Energía - Petróleo y Gas,ARS,1,151510.0,151500.0,154990.0,4047066.0,3490.0,2.3036,8.7009,2035-06-18,84.73,True
CIC9O,CNH INDUSTRIAL CAPITAL ARGENTINA S.A.,30714322938,,ARS,2,158560.0,0.0,0.0,3993792.4,,,0.6242,2027-05-21,68.27,True
YFCIO,YPF Energía Eléctrica S.A.,30714128309,Energía - Electricidad,ARS,2,158500.0,154660.0,158500.0,3709691.5,3840.0,2.4829,0.6872,2027-06-13,86.39,True
EAC3O,MSU GREEN ENERGY S.A.U.,30714155128,,ARS,2,156110.0,156550.0,159550.0,3622760.0,3000.0,1.9163,2.2094,2028-12-20,86.77,True
MCC3O,[MCC],,Sin mapear,ARS,1,157050.0,155790.0,0.0,3456721.3,,,3.5975,2030-05-11,70.01,False
GN49O,Genneia S.A.,30665234114,Energía - Renovable,ARS,1,162000.0,159840.0,164900.0,3242000.0,5060.0,3.1657,7.1595,2033-12-02,83.33,True
BACGO,[BAC],,Sin mapear,ARS,1,161420.0,161420.0,167700.0,3228400.0,6280.0,3.8905,2.7159,2029-06-23,81.95,False
VSCRO,Vista Oil & Gas Argentina S.A.U.,33515950899,Energía - Petróleo y Gas,ARS,1,170990.0,167070.0,171000.0,3165529.9,3930.0,2.3523,5.013,2031-10-10,86.9,True
ZPC3O,PLAZA LOGISTICA S.R.L.,30655942382,,ARS,2,155800.0,155000.0,0.0,3083996.0,,,0.9117,2027-09-03,69.03,True
IRCJO,IRSA Inversiones y Representaciones S.A.,30524688673,Real Estate,ARS,2,155910.0,155900.0,159000.0,2905160.4,3100.0,1.9885,0.3997,2027-02-28,86.92,True
GN48O,Genneia S.A.,30665234114,Energía - Renovable,ARS,2,157970.0,155000.0,157500.0,2835720.0,2500.0,1.6129,1.4155,2028-03-05,86.62,True
LDCGO,[LDC],,Sin mapear,ARS,2,157700.0,153800.0,157700.0,2755918.4,3900.0,2.5358,0.9966,2027-10-04,85.42,False
RZBAO,RIZOBACTER ARGENTINA S.A.,30593174057,,ARS,2,92800.0,85000.0,92900.0,2723750.0,7900.0,9.2941,2.9131,2029-09-03,82.0,True
SNEAO,SION S.A.,30690076043,,ARS,2,90980.0,88520.0,90950.0,2508821.9,2430.0,2.7451,2.7734,2029-07-14,85.89,True
PFC2O,PATAGONIA FRUITS TRADE S.A,30690967541,,ARS,1,156200.0,156200.0,0.0,2498500.0,,,0.7721,2027-07-14,68.68,True
CP40O,CIA GENERAL DE COMBUSTIBLES S.A.,30506733932,,ARS,1,161950.0,156840.0,0.0,2477835.0,,,1.4264,2028-03-09,67.28,True
FO4AO,[FO4],,Sin mapear,ARS,2,160880.0,153000.0,160880.0,2413200.0,7880.0,5.1503,1.7906,2028-07-20,82.07,False
SNEBO,SION S.A.,30690076043,,ARS,1,98420.0,96100.0,103500.0,2302469.2,7400.0,7.7003,2.7734,2029-07-14,80.51,True
MR48O,Generación Mediterránea / Central Térmica Roca S.A.,33711944899,Energía - Electricidad,ARS,2,103000.0,103000.0,109000.0,2261320.0,6000.0,5.8252,8.2382,2034-12-31,81.89,True
AERBO,[AER],,Sin mapear,ARS,2,157150.0,155000.0,160400.0,2215049.9,5400.0,3.4839,0.1944,2026-12-15,84.96,False
NPCCO,[NPC],,Sin mapear,ARS,1,165000.0,163700.0,0.0,2166503.8,,,2.8884,2029-08-25,68.77,False
VSCYO,Vista Oil & Gas Argentina S.A.U.,33515950899,Energía - Petróleo y Gas,ARS,2,158370.0,157300.0,158200.0,2110583.2,900.0,0.5722,1.2813,2028-01-16,88.7,True
GYC4O,[GYC],,Sin mapear,ARS,2,155510.0,153650.0,158500.0,2063553.3,4850.0,3.1565,1.0678,2027-10-30,83.9,False
BACGD,[BAC],,Sin mapear,USD,2,106.95,106.55,108.7,1958481.0,2.15,2.0178,2.7159,2029-06-23,88.3,False
HJCIO,John Deere Credit Cía. Financiera S.A.,30707024859,Financiero - Crédito Industrial,ARS,1,159090.0,158580.0,0.0,1909080.0,,,0.6407,2027-05-27,67.08,True
YM38O,YPF S.A.,30546689979,Energía - Petróleo y Gas,ARS,1,160260.0,158000.0,0.0,1738922.3,,,0.794,2027-07-22,68.44,True
YM44D,YPF S.A.,30546689979,Energía - Petróleo y Gas,USD,2,98.9,98.7,98.9,1720815.67,0.2,0.2026,8.7009,2035-06-18,94.33,True
TTCBO,Tecpetrol S.A.,30592665472,Energía - Petróleo y Gas,ARS,2,167000.0,159600.0,0.0,1653300.0,,,1.0294,2027-10-16,67.69,True
YFCKO,YPF Energía Eléctrica S.A.,30714128309,Energía - Electricidad,ARS,2,158100.0,153740.0,158100.0,1651890.5,4360.0,2.836,0.1287,2026-11-21,84.92,True
ARC1O,Aeropuertos Argentina 2000 S.A.,30696170580,Infraestructura - Aeropuertos,ARS,1,164570.0,158520.0,164580.0,1645700.0,6060.0,3.8229,4.8214,2031-08-01,81.52,True
TLCOO,Telecom Argentina S.A.,30639453738,Telecomunicaciones,ARS,1,160320.0,0.0,0.0,1623861.8,,,2.1492,2028-11-28,68.71,True
RCCRO,Arcor S.A.I.C.,30502793175,Consumo - Alimentos,ARS,1,160670.0,160670.0,165500.0,1597063.2,4830.0,3.0062,0.5914,2027-05-09,84.25,True
GOC4O,GENERACION LITORAL SA,33715184139,,ARS,2,132590.0,130100.0,132400.0,1596219.8,2300.0,1.7679,2.5626,2029-04-28,87.15,True
LR8BO,LABORATORIOS RICHMOND S.A.C.I.F.,30501152826,,ARS,2,158700.0,150910.0,158690.0,1587000.0,7780.0,5.1554,1.8207,2028-07-31,81.68,True
MR45O,Generación Mediterránea / Central Térmica Roca S.A.,33711944899,Energía - Electricidad,ARS,2,41060.0,41100.0,42700.0,1567387.6,1600.0,3.8929,9.7358,2036-06-30,83.27,True
MGCUO,Pampa Energía S.A.,30526552659,Energía - Electricidad,ARS,1,153500.0,152100.0,0.0,1535000.0,,,3.8768,2030-08-21,66.84,True
OLC7O,OLEODUCTOS DEL VALLE S.A.,30658840165,,ARS,1,154010.0,156820.0,163000.0,1446272.7,6180.0,3.9408,3.3867,2030-02-23,82.58,True
SNSBO,SION S.A.,30690076043,,ARS,2,114510.0,114500.0,124990.0,1396907.8,10490.0,9.1616,0.0246,2026-10-14,80.88,True
PZCGO,Plaza Logística S.R.L.,30655942382,Logística - Real Estate,ARS,2,154000.0,154000.0,156000.0,1381000.0,2000.0,1.2987,1.6646,2028-06-04,86.87,True
MR49O,Generación Mediterránea / Central Térmica Roca S.A.,33711944899,Energía - Electricidad,ARS,2,97000.0,96000.0,101000.0,1378020.0,5000.0,5.2083,8.2382,2034-12-31,82.07,True
SBC4O,SAN BAUTISTA DEL SUR SA,30715659340,,ARS,2,152000.0,153050.0,155400.0,1368000.0,2350.0,1.5354,2.9268,2029-09-08,86.57,True
PN35O,Pan American Energy LLC (PAE Sucursal),30714813583,Energía - Petróleo y Gas,ARS,1,160000.0,158100.0,160000.0,1350400.0,1900.0,1.2018,2.9788,2029-09-27,86.31,True
RC3CO,Arcor S.A.I.C.,30502793175,Consumo - Alimentos,ARS,2,104.0,100.3,104.0,1318516.97,3.7,3.6889,0.1944,2026-12-15,83.89,True
YMCTO,YPF S.A.,30546689979,,ARS,2,156990.0,143000.0,156990.0,1223122.1,13990.0,9.7832,0.0137,2026-10-10,80.49,True
DEC4O,Empresa Distrib. de Electricidad Salta S.A.,30690633635,Energía - Electricidad,ARS,2,156800.0,151100.0,158800.0,1221301.4,7700.0,5.096,1.744,2028-07-03,82.8,True
MGCRD,Pampa Energía S.A.,30526552659,Energía - Electricidad,USD,2,102.65,102.8,103.25,1194743.0,0.45,0.4377,11.1102,2037-11-14,92.27,True
AEC2O,[AEC],,Sin mapear,ARS,2,79600.0,79600.0,0.0,1194000.0,,,0.9008,2027-08-30,67.27,False
PLC3O,Pluspetrol S.A.,30678224010,Energía - Petróleo y Gas,ARS,1,160600.0,159910.0,166000.0,1115900.3,6090.0,3.8084,1.5688,2028-04-30,83.34,True
CLSIO,[CLS],,Sin mapear,ARS,2,68400.0,67500.0,68400.0,1092977.5,900.0,1.3333,0.8049,2027-07-26,87.83,False
HVS1O,[HVS],,Sin mapear,ARS,2,159000.0,150100.0,159000.0,1066890.0,8900.0,5.9294,1.7577,2028-07-08,80.65,False
MJC1O,[MJC],,Sin mapear,ARS,2,150750.0,150650.0,0.0,1055250.0,,,0.3751,2027-02-19,66.5,False
OTS5O,[OTS],,Sin mapear,ARS,1,157360.0,157350.0,0.0,1016484.9,,,0.0493,2026-10-23,67.58,False
CS53O,Cresud S.A.C.I.F. y A.,30509300700,Agro - Real Estate,ARS,1,155180.0,156100.0,0.0,1012216.0,,,3.5674,2030-04-30,69.1,True
HJCFY,John Deere Credit Cía. Financiera S.A.,30707024859,Financiero - Crédito Industrial,USD,1,102.5,0.0,0.0,1000000.25,,,0.0438,2026-10-21,66.44,True
BYZ1Y,[BYZ],,Sin mapear,USD,1,100.5,0.0,0.0,1000000.13,,,0.8159,2027-07-30,66.42,False
YM43Z,YPF S.A.,30546689979,Energía - Petróleo y Gas,EXT,1,96.3,0.0,0.0,999999.42,,,3.5236,2030-04-14,66.39,True
BVCRO,Banco de Servicios y Transacciones S.A.,30704960995,Financiero - Bancos,ARS,2,150000.0,152670.0,0.0,975000.0,,,0.2793,2027-01-15,66.37,True
CAC5O,Capex S.A.,30629827060,Energía - Electricidad,ARS,2,83340.0,79950.0,84000.0,966171.8,4050.0,5.0657,1.8891,2028-08-25,82.45,True
CLSIO,[CLS],,Sin mapear,ARS,1,66960.0,0.0,69980.0,934761.6,,,0.8049,2027-07-26,67.0,False
BF46O,BANCO BBVA ARGENTINA S.A.,30500003193,,ARS,2,93.0,93.0,0.0,930000.0,,,0.6242,2027-05-21,66.3,True
MGCQO,Pampa Energía S.A.,30526552659,Energía - Electricidad,ARS,1,163210.0,0.0,167000.0,927583.3,,,1.8371,2028-08-06,68.55,True
SBC1O,SAN BAUTISTA DEL SUR SA,30715659340,,ARS,1,91000.0,91000.0,0.0,906400.0,,,0.9172,2027-09-05,66.93,True
OT41O,[OT4],,Sin mapear,ARS,2,161200.0,157200.0,163600.0,901108.0,6400.0,4.0712,1.2841,2028-01-17,82.39,False
YM37Z,YPF S.A.,30546689979,Energía - Petróleo y Gas,EXT,1,98.0,0.0,0.0,889999.74,,,0.5859,2027-05-07,66.21,True
YMCXD,YPF S.A.,30546689979,Energía - Petróleo y Gas,USD,2,108.0,107.85,108.0,868772.27,0.15,0.1391,4.9336,2031-09-11,93.78,True
PLC4D,Pluspetrol S.A.,30678224010,Energía - Petróleo y Gas,USD,2,109.05,109.0,109.05,850418.0,0.05,0.0459,5.6509,2032-05-30,93.8,True
MSSGO,MSU S.A.,30607597193,Energía,ARS,2,163500.0,157100.0,163500.0,838635.0,6400.0,4.0738,2.5298,2029-04-16,81.71,True
TSC4D,[TSC],,Sin mapear,USD,2,105.1,105.2,105.5,833510.5,0.3,0.2852,9.1253,2035-11-20,92.45,False
ZZC1Y,[ZZC],,Sin mapear,USD,2,101.904,0.0,0.0,829498.56,,,0.3806,2027-02-21,66.1,False
ZZC1Y,[ZZC],,Sin mapear,USD,1,101.9,0.0,0.0,829466.0,,,0.3806,2027-02-21,66.08,False
YFCPO,YPF Energía Eléctrica S.A.,30714128309,Energía - Electricidad,ARS,1,150700.0,148600.0,154000.0,806670.0,5400.0,3.6339,2.8693,2029-08-18,82.21,True
VSCXD,Vista Oil & Gas Argentina S.A.U.,33515950899,Energía - Petróleo y Gas,USD,2,105.45,105.45,105.55,803365.0,0.1,0.0948,11.5072,2038-04-08,93.6,True
YM34D,YPF S.A.,30546689979,Energía - Petróleo y Gas,USD,2,106.9,106.5,106.9,787412.39,0.4,0.3756,7.2854,2034-01-17,92.5,True
TLCFO,Telecom Argentina S.A.,30639453738,Telecomunicaciones,ARS,2,150000.0,130000.0,152890.0,774760.0,22890.0,17.6077,1.3498,2028-02-10,79.32,True
SBC3O,SAN BAUTISTA DEL SUR SA,30715659340,,ARS,2,156180.0,155330.0,160000.0,756854.5,4670.0,3.0065,2.6393,2029-05-26,82.7,True
TTC9O,Tecpetrol S.A.,30592665472,Energía - Petróleo y Gas,ARS,2,163000.0,161000.0,163000.0,711054.8,2000.0,1.2422,3.0527,2029-10-24,86.18,True
ZZC1O,[ZZC],,Sin mapear,ARS,1,155240.0,155220.0,157800.0,684608.4,2580.0,1.6622,0.3806,2027-02-21,83.7,False
YM42O,YPF S.A.,30546689979,Energía - Petróleo y Gas,ARS,1,161440.0,161000.0,163000.0,679932.2,2000.0,1.2422,2.4066,2029-03-02,86.35,True
LOC6O,[LOC],,Sin mapear,ARS,1,154780.0,154330.0,157400.0,670830.5,3070.0,1.9892,2.3025,2029-01-23,84.76,False
YFCGO,YPF Energía Eléctrica S.A.,30714128309,Energía - Electricidad,ARS,2,157870.0,153110.0,159660.0,649364.6,6550.0,4.278,0.397,2027-02-27,82.17,True
TLCWO,Telecom Argentina S.A.,30639453738,Telecomunicaciones,ARS,2,159000.0,154000.0,159000.0,641505.7,5000.0,3.2468,3.6468,2030-05-29,82.02,True
VSCZO,Vista Oil & Gas Argentina S.A.U.,33515950899,Energía - Petróleo y Gas,ARS,1,154000.0,0.0,154000.0,630380.0,,,2.7789,2029-07-16,66.91,True
LMS8O,BLM DESARROLLOS SA,30718221516,,ARS,2,83100.0,83100.0,86000.0,623484.6,2900.0,3.4898,0.4572,2027-03-21,82.42,True
VSCQO,Vista Oil & Gas Argentina S.A.U.,33515950899,Energía - Petróleo y Gas,ARS,2,148000.0,148000.0,155450.0,573385.2,7450.0,5.0338,1.7577,2028-07-08,81.3,True
PFC2O,PATAGONIA FRUITS TRADE S.A,30690967541,,ARS,2,161990.0,154500.0,161400.0,541270.0,6900.0,4.466,0.7721,2027-07-14,80.31,True
AEC3O,[AEC],,Sin mapear,ARS,1,148810.0,0.0,158500.0,523648.4,,,1.8371,2028-08-06,66.82,False
PQCRO,Petroquímica Comodoro Rivadavia S.A.,30563598111,Industria - Petroquímica,ARS,2,159250.0,155800.0,159250.0,519155.0,3450.0,2.2144,2.0479,2028-10-22,83.01,True
RC7CY,ARCOR S.A.I.C.,30502793175,,USD,1,0.0,0.0,0.0,517600.0,,,3.0007,2029-10-05,65.68,True
BYCXY,Banco de Galicia y Buenos Aires S.A.,30500001735,Financiero - Bancos,USD,2,102.506,0.0,0.0,512530.0,,,0.2355,2026-12-30,65.66,True
BYCXY,Banco de Galicia y Buenos Aires S.A.,30500001735,Financiero - Bancos,USD,1,102.5,0.0,0.0,512500.0,,,0.2355,2026-12-30,65.64,True
CS47O,Cresud S.A.C.I.F. y A.,30509300700,Agro - Real Estate,ARS,1,162600.0,0.0,162600.0,502434.0,,,2.1136,2028-11-15,65.61,True
DEC3O,Empresa Distrib. de Electricidad Salta S.A.,30690633635,Energía - Electricidad,ARS,2,98.5,99.31,0.0,500183.93,,,0.742,2027-07-03,66.69,True
MGCRC,Pampa Energía S.A.,30526552659,Energía - Electricidad,EXT,2,98.18,97.91,98.99,499540.0,1.08,1.1031,11.1102,2037-11-14,88.44,True
TTCDD,Tecpetrol S.A.,30592665472,Energía - Petróleo y Gas,USD,2,108.05,107.9,108.65,489762.0,0.75,0.6951,4.0794,2030-11-03,89.98,True
TLCPD,Telecom Argentina S.A.,30639453738,Telecomunicaciones,USD,2,110.25,110.0,110.25,488307.97,0.25,0.2273,6.6448,2033-05-28,92.68,True
SNABO,S.A. San Miguel,30511190238,Agro - Frutícola,ARS,2,119800.0,100000.0,116770.0,480435.0,16770.0,16.77,2.7734,2029-07-14,78.6,True
YM40O,YPF S.A.,30546689979,Energía - Petróleo y Gas,ARS,1,159120.0,0.0,164750.0,452962.4,,,1.8973,2028-08-28,66.15,True
TLCTD,Telecom Argentina S.A.,30639453738,Telecomunicaciones,USD,2,105.0,104.5,105.0,445302.09,0.5,0.4785,9.2923,2036-01-20,91.48,True
YFCMD,YPF Energía Eléctrica S.A.,30714128309,Energía - Electricidad,USD,2,102.5,102.45,102.7,426619.7,0.25,0.244,0.6215,2027-05-20,90.84,True
CAC5O,Capex S.A.,30629827060,Energía - Electricidad,ARS,1,82600.0,80600.0,82600.0,416089.0,2000.0,2.4814,1.8891,2028-08-25,83.19,True
MR46O,Generación Mediterránea / Central Térmica Roca S.A.,33711944899,Energía - Electricidad,ARS,1,123260.0,0.0,124900.0,398129.8,,,8.2382,2034-12-31,65.39,True
PLC7D,Pluspetrol S.A.,30678224010,Energía - Petróleo y Gas,USD,2,100.6,100.55,100.95,382016.5,0.4,0.3978,10.987,2037-09-30,91.38,True
DNCAD,EDENOR S.A.,30655116202,,USD,2,101.5,101.5,101.9,377969.45,0.4,0.3941,6.5626,2033-04-28,91.51,True
RZBBO,RIZOBACTER ARGENTINA S.A.,30593174057,,ARS,2,101300.0,99010.0,102000.0,358632.9,2990.0,3.0199,2.9131,2029-09-03,81.73,True
VMC1D,ESTACION DE SERVICIOS 25 DE MAYO SRL,33708128649,,USD,2,99.9,99.55,100.0,333400.5,0.45,0.452,3.9644,2030-09-22,91.01,True
MGCTD,Pampa Energía S.A.,30526552659,Energía - Electricidad,USD,2,100.0,98.99,103.45,320064.2,4.46,4.5055,2.4887,2029-04-01,82.8,True
RC1CD,ARCOR S.A.I.C.,30502793175,,USD,2,104.8,104.2,104.9,313111.0,0.7,0.6718,6.82,2033-07-31,89.03,True
DNCBD,EDENOR S.A.,30655116202,,USD,2,98.3,98.05,98.3,310020.11,0.25,0.255,2.7433,2029-07-03,92.19,True
VAC3P,[VAC],,Sin mapear,ARS,2,147000.0,149000.0,159900.0,296470.0,10900.0,7.3154,1.0595,2027-10-27,78.57,False
YM37O,YPF S.A.,30546689979,Energía - Petróleo y Gas,ARS,1,158290.0,157500.0,160000.0,292514.3,2500.0,1.5873,0.5859,2027-05-07,84.56,True
TLCMD,Telecom Argentina S.A.,30639453738,Telecomunicaciones,USD,2,109.85,109.65,109.85,279678.0,0.2,0.1824,4.783,2031-07-18,92.12,True
HJCLD,John Deere Credit Cía. Financiera S.A.,30707024859,Financiero - Crédito Industrial,USD,2,101.45,101.25,101.5,279668.0,0.25,0.2469,2.1711,2028-12-06,91.54,True
MGCEO,Pampa Energía S.A.,30526552659,Energía - Electricidad,ARS,1,142010.0,142050.0,149000.0,272659.2,6950.0,4.8926,1.2047,2027-12-19,79.45,True
YMCXC,YPF S.A.,30546689979,Energía - Petróleo y Gas,EXT,2,103.85,103.2,0.0,257733.28,,,4.9336,2031-09-11,69.67,True
CP38D,Cía. General de Combustibles S.A.,30506733932,Energía - Gas,USD,2,111.3,111.0,111.3,253412.1,0.3,0.2703,4.1478,2030-11-28,91.5,True
PN41O,Pan American Energy LLC (PAE Sucursal),30714813583,Energía - Petróleo y Gas,ARS,1,162290.0,160800.0,164900.0,245303.6,4100.0,2.5498,2.8939,2029-08-27,83.26,True
VSCVD,Vista Oil & Gas Argentina S.A.U.,33515950899,Energía - Petróleo y Gas,USD,2,110.85,110.85,111.4,240963.5,0.55,0.4962,6.6804,2033-06-10,90.39,True
LOC6D,[LOC],,Sin mapear,USD,2,101.3,101.05,101.35,239671.23,0.3,0.2969,2.3025,2029-01-23,91.76,False
DEC2D,Empresa Distrib. de Electricidad Salta S.A.,30690633635,Energía - Electricidad,USD,2,101.85,101.5,101.8,238354.5,0.3,0.2956,0.3888,2027-02-24,91.16,True
PN36O,Pan American Energy LLC (PAE Sucursal),30714813583,Energía - Petróleo y Gas,ARS,1,164310.0,164190.0,168890.0,233212.0,4700.0,2.8625,5.1061,2031-11-13,82.97,True
VSCPO,Vista Oil & Gas Argentina S.A.U.,33515950899,Energía - Petróleo y Gas,ARS,1,161460.0,161460.0,173000.0,232599.0,11540.0,7.1473,2.5763,2029-05-03,79.47,True
YMCYO,YPF S.A.,30546689979,Energía - Petróleo y Gas,ARS,1,161670.0,158290.0,0.0,231965.5,,,2.0151,2028-10-10,66.3,True
YM37D,YPF S.A.,30546689979,Energía - Petróleo y Gas,USD,2,102.85,102.6,103.2,230715.18,0.6,0.5848,0.5859,2027-05-07,90.25,True
YMCJD,YPF S.A.,30546689979,Energía - Petróleo y Gas,USD,2,101.4,101.3,101.5,228032.22,0.2,0.1974,6.987,2033-09-30,92.17,True
ZPC2O,PLAZA LOGISTICA S.R.L.,30655942382,,ARS,2,152400.0,152550.0,162800.0,227076.0,10250.0,6.7191,0.6571,2027-06-02,77.73,True
YM41O,YPF S.A.,30546689979,Energía - Petróleo y Gas,ARS,1,157530.0,155760.0,161650.0,225246.9,5890.0,3.7815,0.2601,2027-01-08,80.84,True
IRCJO,IRSA Inversiones y Representaciones S.A.,30524688673,Real Estate,ARS,1,156800.0,152200.0,156800.0,221608.5,4600.0,3.0223,0.3997,2027-02-28,82.37,True
PN38C,Pan American Energy LLC (PAE Sucursal),30714813583,Energía - Petróleo y Gas,EXT,2,102.8,99.1,0.0,218412.81,,,0.8487,2027-08-11,68.64,True
MTC2O,Mastellone Hermanos S.A.,30547242331,Alimentos - Lácteos,ARS,1,149050.0,152600.0,158500.0,201247.0,5900.0,3.8663,1.7139,2028-06-22,79.97,True
VSCTD,Vista Oil & Gas Argentina S.A.U.,33515950899,Energía - Petróleo y Gas,USD,2,104.5,104.15,105.45,199333.0,1.3,1.2482,9.18,2035-12-10,86.36,True
MGCOD,Pampa Energía S.A.,30526552659,Energía - Electricidad,USD,2,104.35,104.4,105.55,198865.0,1.15,1.1015,8.1971,2034-12-16,86.41,True
CICAO,CNH INDUSTRIAL CAPITAL ARGENTINA S.A.,30714322938,,ARS,1,155720.0,159980.0,161360.0,193972.2,1380.0,0.8626,1.6619,2028-06-03,85.08,True
PN35D,Pan American Energy LLC (PAE Sucursal),30714813583,Energía - Petróleo y Gas,USD,2,103.0,102.8,103.0,190116.25,0.2,0.1946,2.9788,2029-09-27,91.82,True
YM43D,YPF S.A.,30546689979,Energía - Petróleo y Gas,USD,2,100.2,100.2,100.25,184852.54,0.05,0.0499,3.5236,2030-04-14,92.22,True
YM44C,YPF S.A.,30546689979,Energía - Petróleo y Gas,EXT,2,95.13,94.1,95.12,182857.06,1.02,1.084,8.7009,2035-06-18,86.98,True
MCC3D,[MCC],,Sin mapear,USD,2,101.85,101.85,102.25,179792.95,0.4,0.3927,3.5975,2030-05-11,90.66,False
YM38D,YPF S.A.,30546689979,Energía - Petróleo y Gas,USD,2,104.25,104.0,104.25,167561.5,0.25,0.2404,0.794,2027-07-22,91.43,True
DNC5D,EDENOR S.A.,30655116202,,USD,2,104.85,104.85,105.2,165683.96,0.35,0.3338,1.8344,2028-08-05,90.98,True
BACHD,[BAC],,Sin mapear,USD,2,105.1,104.9,105.6,165087.0,0.7,0.6673,4.3149,2031-01-28,88.09,False
PN43D,Pan American Energy LLC (PAE Sucursal),30714813583,Energía - Petróleo y Gas,USD,2,104.4,104.1,105.0,162103.0,0.9,0.8646,10.2806,2037-01-15,87.69,True
RC5CO,ARCOR S.A.I.C.,30502793175,,ARS,1,158990.0,156700.0,0.0,158990.0,,,2.6256,2029-05-21,64.5,True
OZC3O,EMPRESA DISTRIB DE ELECTRICIDAD DE MENDOZA S.A.,30699542454,,ARS,1,158960.0,159000.0,162500.0,158960.0,3500.0,2.2013,1.1499,2027-11-29,81.13,True
MCC2O,[MCC],,Sin mapear,ARS,1,157720.0,0.0,0.0,157720.0,,,0.6598,2027-06-03,64.45,False
DKC1O,[DKC],,Sin mapear,ARS,2,155500.0,0.0,0.0,155500.0,,,1.9822,2028-09-28,65.81,False
SIC1O,[SIC],,Sin mapear,ARS,1,157070.0,0.0,0.0,155499.3,,,0.178,2026-12-09,64.41,False
OTS5D,[OTS],,Sin mapear,USD,2,103.0,102.5,103.35,154104.36,0.85,0.8293,0.0493,2026-10-23,87.0,False
IES1M,[IES],,Sin mapear,ARS,2,151510.0,151510.0,156350.0,151510.0,4840.0,3.1945,0.846,2027-08-10,79.5,False
MIC3D,MIRGOR S.A.,30578036071,,USD,2,101.9,101.5,101.9,151304.45,0.4,0.3941,0.1013,2026-11-11,88.38,True
DHSPO,Credicuotas Consumo S.A.,30710911580,Financiero - Crédito Consumo,ARS,2,150500.0,150000.0,0.0,150500.0,,,0.9802,2027-09-28,64.32,True
CP40D,CIA GENERAL DE COMBUSTIBLES S.A.,30506733932,,USD,2,101.75,101.5,101.75,143625.44,0.25,0.2463,1.4264,2028-03-09,90.91,True
JNC5O,[JNC],,Sin mapear,ARS,2,153600.0,153800.0,157300.0,142848.0,3500.0,2.2757,0.011,2026-10-09,80.75,False
VSCRD,Vista Oil & Gas Argentina S.A.U.,33515950899,Energía - Petróleo y Gas,USD,2,111.0,110.7,111.2,141500.65,0.5,0.4517,5.013,2031-10-10,90.33,True
PLC5D,Pluspetrol S.A.,30678224010,Energía - Petróleo y Gas,USD,2,108.3,107.9,108.35,138403.0,0.45,0.4171,4.616,2031-05-18,89.49,True
RUCDD,CERAMICA RUTA 16 S.R.L.,30710080085,,USD,2,106.3,105.6,106.3,138362.98,0.7,0.6629,4.167,2030-12-05,89.1,True
CRCJO,[CRC],,Sin mapear,ARS,2,6552.0,6552.0,8000.0,137909.61,1448.0,22.1001,1.6126,2028-05-16,78.02,False
CICAD,CNH INDUSTRIAL CAPITAL ARGENTINA S.A.,30714322938,,USD,2,104.75,103.0,104.75,135716.76,1.75,1.699,1.6619,2028-06-03,85.72,True
HJCJD,John Deere Credit Cía. Financiera S.A.,30707024859,Financiero - Crédito Industrial,USD,2,104.65,104.5,105.1,131412.0,0.6,0.5742,0.8022,2027-07-25,88.5,True
TLCPC,Telecom Argentina S.A.,30639453738,Telecomunicaciones,EXT,2,105.5,105.55,106.3,131039.64,0.75,0.7106,6.6448,2033-05-28,88.53,True
TLCUO,Telecom Argentina S.A.,30639453738,Telecomunicaciones,ARS,1,162500.0,156000.0,158500.0,130000.0,2500.0,1.6026,2.4148,2029-03-05,82.03,True
LQC1D,[LQC],,Sin mapear,USD,2,100.55,99.9,101.2,129716.6,1.3,1.3013,7.8111,2034-07-28,85.59,False
PLC2O,Pluspetrol S.A.,30678224010,Energía - Petróleo y Gas,ARS,1,163270.0,160160.0,0.0,124978.2,,,3.3128,2030-01-27,66.32,True
TLCVO,Telecom Argentina S.A.,30639453738,Telecomunicaciones,ARS,2,161000.0,153500.0,158000.0,122360.0,4500.0,2.9316,0.6461,2027-05-29,79.46,True
PLC4C,Pluspetrol S.A.,30678224010,Energía - Petróleo y Gas,EXT,2,104.5,0.0,0.0,119885.0,,,5.6509,2032-05-30,67.2,True
CP36C,Cía. General de Combustibles S.A.,30506733932,Energía - Gas,EXT,1,101.9,96.0,0.0,113590.09,,,1.013,2027-10-10,66.92,True
BYCHD,Banco de Galicia y Buenos Aires S.A.,30500001735,Financiero - Bancos,USD,2,108.0,108.05,108.8,111729.74,0.75,0.6941,2.0151,2028-10-10,87.28,True
YM42D,YPF S.A.,30546689979,Energía - Petróleo y Gas,USD,2,104.9,104.9,104.95,111083.49,0.05,0.0477,2.4066,2029-03-02,91.47,True
MIC4D,MIRGOR S.A.,30578036071,,USD,2,101.0,100.9,101.0,111034.69,0.1,0.0991,0.8131,2027-07-29,90.46,True
GN47O,Genneia S.A.,30665234114,Energía - Renovable,ARS,1,157750.0,0.0,157750.0,110425.0,,,2.0342,2028-10-17,64.57,True
PQCSD,Petroquímica Comodoro Rivadavia S.A.,30563598111,Industria - Petroquímica,USD,2,101.15,101.15,101.4,108670.27,0.25,0.2472,4.3696,2031-02-17,90.69,True
YFCGO,YPF Energía Eléctrica S.A.,30714128309,Energía - Electricidad,ARS,1,152010.0,152030.0,0.0,107927.1,,,0.397,2027-02-27,63.85,True
VSCZD,Vista Oil & Gas Argentina S.A.U.,33515950899,Energía - Petróleo y Gas,USD,2,99.55,99.55,99.64,107630.52,0.09,0.0904,2.7789,2029-07-16,91.2,True
MGCOC,Pampa Energía S.A.,30526552659,Energía - Electricidad,EXT,2,100.15,96.15,0.0,107160.5,,,8.1971,2034-12-16,65.76,True
MIC6D,MIRGOR S.A.,30578036071,,USD,2,100.05,100.0,100.05,106044.45,0.05,0.05,1.6454,2028-05-28,90.8,True
CIC7O,CNH INDUSTRIAL CAPITAL ARGENTINA S.A.,30714322938,,ARS,2,159600.0,154060.0,159600.0,105336.0,5540.0,3.596,0.104,2026-11-12,79.25,True
CS50O,Cresud S.A.C.I.F. y A.,30509300700,Agro - Real Estate,ARS,1,156200.0,155630.0,156200.0,102262.5,570.0,0.3663,2.4285,2029-03-10,87.53,True
YMCID,YPF S.A.,30546689979,Energía - Petróleo y Gas,USD,2,93.67,93.67,94.18,100846.31,0.51,0.5445,2.7406,2029-07-02,89.27,True
EAC4D,MSU GREEN ENERGY S.A.U.,30714155128,,USD,2,101.4,101.4,102.2,93416.78,0.8,0.789,9.6975,2036-06-16,88.08,True
RZBAO,RIZOBACTER ARGENTINA S.A.,30593174057,,ARS,1,92810.0,0.0,0.0,92810.0,,,2.9131,2029-09-03,64.35,True
PFC3D,PATAGONIA FRUITS TRADE S.A,30690967541,,USD,2,101.5,101.0,101.5,91278.03,0.5,0.495,3.0938,2029-11-08,86.6,True
DNCAC,EDENOR S.A.,30655116202,,EXT,2,97.0,96.3,97.5,90165.64,1.2,1.2461,6.5626,2033-04-28,85.96,True
YM39D,YPF S.A.,30546689979,Energía - Petróleo y Gas,USD,2,109.7,109.7,110.0,88349.71,0.3,0.2735,3.7947,2030-07-22,90.15,True
DNC7D,EDENOR S.A.,30655116202,,USD,2,106.95,106.65,106.95,87061.75,0.3,0.2813,4.052,2030-10-24,90.13,True
TTCAD,Tecpetrol S.A.,30592665472,Energía - Petróleo y Gas,USD,2,105.05,104.1,105.05,86216.5,0.95,0.9126,6.2998,2033-01-22,86.1,True
MGCMD,Pampa Energía S.A.,30526552659,Energía - Electricidad,USD,2,107.05,106.95,109.2,85485.0,2.25,2.1038,4.9309,2031-09-10,82.29,True
NPCDD,[NPC],,Sin mapear,USD,2,101.0,100.65,101.0,85337.29,0.35,0.3477,3.5674,2030-04-30,89.61,False
OZC3D,EMPRESA DISTRIB DE ELECTRICIDAD DE MENDOZA S.A.,30699542454,,USD,2,103.9,103.9,104.1,85104.9,0.2,0.1925,1.1499,2027-11-29,90.26,True
YFCLO,YPF Energía Eléctrica S.A.,30714128309,Energía - Electricidad,ARS,1,160140.0,0.0,160100.0,84874.2,,,2.13,2028-11-21,63.47,True
JNC6O,[JNC],,Sin mapear,ARS,2,161000.0,157000.0,161000.0,82110.0,4000.0,2.5478,0.9938,2027-10-03,80.62,False
VSCJO,Vista Oil & Gas Argentina S.A.U.,33515950899,Energía - Petróleo y Gas,ARS,2,145070.0,146640.0,159990.0,81191.3,13350.0,9.1039,0.4079,2027-03-03,76.87,True
MR44O,Generación Mediterránea / Central Térmica Roca S.A.,33711944899,Energía - Electricidad,ARS,1,35600.0,33100.0,37300.0,78676.0,4200.0,12.6888,9.7358,2036-06-30,76.19,True
MGCQD,Pampa Energía S.A.,30526552659,Energía - Electricidad,USD,2,106.8,106.5,106.7,75431.54,0.2,0.1878,1.8371,2028-08-06,90.35,True
VSCVC,Vista Oil & Gas Argentina S.A.U.,33515950899,Energía - Petróleo y Gas,EXT,2,106.0,0.0,110.0,70864.5,,,6.6804,2033-06-10,65.32,True
TLCTC,Telecom Argentina S.A.,30639453738,Telecomunicaciones,EXT,2,102.5,99.8,104.15,69841.29,4.35,4.3587,9.2923,2036-01-20,81.79,True
LOC5D,[LOC],,Sin mapear,USD,2,104.2,103.9,104.2,69763.09,0.3,0.2887,0.7995,2027-07-24,89.26,False
PECND,PETROLERA ACONCAGUA ENERGIA S.A.,30714814229,,USD,2,57.25,57.0,57.25,69485.15,0.25,0.4386,5.8891,2032-08-25,88.37,True
YFCJD,YPF Energía Eléctrica S.A.,30714128309,Energía - Electricidad,USD,2,107.95,107.6,107.95,68983.0,0.35,0.3253,6.0315,2032-10-16,88.8,True
T672D,Tarjeta Naranja S.A.U.,30685376349,Financiero - Consumo,USD,2,101.0,101.0,102.0,68930.0,1.0,0.9901,0.3833,2027-02-22,83.97,True
VSCXC,Vista Oil & Gas Argentina S.A.U.,33515950899,Energía - Petróleo y Gas,EXT,2,101.1,100.3,101.1,68748.5,0.8,0.7976,11.5072,2038-04-08,86.42,True
CLI1O,[CLI],,Sin mapear,ARS,2,50500.0,50500.0,51450.0,68175.0,950.0,1.8812,8.1807,2034-12-10,82.15,False
OLC7D,OLEODUCTOS DEL VALLE S.A.,30658840165,,USD,2,102.4,102.2,102.4,66907.05,0.2,0.1957,3.3867,2030-02-23,89.49,True
TSC3D,[TSC],,Sin mapear,USD,2,110.05,109.45,110.95,65990.0,1.5,1.3705,4.7995,2031-07-24,83.1,False
TTCEO,Tecpetrol S.A.,30592665472,Energía - Petróleo y Gas,ARS,1,153210.0,156300.0,167500.0,65943.7,11200.0,7.1657,2.6256,2029-05-21,76.53,True
DEC2O,Empresa Distrib. de Electricidad Salta S.A.,30690633635,Energía - Electricidad,ARS,1,154070.0,0.0,0.0,61628.0,,,0.3888,2027-02-24,63.12,True
MCC1O,[MCC],,Sin mapear,ARS,1,152770.0,0.0,0.0,61108.0,,,2.4285,2029-03-10,63.09,False
YM34C,YPF S.A.,30546689979,Energía - Petróleo y Gas,EXT,2,104.0,101.9,104.0,60996.71,2.1,2.0608,7.2854,2034-01-17,84.51,True
YMCXD,YPF S.A.,30546689979,Energía - Petróleo y Gas,USD,1,108.45,107.9,108.45,60306.81,0.55,0.5097,4.9336,2031-09-11,88.1,True
CP41D,CIA GENERAL DE COMBUSTIBLES S.A.,30506733932,,USD,2,99.7,99.05,99.7,59748.31,0.65,0.6562,2.924,2029-09-07,87.58,True
YM34D,YPF S.A.,30546689979,Energía - Petróleo y Gas,USD,1,106.6,106.25,106.6,59315.81,0.35,0.3294,7.2854,2034-01-17,89.55,True
MR46C,Generación Mediterránea / Central Térmica Roca S.A.,33711944899,Energía - Electricidad,EXT,2,76.77,0.0,0.0,54823.76,,,8.2382,2034-12-31,64.74,True
HJCKD,John Deere Credit Cía. Financiera S.A.,30707024859,Financiero - Crédito Industrial,USD,2,104.55,103.55,105.5,54205.0,1.95,1.8831,2.2834,2029-01-16,83.1,True
PQCRD,Petroquímica Comodoro Rivadavia S.A.,30563598111,Industria - Petroquímica,USD,2,101.6,101.7,102.6,54049.12,0.9,0.885,2.0479,2028-10-22,84.54,True
SIC1D,[SIC],,Sin mapear,USD,2,102.5,102.5,102.7,53666.65,0.2,0.1951,0.178,2026-12-09,87.59,False
PLC2D,Pluspetrol S.A.,30678224010,Energía - Petróleo y Gas,USD,2,107.5,107.15,107.6,53649.18,0.45,0.42,3.3128,2030-01-27,88.55,True
AERBD,[AER],,Sin mapear,USD,2,101.75,101.8,102.35,51656.3,0.55,0.5403,0.1944,2026-12-15,86.64,False
BYCWD,Banco de Galicia y Buenos Aires S.A.,30500001735,Financiero - Bancos,USD,1,103.0,0.0,0.0,51500.0,,,0.1533,2026-11-30,64.44,True
YFCOD,YPF Energía Eléctrica S.A.,30714128309,Energía - Electricidad,USD,2,102.5,102.5,103.0,50010.15,0.5,0.4878,2.1958,2028-12-15,87.19,True
CS53D,Cresud S.A.C.I.F. y A.,30509300700,Agro - Real Estate,USD,2,101.45,100.95,101.5,49372.92,0.55,0.5448,3.5674,2030-04-30,87.97,True
IRCOD,IRSA Inversiones y Representaciones S.A.,30524688673,Real Estate,USD,2,105.25,104.5,105.25,49208.75,0.75,0.7177,3.05,2029-10-23,87.01,True
BF48C,BANCO BBVA ARGENTINA S.A.,30500003193,,EXT,1,96.0,0.0,100.5,45895.68,,,1.3032,2028-01-24,62.76,True
PLC6D,Pluspetrol S.A.,30678224010,Energía - Petróleo y Gas,USD,2,104.6,104.6,105.0,44985.52,0.4,0.3824,2.3984,2029-02-27,88.57,True
PN38D,Pan American Energy LLC (PAE Sucursal),30714813583,Energía - Petróleo y Gas,USD,2,107.35,106.0,107.35,44420.12,1.35,1.2736,0.8487,2027-08-11,85.41,True
VSCKO,Vista Oil & Gas Argentina S.A.U.,33515950899,Energía - Petróleo y Gas,ARS,2,130100.0,133000.0,140000.0,44234.0,7000.0,5.2632,1.41,2028-03-03,76.69,True
OLC6D,OLEODUCTOS DEL VALLE S.A.,30658840165,,USD,2,105.55,105.55,105.9,44107.22,0.35,0.3316,2.6667,2029-06-05,87.41,True
VSCVC,Vista Oil & Gas Argentina S.A.U.,33515950899,Energía - Petróleo y Gas,EXT,1,105.95,0.0,0.0,42380.0,,,6.6804,2033-06-10,63.32,True
FO4AD,[FO4],,Sin mapear,USD,2,103.7,101.65,103.7,42145.89,2.05,2.0167,1.7906,2028-07-20,81.04,False
MGCOD,Pampa Energía S.A.,30526552659,Energía - Electricidad,USD,1,103.0,103.55,105.5,41665.0,1.95,1.8831,8.1971,2034-12-16,81.31,True
MGCRD,Pampa Energía S.A.,30526552659,Energía - Electricidad,USD,1,102.5,102.0,103.9,40994.0,1.9,1.8627,11.1102,2037-11-14,80.67,True
CICBD,CNH INDUSTRIAL CAPITAL ARGENTINA S.A.,30714322938,,USD,2,103.5,103.4,103.5,40157.12,0.1,0.0967,2.3491,2029-02-09,89.19,True
OZC8D,EMPRESA DISTRIB DE ELECTRICIDAD DE MENDOZA S.A.,30699542454,,USD,2,101.0,98.46,101.0,40135.0,2.54,2.5797,6.6831,2033-06-11,79.91,True
VSCVD,Vista Oil & Gas Argentina S.A.U.,33515950899,Energía - Petróleo y Gas,USD,1,110.8,110.4,112.95,39830.5,2.55,2.3098,6.6804,2033-06-10,81.3,True
AEC3D,[AEC],,Sin mapear,USD,2,99.74,98.2,99.74,38940.03,1.54,1.5682,1.8371,2028-08-06,84.77,False
MSSFD,MSU S.A.,30607597193,Energía,USD,2,102.5,102.0,102.5,38902.37,0.5,0.4902,0.7967,2027-07-23,87.29,True
ZZC1D,[ZZC],,Sin mapear,USD,2,102.3,102.0,102.3,37516.34,0.3,0.2941,0.3806,2027-02-21,88.87,False
YM41D,YPF S.A.,30546689979,Energía - Petróleo y Gas,USD,2,102.3,101.85,102.3,36286.15,0.45,0.4418,0.2601,2027-01-08,87.8,True
MGCND,Pampa Energía S.A.,30526552659,Energía - Electricidad,USD,2,101.35,101.15,101.45,35750.43,0.3,0.2966,1.9986,2028-10-04,88.83,True
PN36D,Pan American Energy LLC (PAE Sucursal),30714813583,Energía - Petróleo y Gas,USD,2,107.25,106.95,107.25,34637.74,0.3,0.2805,5.1061,2031-11-13,88.76,True
TTCED,Tecpetrol S.A.,30592665472,Energía - Petróleo y Gas,USD,2,101.7,101.2,102.2,34482.45,1.0,0.9881,2.6256,2029-05-21,85.04,True
YM44D,YPF S.A.,30546689979,Energía - Petróleo y Gas,USD,1,98.9,98.4,98.9,34379.09,0.5,0.5081,8.7009,2035-06-18,86.0,True
PNXCD,Pan American Energy LLC (PAE Sucursal),30714813583,Energía - Petróleo y Gas,USD,2,113.3,112.8,114.0,34026.0,1.2,1.0638,5.5688,2032-04-30,84.03,True
OLC5D,OLEODUCTOS DEL VALLE S.A.,30658840165,,USD,2,105.75,105.5,106.7,33745.93,1.2,1.1374,1.6865,2028-06-12,84.9,True
HJCMD,John Deere Credit Cía. Financiera S.A.,30707024859,Financiero - Crédito Industrial,USD,2,99.0,98.05,100.2,32912.0,2.15,2.1928,2.4778,2029-03-28,81.33,True
TLCMD,Telecom Argentina S.A.,30639453738,Telecomunicaciones,USD,1,110.15,109.6,109.9,31883.5,0.3,0.2737,4.783,2031-07-18,87.07,True
TLCPD,Telecom Argentina S.A.,30639453738,Telecomunicaciones,USD,1,109.75,109.5,110.75,31205.44,1.25,1.1416,6.6448,2033-05-28,84.79,True
HVS1D,[HVS],,Sin mapear,USD,2,102.65,101.0,103.1,31072.16,2.1,2.0792,1.7577,2028-07-08,80.17,False
TLCDO,Telecom Argentina S.A.,30639453738,Telecomunicaciones,ARS,2,147410.0,147410.0,0.0,30956.1,,,0.4244,2027-03-09,62.18,True
MUC4O,[MUC],,Sin mapear,ARS,2,154000.0,150000.0,156000.0,30800.0,6000.0,4.0,1.0595,2027-10-27,76.44,False
WBS3D,BANCO MARIVA S.A.,30516420444,,USD,2,101.5,101.1,101.5,30450.0,0.4,0.3956,0.7502,2027-07-06,83.78,True
PN41D,Pan American Energy LLC (PAE Sucursal),30714813583,Energía - Petróleo y Gas,USD,2,104.5,104.5,105.25,29620.4,0.75,0.7177,2.8939,2029-08-27,86.19,True
VSCXD,Vista Oil & Gas Argentina S.A.U.,33515950899,Energía - Petróleo y Gas,USD,1,106.0,105.15,105.9,29586.5,0.75,0.7133,11.5072,2038-04-08,85.42,True
MGCRC,Pampa Energía S.A.,30526552659,Energía - Electricidad,EXT,1,97.91,0.0,0.0,29373.0,,,11.1102,2037-11-14,63.17,True
CS52D,Cresud S.A.C.I.F. y A.,30509300700,Agro - Real Estate,USD,2,100.5,99.76,100.5,28988.9,0.74,0.7418,1.5688,2028-04-30,82.77,True
TTC8D,Tecpetrol S.A.,30592665472,Energía - Petróleo y Gas,USD,2,103.05,102.7,103.05,28484.29,0.35,0.3408,1.0513,2027-10-24,87.3,True
MR47O,Generación Mediterránea / Central Térmica Roca S.A.,33711944899,Energía - Electricidad,ARS,1,64160.0,0.0,70500.0,28230.4,,,9.7358,2036-06-30,62.0,True
DNC3D,EDENOR S.A.,30655116202,,USD,2,104.5,104.45,104.7,28005.05,0.25,0.2393,0.1314,2026-11-22,88.5,True
PN42D,Pan American Energy LLC (PAE Sucursal),30714813583,Energía - Petróleo y Gas,USD,2,104.25,104.25,104.85,27788.71,0.6,0.5755,0.5311,2027-04-17,85.67,True
TTC9D,Tecpetrol S.A.,30592665472,Energía - Petróleo y Gas,USD,2,105.7,105.3,105.75,27768.23,0.45,0.4274,3.0527,2029-10-24,86.29,True
ARC1D,Aeropuertos Argentina 2000 S.A.,30696170580,Infraestructura - Aeropuertos,USD,2,106.0,105.85,106.0,27368.5,0.15,0.1417,4.8214,2031-08-01,87.9,True
PLC3C,Pluspetrol S.A.,30678224010,Energía - Petróleo y Gas,EXT,2,99.85,96.9,101.0,27253.34,4.1,4.2312,1.5688,2028-04-30,78.12,True
TTCDC,Tecpetrol S.A.,30592665472,Energía - Petróleo y Gas,EXT,2,103.5,103.2,103.9,26935.0,0.7,0.6783,4.0794,2030-11-03,84.17,True
YMCIC,YPF S.A.,30546689979,Energía - Petróleo y Gas,EXT,2,89.7,89.7,90.2,26752.54,0.5,0.5574,2.7406,2029-07-02,86.77,True
VSCPD,Vista Oil & Gas Argentina S.A.U.,33515950899,Energía - Petróleo y Gas,USD,2,108.2,108.0,108.2,26656.65,0.2,0.1852,2.5763,2029-05-03,88.55,True
BACGC,[BAC],,Sin mapear,EXT,2,102.3,0.0,0.0,26517.5,,,2.7159,2029-06-23,63.39,False
BACGD,[BAC],,Sin mapear,USD,1,106.3,106.2,107.0,25506.5,0.8,0.7533,2.7159,2029-06-23,85.1,False
CACBD,Capex S.A.,30629827060,Energía - Electricidad,USD,2,100.35,99.3,100.35,25279.97,1.05,1.0574,1.7002,2028-06-17,84.18,True
PLC1D,Pluspetrol S.A.,30678224010,Energía - Petróleo y Gas,USD,2,104.0,104.0,104.6,25187.22,0.6,0.5769,1.3114,2028-01-27,85.97,True
GN49D,Genneia S.A.,30665234114,Energía - Renovable,USD,2,105.25,104.4,105.3,24189.5,0.9,0.8621,7.1595,2033-12-02,84.17,True
PLC7D,Pluspetrol S.A.,30678224010,Energía - Petróleo y Gas,USD,1,100.5,100.3,101.15,24109.5,0.85,0.8475,10.987,2037-09-30,84.46,True
PLC3D,Pluspetrol S.A.,30678224010,Energía - Petróleo y Gas,USD,2,103.65,104.0,104.3,23690.83,0.3,0.2885,1.5688,2028-04-30,87.7,True
XMC1D,Minera Exar S.A.,30709667587,Minería - Litio,USD,2,104.65,104.65,105.75,23615.6,1.1,1.0511,1.1006,2027-11-11,84.81,True
TLCUD,Telecom Argentina S.A.,30639453738,Telecomunicaciones,USD,2,101.4,101.3,101.45,23022.47,0.15,0.1481,2.4148,2029-03-05,88.57,True
CS48D,Cresud S.A.C.I.F. y A.,30509300700,Agro - Real Estate,USD,2,105.75,105.75,106.0,22496.84,0.25,0.2364,1.7659,2028-07-11,88.26,True
RUCED,CERAMICA RUTA 16 S.R.L.,30710080085,,USD,2,102.2,101.6,103.0,21937.45,1.4,1.378,1.0678,2027-10-30,83.51,True
YMCYD,YPF S.A.,30546689979,Energía - Petróleo y Gas,USD,2,104.5,104.05,104.45,21510.65,0.4,0.3844,2.0151,2028-10-10,87.17,True
SIC2D,[SIC],,Sin mapear,USD,2,101.1,100.85,101.75,21369.76,0.9,0.8924,2.705,2029-06-19,84.01,False
OLC5D,OLEODUCTOS DEL VALLE S.A.,30658840165,,USD,1,104.7,105.3,0.0,20950.0,,,1.6865,2028-06-12,64.71,True
MTC2D,Mastellone Hermanos S.A.,30547242331,Alimentos - Lácteos,USD,2,100.1,99.45,100.1,20735.94,0.65,0.6536,1.7139,2028-06-22,85.61,True
IRCJD,IRSA Inversiones y Representaciones S.A.,30524688673,Real Estate,USD,2,103.0,101.7,103.2,20726.33,1.5,1.4749,0.3997,2027-02-28,83.05,True
TTCBD,Tecpetrol S.A.,30592665472,Energía - Petróleo y Gas,USD,1,104.5,0.0,0.0,20220.75,,,1.0294,2027-10-16,62.12,True
YFCPD,YPF Energía Eléctrica S.A.,30714128309,Energía - Electricidad,USD,2,97.0,98.01,98.5,20055.41,0.49,0.4999,2.8693,2029-08-18,86.32,True
VSCIO,Vista Oil & Gas Argentina S.A.U.,33515950899,Energía - Petróleo y Gas,ARS,2,150800.0,127200.0,150800.0,19604.0,23600.0,18.5535,0.1697,2026-12-06,74.4,True
CS47D,Cresud S.A.C.I.F. y A.,30509300700,Agro - Real Estate,USD,2,104.45,104.3,104.8,19106.11,0.5,0.4794,2.1136,2028-11-15,86.04,True
TLCTD,Telecom Argentina S.A.,30639453738,Telecomunicaciones,USD,1,104.65,104.4,106.45,19053.97,2.05,1.9636,9.2923,2036-01-20,81.92,True
CIC8D,CNH INDUSTRIAL CAPITAL ARGENTINA S.A.,30714322938,,USD,2,105.0,105.0,107.95,18969.43,2.95,2.8095,2.1054,2028-11-12,79.38,True
TLCOD,Telecom Argentina S.A.,30639453738,Telecomunicaciones,USD,2,104.95,104.35,104.95,18968.68,0.6,0.575,2.1492,2028-11-28,85.7,True
CP36D,Cía. General de Combustibles S.A.,30506733932,Energía - Gas,USD,1,102.9,101.0,0.0,18881.71,,,1.013,2027-10-10,62.39,True
SNEBD,SION S.A.,30690076043,,USD,2,63.95,63.95,65.29,18808.08,1.34,2.0954,2.7734,2029-07-14,81.71,True
SBC1O,SAN BAUTISTA DEL SUR SA,30715659340,,ARS,2,92500.0,87520.0,92500.0,18500.0,4980.0,5.6901,0.9172,2027-09-05,74.44,True
IRCFD,IRSA Inversiones y Representaciones S.A.,30524688673,Real Estate,USD,2,50.65,50.6,50.99,17913.59,0.39,0.7708,1.7139,2028-06-22,85.48,True
YMCRO,YPF S.A.,30546689979,Energía - Petróleo y Gas,ARS,1,148000.0,0.0,0.0,17760.0,,,1.9384,2028-09-12,61.2,True
RC7CD,ARCOR S.A.I.C.,30502793175,,USD,1,100.0,99.0,0.0,17600.0,,,3.0007,2029-10-05,61.85,True
YM40D,YPF S.A.,30546689979,Energía - Petróleo y Gas,USD,2,105.0,104.5,104.8,16586.38,0.3,0.2871,1.8973,2028-08-28,86.85,True
PN34D,Pan American Energy LLC (PAE Sucursal),30714813583,Energía - Petróleo y Gas,USD,2,101.35,100.8,101.35,16521.11,0.55,0.5456,0.9774,2027-09-27,85.34,True
VSCUD,Vista Oil & Gas Argentina S.A.U.,33515950899,Energía - Petróleo y Gas,USD,2,105.55,105.55,106.3,15910.4,0.75,0.7106,3.4196,2030-03-07,85.0,True
CAC5D,Capex S.A.,30629827060,Energía - Electricidad,USD,2,52.64,52.1,52.64,15667.15,0.54,1.0365,1.8891,2028-08-25,83.42,True
PLC7C,Pluspetrol S.A.,30678224010,Energía - Petróleo y Gas,EXT,2,96.47,91.99,96.7,15436.1,4.71,5.1201,10.987,2037-09-30,76.5,True
CIC7D,CNH INDUSTRIAL CAPITAL ARGENTINA S.A.,30714322938,,USD,2,103.1,101.4,103.1,15390.96,1.7,1.6765,0.104,2026-11-12,80.55,True
MIC6O,MIRGOR S.A.,30578036071,,ARS,1,150100.0,151230.0,0.0,15010.0,,,1.6454,2028-05-28,61.02,True
MCC1D,[MCC],,Sin mapear,USD,2,101.1,101.1,101.6,14806.18,0.5,0.4946,2.4285,2029-03-10,85.28,False
PLC5C,Pluspetrol S.A.,30678224010,Energía - Petróleo y Gas,EXT,2,103.6,0.0,103.5,14504.0,,,4.616,2031-05-18,62.35,True
DNC3D,EDENOR S.A.,30655116202,,USD,1,104.5,104.5,105.2,14274.94,0.7,0.6699,0.1314,2026-11-22,84.74,True
TLCQD,Telecom Argentina S.A.,30639453738,Telecomunicaciones,USD,2,103.95,103.3,104.0,14148.54,0.7,0.6776,0.7392,2027-07-02,84.83,True
YCAMD,[YCA],,Sin mapear,USD,2,107.9,105.25,108.85,14027.0,3.6,3.4204,0.7912,2027-07-21,75.86,False
EAC4C,MSU GREEN ENERGY S.A.U.,30714155128,,EXT,2,96.96,96.95,96.97,13962.32,0.02,0.0206,9.6975,2036-06-16,87.84,True
PN38O,Pan American Energy LLC (PAE Sucursal),30714813583,Energía - Petróleo y Gas,ARS,1,165390.0,164700.0,166200.0,13275.0,1500.0,0.9107,0.8487,2027-08-11,82.56,True
TSC4C,[TSC],,Sin mapear,EXT,2,100.7,92.0,107.0,13081.0,15.0,16.3043,9.1253,2035-11-20,74.47,False
PN37D,Pan American Energy LLC (PAE Sucursal),30714813583,Energía - Petróleo y Gas,USD,2,104.5,104.5,105.15,13052.47,0.65,0.622,2.1081,2028-11-13,84.48,True
RZBCD,RIZOBACTER ARGENTINA S.A.,30593174057,,USD,2,65.75,64.9,66.6,12712.48,1.7,2.6194,2.9131,2029-09-03,78.67,True
LUC5D,[LUC],,Sin mapear,USD,2,101.45,100.5,101.45,12693.79,0.95,0.9453,2.3956,2029-02-26,83.57,False
HJCID,John Deere Credit Cía. Financiera S.A.,30707024859,Financiero - Crédito Industrial,USD,2,104.1,104.25,104.8,12508.27,0.55,0.5276,0.6407,2027-05-27,83.78,True
RC1CC,ARCOR S.A.I.C.,30502793175,,EXT,2,99.59,99.6,0.0,12081.8,,,6.82,2033-07-31,62.32,True
EMC1D,[EMC],,Sin mapear,USD,2,103.2,103.2,103.6,11899.77,0.4,0.3876,0.7447,2027-07-04,84.05,False
T661O,Tarjeta Naranja S.A.,30685376349,Financiero - Crédito Consumo,ARS,2,107.9,101.0,107.9,11253.44,6.9,6.8317,0.1533,2026-11-30,74.92,True
RCCRD,Arcor S.A.I.C.,30502793175,Consumo - Alimentos,USD,2,104.75,104.5,104.75,11056.78,0.25,0.2392,0.5914,2027-05-09,86.34,True
NPCCD,[NPC],,Sin mapear,USD,2,106.85,106.85,107.4,10976.55,0.55,0.5147,2.8884,2029-08-25,85.4,False
SNSDO,SION S.A.,30690076043,,ARS,2,109000.0,108000.0,119800.0,10900.0,11800.0,10.9259,0.3395,2027-02-06,72.81,True
OTS2O,[OTS],,Sin mapear,ARS,1,155010.0,157410.0,159500.0,10880.6,2090.0,1.3277,0.5503,2027-04-24,79.92,False
OTS2D,[OTS],,Sin mapear,USD,2,102.5,102.5,103.25,10798.88,0.75,0.7317,0.5503,2027-04-24,82.23,False
MR46D,Generación Mediterránea / Central Térmica Roca S.A.,33711944899,Energía - Electricidad,USD,2,80.39,79.0,80.21,10769.3,1.21,1.5316,8.2382,2034-12-31,80.81,True
PECMO,PETROLERA ACONCAGUA ENERGIA S.A.,30714814229,,ARS,2,77300.0,73530.0,77300.0,10733.6,3770.0,5.1272,5.8891,2032-08-25,75.08,True
MGCMD,Pampa Energía S.A.,30526552659,Energía - Electricidad,USD,1,106.5,106.1,108.5,10650.0,2.4,2.262,4.9309,2031-09-10,77.05,True
TSC3C,[TSC],,Sin mapear,EXT,2,105.2,104.6,106.35,10520.0,1.75,1.673,4.7995,2031-07-24,78.24,False
EMC1D,[EMC],,Sin mapear,USD,1,103.0,103.2,105.0,10300.0,1.8,1.7442,0.7447,2027-07-04,78.77,False
RUCDD,CERAMICA RUTA 16 S.R.L.,30710080085,,USD,1,105.4,105.35,107.5,10225.37,2.15,2.0408,4.167,2030-12-05,79.89,True
NPCED,[NPC],,Sin mapear,USD,2,99.6,99.6,99.9,10161.62,0.3,0.3012,2.809,2029-07-27,84.92,False
MGCMC,Pampa Energía S.A.,30526552659,Energía - Electricidad,EXT,2,101.55,101.7,0.0,10155.0,,,4.9309,2031-09-10,60.4,True
SBC2D,SAN BAUTISTA DEL SUR SA,30715659340,,USD,2,94.3,93.85,94.5,9933.45,0.65,0.6926,2.2834,2029-01-16,84.37,True
YM34C,YPF S.A.,30546689979,Energía - Petróleo y Gas,EXT,1,101.6,101.6,106.4,9932.4,4.8,4.7244,7.2854,2034-01-17,76.07,True
ZPC1O,PLAZA LOGISTICA S.R.L.,30655942382,,ARS,2,99.25,100.65,0.0,9925.0,,,0.1588,2026-12-02,60.33,True
MGCND,Pampa Energía S.A.,30526552659,Energía - Electricidad,USD,1,100.9,100.9,101.7,9709.09,0.8,0.7929,1.9986,2028-10-04,83.09,True
YMCJD,YPF S.A.,30546689979,Energía - Petróleo y Gas,USD,1,101.5,101.4,101.5,9545.71,0.1,0.0986,6.987,2033-09-30,86.91,True
HJCHD,John Deere Credit Cía. Financiera S.A.,30707024859,Financiero - Crédito Industrial,USD,2,104.0,102.5,104.25,9339.04,1.75,1.7073,1.2841,2028-01-17,79.04,True
CP41O,CIA GENERAL DE COMBUSTIBLES S.A.,30506733932,,ARS,1,153200.0,151870.0,153200.0,9227.0,1330.0,0.8757,2.924,2029-09-07,81.66,True
CS50D,Cresud S.A.C.I.F. y A.,30509300700,Agro - Real Estate,USD,2,102.0,101.6,102.0,9008.53,0.4,0.3937,2.4285,2029-03-10,85.68,True
RUCED,CERAMICA RUTA 16 S.R.L.,30710080085,,USD,1,101.35,101.15,103.5,8999.6,2.35,2.3233,1.0678,2027-10-30,78.19,True
YMCJC,YPF S.A.,30546689979,Energía - Petróleo y Gas,EXT,2,97.5,96.9,97.5,8949.4,0.6,0.6192,6.987,2033-09-30,84.86,True
BVCPD,Banco de Servicios y Transacciones S.A.,30704960995,Financiero - Bancos,USD,2,102.0,102.0,104.0,8919.9,2.0,1.9608,0.0438,2026-10-21,77.32,True
PLC5D,Pluspetrol S.A.,30678224010,Energía - Petróleo y Gas,USD,1,108.4,107.6,110.9,8638.5,3.3,3.0669,4.616,2031-05-18,76.49,True
RC5CD,ARCOR S.A.I.C.,30502793175,,USD,2,101.3,100.0,101.45,8564.84,1.45,1.45,2.6256,2029-05-21,81.02,True
YFCLD,YPF Energía Eléctrica S.A.,30714128309,Energía - Electricidad,USD,2,103.6,102.1,103.7,8432.78,1.6,1.5671,2.13,2028-11-21,81.55,True
RUCDC,CERAMICA RUTA 16 S.R.L.,30710080085,,EXT,2,104.0,100.5,104.0,8245.17,3.5,3.4826,4.167,2030-12-05,78.73,True
MGCUD,Pampa Energía S.A.,30526552659,Energía - Electricidad,USD,2,100.2,100.1,100.4,8016.0,0.3,0.2997,3.8768,2030-08-21,83.94,True
YFCID,YPF Energía Eléctrica S.A.,30714128309,Energía - Electricidad,USD,2,103.5,101.1,0.0,7637.25,,,0.6872,2027-06-13,62.95,True
YMCID,YPF S.A.,30546689979,Energía - Petróleo y Gas,USD,1,94.25,93.35,94.25,7410.3,0.9,0.9641,2.7406,2029-07-02,82.16,True
TLCMC,Telecom Argentina S.A.,30639453738,Telecomunicaciones,EXT,2,105.0,0.0,105.15,7338.0,,,4.783,2031-07-18,60.65,True
YM39D,YPF S.A.,30546689979,Energía - Petróleo y Gas,USD,1,110.0,109.65,111.0,7230.84,1.35,1.2312,3.7947,2030-07-22,80.79,True
HJCID,John Deere Credit Cía. Financiera S.A.,30707024859,Financiero - Crédito Industrial,USD,1,104.0,104.0,106.5,7053.28,2.5,2.4038,0.6407,2027-05-27,76.24,True
GN49C,Genneia S.A.,30665234114,Energía - Renovable,EXT,2,100.1,0.0,0.0,6995.2,,,7.1595,2033-12-02,61.28,True
PNDCD,Pan American Energy LLC (PAE Sucursal),30714813583,Energía - Petróleo y Gas,USD,2,43.5,43.379,44.15,6988.81,0.771,1.7774,0.5667,2027-04-30,78.81,True
BVCRD,Banco de Servicios y Transacciones S.A.,30704960995,Financiero - Bancos,USD,2,99.91,100.0,0.0,6954.42,,,0.2793,2027-01-15,61.62,True
HJCGD,John Deere Credit Cía. Financiera S.A.,30707024859,Financiero - Crédito Industrial,USD,2,105.0,105.0,0.0,6939.51,,,2.0452,2028-10-21,61.21,True
RZABD,Rizobacter Argentina S.A.,30593174057,Agro - Biotech,USD,2,65.0,65.0,69.8,6906.32,4.8,7.3846,1.1472,2027-11-28,75.46,True
SBC4D,SAN BAUTISTA DEL SUR SA,30715659340,,USD,2,99.9,98.5,99.9,6752.54,1.4,1.4213,2.9268,2029-09-08,80.76,True
YM43C,YPF S.A.,30546689979,Energía - Petróleo y Gas,EXT,2,96.3,0.0,0.0,6749.8,,,3.5236,2030-04-14,62.04,True
DNC7D,EDENOR S.A.,30655116202,,USD,1,106.1,106.4,107.45,6283.25,1.05,0.9868,4.052,2030-10-24,81.5,True
YMCXC,YPF S.A.,30546689979,Energía - Petróleo y Gas,EXT,1,103.2,0.0,107.45,6276.63,,,4.9336,2031-09-11,61.32,True
IRCOD,IRSA Inversiones y Representaciones S.A.,30524688673,Real Estate,USD,1,106.05,103.85,106.05,6085.23,2.2,2.1184,3.05,2029-10-23,78.24,True
VBC1D,[VBC],,Sin mapear,USD,2,101.5,101.5,102.15,6084.5,0.65,0.6404,0.4298,2027-03-11,81.95,False
TLCQD,Telecom Argentina S.A.,30639453738,Telecomunicaciones,USD,1,103.5,101.25,103.5,5967.08,2.25,2.2222,0.7392,2027-07-02,79.16,True
YMCYD,YPF S.A.,30546689979,Energía - Petróleo y Gas,USD,1,103.8,104.0,104.9,5827.38,0.9,0.8654,2.0151,2028-10-10,81.58,True
OT41D,[OT4],,Sin mapear,USD,2,103.2,103.5,104.0,5561.87,0.5,0.4831,1.2841,2028-01-17,83.59,False
XMC1C,Minera Exar S.A.,30709667587,Minería - Litio,EXT,2,99.1,0.0,0.0,5465.36,,,1.1006,2027-11-11,60.97,True
VSCRC,Vista Oil & Gas Argentina S.A.U.,33515950899,Energía - Petróleo y Gas,EXT,2,106.35,106.0,106.35,5463.97,0.35,0.3302,5.013,2031-10-10,85.21,True
PN35D,Pan American Energy LLC (PAE Sucursal),30714813583,Energía - Petróleo y Gas,USD,1,101.7,102.3,104.0,5350.87,1.7,1.6618,2.9788,2029-09-27,79.61,True
OT42D,[OT4],,Sin mapear,USD,2,106.35,106.35,106.85,5269.57,0.5,0.4701,3.2854,2030-01-17,84.12,False
YM37D,YPF S.A.,30546689979,Energía - Petróleo y Gas,USD,1,102.6,102.6,106.7,5184.3,4.1,3.9961,0.5859,2027-05-07,75.94,True
CS53D,Cresud S.A.C.I.F. y A.,30509300700,Agro - Real Estate,USD,1,101.4,101.0,101.5,5086.98,0.5,0.495,3.5674,2030-04-30,83.14,True
IRCND,IRSA Inversiones y Representaciones S.A.,30524688673,Real Estate,USD,2,103.05,101.8,103.05,4965.92,1.25,1.2279,1.0486,2027-10-23,81.24,True
PQCSD,Petroquímica Comodoro Rivadavia S.A.,30563598111,Industria - Petroquímica,USD,1,102.8,101.1,103.85,4953.53,2.75,2.7201,4.3696,2031-02-17,78.29,True
PLC6O,Pluspetrol S.A.,30678224010,Energía - Petróleo y Gas,ARS,1,161000.0,159620.0,0.0,4850.1,,,2.3984,2029-02-27,60.51,True
PFC2D,PATAGONIA FRUITS TRADE S.A,30690967541,,USD,2,103.55,103.55,103.95,4847.61,0.4,0.3863,0.7721,2027-07-14,83.3,True
EAC3D,MSU GREEN ENERGY S.A.U.,30714155128,,USD,2,102.45,102.05,102.45,4701.35,0.4,0.392,2.2094,2028-12-20,83.25,True
OTS7O,[OTS],,Sin mapear,ARS,1,152910.0,152700.0,0.0,4631.9,,,3.9726,2030-09-25,60.45,False
YM42D,YPF S.A.,30546689979,Energía - Petróleo y Gas,USD,1,105.35,104.75,105.4,4626.27,0.65,0.6205,2.4066,2029-03-02,81.02,True
BPCWD,Banco Supervielle S.A.,33500005179,Financiero - Bancos,USD,2,99.0,99.0,101.4,4554.0,2.4,2.4242,1.8398,2028-08-07,76.25,True
YM43D,YPF S.A.,30546689979,Energía - Petróleo y Gas,USD,1,100.85,99.82,100.5,4516.78,0.68,0.6812,3.5236,2030-04-14,81.99,True
DNC5D,EDENOR S.A.,30655116202,,USD,1,104.5,104.5,105.5,4370.94,1.0,0.9569,1.8344,2028-08-05,81.18,True
SBC2O,SAN BAUTISTA DEL SUR SA,30715659340,,ARS,1,144500.0,144500.0,144900.0,4342.5,400.0,0.2768,2.2834,2029-01-16,82.66,True
TLCPC,Telecom Argentina S.A.,30639453738,Telecomunicaciones,EXT,1,106.0,105.0,0.0,4301.48,,,6.6448,2033-05-28,60.59,True
BACHD,[BAC],,Sin mapear,USD,1,104.85,0.0,0.0,4194.0,,,4.3149,2031-01-28,59.19,False
CP41D,CIA GENERAL DE COMBUSTIBLES S.A.,30506733932,,USD,1,104.0,97.05,104.0,4146.18,6.95,7.1613,2.924,2029-09-07,73.01,True
PN43D,Pan American Energy LLC (PAE Sucursal),30714813583,Energía - Petróleo y Gas,USD,1,103.85,104.0,109.0,4140.0,5.0,4.8077,10.2806,2037-01-15,73.52,True
CP36D,Cía. General de Combustibles S.A.,30506733932,Energía - Gas,USD,2,103.0,103.0,103.2,4114.54,0.2,0.1942,1.013,2027-10-10,84.88,True
PLC1D,Pluspetrol S.A.,30678224010,Energía - Petróleo y Gas,USD,1,104.5,102.6,105.0,4112.68,2.4,2.3392,1.3114,2028-01-27,76.58,True
OTS7D,[OTS],,Sin mapear,USD,2,99.7,99.01,100.15,4052.98,1.14,1.1514,3.9726,2030-09-25,81.35,False
CP40D,CIA GENERAL DE COMBUSTIBLES S.A.,30506733932,,USD,1,104.5,101.75,104.5,4026.88,2.75,2.7027,1.4264,2028-03-09,76.18,True
MGCUD,Pampa Energía S.A.,30526552659,Energía - Electricidad,USD,1,100.0,100.0,102.95,4000.0,2.95,2.95,3.8768,2030-08-21,75.55,True
PLC6D,Pluspetrol S.A.,30678224010,Energía - Petróleo y Gas,USD,1,105.45,104.2,107.95,3993.22,3.75,3.5988,2.3984,2029-02-27,75.57,True
OTS6D,[OTS],,Sin mapear,USD,2,105.65,105.7,106.4,3938.44,0.7,0.6623,2.8145,2029-07-29,81.58,False
YFCGD,YPF Energía Eléctrica S.A.,30714128309,Energía - Electricidad,USD,2,102.45,101.0,102.5,3605.52,1.5,1.4851,0.397,2027-02-27,80.3,True
NPCCC,[NPC],,Sin mapear,EXT,2,102.7,0.0,102.7,3535.08,,,2.8884,2029-08-25,61.5,False
ZPC3D,PLAZA LOGISTICA S.R.L.,30655942382,,USD,2,103.6,101.0,103.6,3513.23,2.6,2.5743,0.9117,2027-09-03,77.08,True
DEC4D,Empresa Distrib. de Electricidad Salta S.A.,30690633635,Energía - Electricidad,USD,2,101.9,101.85,101.9,3389.25,0.05,0.0491,1.744,2028-07-03,84.79,True
LMS7D,BLM DESARROLLOS SA,30718221516,,USD,2,80.04,80.04,81.0,3304.31,0.96,1.1994,2.0205,2028-10-12,81.1,True
EAC4D,MSU GREEN ENERGY S.A.U.,30714155128,,USD,1,101.4,101.0,102.85,3241.71,1.85,1.8317,9.6975,2036-06-16,78.81,True
LOC6D,[LOC],,Sin mapear,USD,1,100.85,101.25,101.8,3238.16,0.55,0.5432,2.3025,2029-01-23,82.86,False
TTCDD,Tecpetrol S.A.,30592665472,Energía - Petróleo y Gas,USD,1,107.65,0.0,109.3,3233.0,,,4.0794,2030-11-03,59.49,True
ARC1D,Aeropuertos Argentina 2000 S.A.,30696170580,Infraestructura - Aeropuertos,USD,1,105.25,104.5,106.45,3169.5,1.95,1.866,4.8214,2031-08-01,76.85,True
DNC7C,EDENOR S.A.,30655116202,,EXT,2,102.1,0.0,0.0,3163.0,,,4.052,2030-10-24,60.73,True
GN47D,Genneia S.A.,30665234114,Energía - Renovable,USD,2,102.8,102.45,103.15,3095.73,0.7,0.6833,2.0342,2028-10-17,81.71,True
BYCWD,Banco de Galicia y Buenos Aires S.A.,30500001735,Financiero - Bancos,USD,2,103.05,103.05,103.3,3091.5,0.25,0.2426,0.1533,2026-11-30,81.89,True
YMCZD,YPF S.A.,30546689979,Energía - Petróleo y Gas,USD,2,107.1,107.3,108.65,3047.73,1.35,1.2582,2.0151,2028-10-10,80.1,True
ARC1C,Aeropuertos Argentina 2000 S.A.,30696170580,Infraestructura - Aeropuertos,EXT,2,102.2,98.0,0.0,3037.0,,,4.8214,2031-08-01,59.78,True
OTS3D,[OTS],,Sin mapear,USD,2,102.7,102.5,103.5,3002.66,1.0,0.9756,2.0753,2028-11-01,80.2,False
MGCTD,Pampa Energía S.A.,30526552659,Energía - Electricidad,USD,1,100.0,98.0,104.5,3000.0,6.5,6.6327,2.4887,2029-04-01,71.53,True
BPCVD,Banco Supervielle S.A.,33500005179,Financiero - Bancos,USD,2,100.0,100.0,0.0,3000.0,,,0.5804,2027-05-05,58.62,True
PNDCC,Pan American Energy LLC (PAE Sucursal),30714813583,Energía - Petróleo y Gas,EXT,2,41.35,41.35,42.3,2894.86,0.95,2.2975,0.5667,2027-04-30,76.13,True
TLCUD,Telecom Argentina S.A.,30639453738,Telecomunicaciones,USD,1,102.0,101.35,102.0,2871.64,0.65,0.6413,2.4148,2029-03-05,81.53,True
MSSGD,MSU S.A.,30607597193,Energía,USD,2,105.75,101.7,105.75,2795.55,4.05,3.9823,2.5298,2029-04-16,75.01,True
GYC5D,[GYC],,Sin mapear,USD,2,101.95,100.5,101.95,2752.83,1.45,1.4428,0.9172,2027-09-05,79.18,False
SBC1D,SAN BAUTISTA DEL SUR SA,30715659340,,USD,2,59.4,59.4,59.5,2751.08,0.1,0.1684,0.9172,2027-09-05,83.64,True
GYC5D,[GYC],,Sin mapear,USD,1,100.4,0.0,0.0,2700.77,,,0.9172,2027-09-05,60.44,False
PQCTD,Petroquímica Comodoro Rivadavia S.A.,30563598111,Industria - Petroquímica,USD,2,104.9,102.85,105.0,2649.77,2.15,2.0904,1.7933,2028-07-21,75.99,True
DNCAD,EDENOR S.A.,30655116202,,USD,1,101.05,101.2,101.9,2618.05,0.7,0.6917,6.5626,2033-04-28,80.66,True
LR8BD,LABORATORIOS RICHMOND S.A.C.I.F.,30501152826,,USD,2,102.0,100.55,102.0,2614.65,1.45,1.4421,1.8207,2028-07-31,79.21,True
T641D,Tarjeta Naranja S.A.,30685376349,Financiero - Crédito Consumo,USD,2,105.5,104.0,105.5,2602.69,1.5,1.4423,0.5667,2027-04-30,77.37,True
RC5CD,ARCOR S.A.I.C.,30502793175,,USD,1,97.05,97.05,104.0,2549.5,6.95,7.1613,2.6256,2029-05-21,71.78,True
BVCRD,Banco de Servicios y Transacciones S.A.,30704960995,Financiero - Bancos,USD,1,96.85,97.0,0.0,2518.11,,,0.2793,2027-01-15,59.44,True
BF44D,BANCO BBVA ARGENTINA S.A.,30500003193,,USD,2,103.95,103.95,104.0,2494.8,0.05,0.0481,1.5907,2028-05-08,81.5,True
RZBAD,RIZOBACTER ARGENTINA S.A.,30593174057,,USD,2,61.0,0.0,0.0,2479.83,,,2.9131,2029-09-03,61.11,True
GOC4D,GENERACION LITORAL SA,33715184139,,USD,2,87.49,83.01,87.49,2444.87,4.48,5.3969,2.5626,2029-04-28,74.2,True
YFCKD,YPF Energía Eléctrica S.A.,30714128309,Energía - Electricidad,USD,2,101.85,100.2,101.85,2147.89,1.65,1.6467,0.1287,2026-11-21,78.45,True
HJCFD,John Deere Credit Cía. Financiera S.A.,30707024859,Financiero - Crédito Industrial,USD,2,102.3,102.3,102.9,2143.19,0.6,0.5865,0.0438,2026-10-21,79.02,True
VSCYD,Vista Oil & Gas Argentina S.A.U.,33515950899,Energía - Petróleo y Gas,USD,2,102.5,102.0,102.5,2121.86,0.5,0.4902,1.2813,2028-01-16,81.22,True
XMC1D,Minera Exar S.A.,30709667587,Minería - Litio,USD,1,105.3,104.5,107.0,2106.0,2.5,2.3923,1.1006,2027-11-11,74.53,True
CP40C,CIA GENERAL DE COMBUSTIBLES S.A.,30506733932,,EXT,2,99.17,0.0,0.0,2102.41,,,1.4264,2028-03-09,58.84,True
MTC2D,Mastellone Hermanos S.A.,30547242331,Alimentos - Lácteos,USD,1,97.0,99.61,101.0,2100.13,1.39,1.3954,1.7139,2028-06-22,78.38,True
RC1CD,ARCOR S.A.I.C.,30502793175,,USD,1,105.0,103.6,105.4,2100.0,1.8,1.7375,6.82,2033-07-31,76.46,True
PN38D,Pan American Energy LLC (PAE Sucursal),30714813583,Energía - Petróleo y Gas,USD,1,107.7,103.65,107.7,2080.44,4.05,3.9074,0.8487,2027-08-11,75.15,True
LQC1D,[LQC],,Sin mapear,USD,1,100.5,99.05,104.0,2010.0,4.95,4.9975,7.8111,2034-07-28,71.69,False
MR47D,Generación Mediterránea / Central Térmica Roca S.A.,33711944899,Energía - Electricidad,USD,2,44.0,42.21,44.0,1905.41,1.79,4.2407,9.7358,2036-06-30,74.87,True
OTS7D,[OTS],,Sin mapear,USD,1,99.5,99.26,105.4,1898.93,6.14,6.1858,3.9726,2030-09-25,74.2,False
CACDD,Capex S.A.,30629827060,Energía - Electricidad,USD,2,104.0,103.3,104.35,1851.2,1.05,1.0165,2.6639,2029-06-04,77.96,True
CIC9D,CNH INDUSTRIAL CAPITAL ARGENTINA S.A.,30714322938,,USD,2,104.5,104.5,105.0,1836.07,0.5,0.4785,0.6242,2027-05-21,80.03,True
HJCHD,John Deere Credit Cía. Financiera S.A.,30707024859,Financiero - Crédito Industrial,USD,1,102.0,97.0,0.0,1836.0,,,1.2841,2028-01-17,57.97,True
MR44D,Generación Mediterránea / Central Térmica Roca S.A.,33711944899,Energía - Electricidad,USD,1,22.85,22.2,24.99,1788.92,2.79,12.5676,9.7358,2036-06-30,72.46,True
CS48D,Cresud S.A.C.I.F. y A.,30509300700,Agro - Real Estate,USD,1,105.05,105.05,107.8,1649.32,2.75,2.6178,1.7659,2028-07-11,75.24,True
CICBD,CNH INDUSTRIAL CAPITAL ARGENTINA S.A.,30714322938,,USD,1,103.0,103.0,105.5,1648.0,2.5,2.4272,2.3491,2029-02-09,74.82,True
GN43O,Genneia S.A.,30665234114,Energía - Renovable,ARS,2,164000.0,155200.0,164000.0,1640.0,8800.0,5.6701,0.4216,2027-03-08,71.09,True
OLC6O,OLEODUCTOS DEL VALLE S.A.,30658840165,,ARS,1,162850.0,162180.0,162850.0,1628.5,670.0,0.4131,2.6667,2029-06-05,79.45,True
PLC2D,Pluspetrol S.A.,30678224010,Energía - Petróleo y Gas,USD,1,109.0,106.5,109.0,1615.91,2.5,2.3474,3.3128,2030-01-27,76.16,True
CS52O,Cresud S.A.C.I.F. y A.,30509300700,Agro - Real Estate,ARS,2,159000.0,152600.0,155500.0,1590.0,2900.0,1.9004,1.5688,2028-04-30,75.1,True
MIC3O,MIRGOR S.A.,30578036071,,ARS,2,158330.0,154510.0,158330.0,1583.3,3820.0,2.4723,0.1013,2026-11-11,73.99,True
YM39C,YPF S.A.,30546689979,Energía - Petróleo y Gas,EXT,2,105.0,104.15,106.4,1563.12,2.25,2.1603,3.7947,2030-07-22,76.64,True
CS51O,Cresud S.A.C.I.F. y A.,30509300700,Agro - Real Estate,ARS,2,155310.0,154220.0,0.0,1553.1,,,0.293,2027-01-20,57.74,True
VSCYC,Vista Oil & Gas Argentina S.A.U.,33515950899,Energía - Petróleo y Gas,EXT,2,98.19,0.0,0.0,1528.1,,,1.2813,2028-01-16,58.4,True
PN41C,Pan American Energy LLC (PAE Sucursal),30714813583,Energía - Petróleo y Gas,EXT,2,99.13,0.0,0.0,1493.85,,,2.8939,2029-08-27,59.46,True
CLSID,[CLS],,Sin mapear,USD,2,44.25,43.9,44.74,1452.95,0.84,1.9134,0.8049,2027-07-26,77.43,False
CS51D,Cresud S.A.C.I.F. y A.,30509300700,Agro - Real Estate,USD,2,102.4,101.05,102.0,1452.39,0.95,0.9401,0.293,2027-01-20,78.25,True
MGCQD,Pampa Energía S.A.,30526552659,Energía - Electricidad,USD,1,107.0,106.05,107.0,1441.64,0.95,0.8958,1.8371,2028-08-06,78.98,True
MR45D,Generación Mediterránea / Central Térmica Roca S.A.,33711944899,Energía - Electricidad,USD,2,26.306,26.321,28.79,1409.35,2.469,9.3803,9.7358,2036-06-30,70.55,True
GYC4D,[GYC],,Sin mapear,USD,2,101.25,100.85,101.25,1328.53,0.4,0.3966,1.0678,2027-10-30,81.69,False
MIC6C,MIRGOR S.A.,30578036071,,EXT,2,97.83,0.0,0.0,1325.6,,,1.6454,2028-05-28,58.24,True
PN36D,Pan American Energy LLC (PAE Sucursal),30714813583,Energía - Petróleo y Gas,USD,1,105.8,105.8,107.75,1272.44,1.95,1.8431,5.1061,2031-11-13,75.68,True
CAC5D,Capex S.A.,30629827060,Energía - Electricidad,USD,1,51.01,52.2,54.0,1260.13,1.8,3.4483,1.8891,2028-08-25,73.81,True
RC2CD,ARCOR S.A.I.C.,30502793175,,USD,1,102.55,102.55,103.1,1258.86,0.55,0.5363,0.0027,2026-10-06,79.65,True
LDCGD,[LDC],,Sin mapear,USD,2,102.2,101.0,102.2,1221.72,1.2,1.1881,0.9966,2027-10-04,77.56,False
SBC3D,SAN BAUTISTA DEL SUR SA,30715659340,,USD,2,102.1,102.1,102.75,1217.53,0.65,0.6366,2.6393,2029-05-26,79.57,True
OZC3C,EMPRESA DISTRIB DE ELECTRICIDAD DE MENDOZA S.A.,30699542454,,EXT,2,103.0,98.0,103.0,1175.64,5.0,5.102,1.1499,2027-11-29,72.52,True
PQCSC,Petroquímica Comodoro Rivadavia S.A.,30563598111,Industria - Petroquímica,EXT,2,97.05,0.0,0.0,1138.31,,,4.3696,2031-02-17,59.78,True
CP38D,Cía. General de Combustibles S.A.,30506733932,Energía - Gas,USD,1,111.7,111.0,117.0,1117.0,6.0,5.4054,4.1478,2030-11-28,70.65,True
LOC5D,[LOC],,Sin mapear,USD,1,103.5,101.1,106.0,1035.0,4.9,4.8467,0.7995,2027-07-24,71.05,False
TT1AD,[TT1],,Sin mapear,USD,2,103.3,103.5,107.9,1033.0,4.4,4.2512,6.2998,2033-01-22,71.4,False
DKC1D,[DKC],,Sin mapear,USD,2,101.5,99.01,101.5,1030.23,2.49,2.5149,1.9822,2028-09-28,74.81,False
BYCXD,Banco de Galicia y Buenos Aires S.A.,30500001735,Financiero - Bancos,USD,2,102.5,102.5,103.0,1025.0,0.5,0.4878,0.2355,2026-12-30,78.58,True
MR44D,Generación Mediterránea / Central Térmica Roca S.A.,33711944899,Energía - Electricidad,USD,2,22.5,22.6,23.59,1024.42,0.99,4.3805,9.7358,2036-06-30,74.41,True
OT41D,[OT4],,Sin mapear,USD,1,102.0,102.0,105.95,1020.21,3.95,3.8725,1.2841,2028-01-17,72.86,False
VSCXC,Vista Oil & Gas Argentina S.A.U.,33515950899,Energía - Petróleo y Gas,EXT,1,101.85,0.0,0.0,1018.5,,,11.5072,2038-04-08,57.23,True
MR43D,Generación Mediterránea / Central Térmica Roca S.A.,33711944899,Energía - Electricidad,USD,2,23.557,23.01,25.0,990.9,1.99,8.6484,9.7358,2036-06-30,71.95,True
PN34C,Pan American Energy LLC (PAE Sucursal),30714813583,Energía - Petróleo y Gas,EXT,2,97.28,0.0,0.0,972.68,,,0.9774,2027-09-27,57.86,True
ZPC5D,PLAZA LOGISTICA S.R.L.,30655942382,,USD,2,99.8,98.4,99.8,970.78,1.4,1.4228,2.7242,2029-06-26,76.94,True
COC4D,[COC],,Sin mapear,USD,2,96.0,97.0,100.0,960.0,3.0,3.0928,2.8474,2029-08-10,72.36,False
LQC1C,[LQC],,Sin mapear,EXT,2,95.6,0.0,96.0,956.0,,,7.8111,2034-07-28,57.12,False
MCC3C,[MCC],,Sin mapear,EXT,2,96.26,96.26,0.0,899.18,,,3.5975,2030-05-11,59.05,False
ZZC1C,[ZZC],,Sin mapear,EXT,2,97.1,0.0,0.0,887.85,,,0.3806,2027-02-21,59.88,False
GN48D,Genneia S.A.,30665234114,Energía - Renovable,USD,2,102.65,99.99,102.6,852.0,2.61,2.6103,1.4155,2028-03-05,73.69,True
MCC3D,[MCC],,Sin mapear,USD,1,102.25,101.8,102.4,843.81,0.6,0.5894,3.5975,2030-05-11,79.55,False
PLC2C,Pluspetrol S.A.,30678224010,Energía - Petróleo y Gas,EXT,2,103.7,101.6,103.7,826.85,2.1,2.0669,3.3128,2030-01-27,75.0,True
DNC3C,EDENOR S.A.,30655116202,,EXT,2,99.8,99.8,0.0,825.7,,,0.1314,2026-11-22,58.94,True
RCCRD,Arcor S.A.I.C.,30502793175,Consumo - Alimentos,USD,1,106.95,102.25,106.95,712.29,4.7,4.5966,0.5914,2027-05-09,72.38,True
MJC1D,[MJC],,Sin mapear,USD,2,103.95,100.0,103.95,701.04,3.95,3.95,0.3751,2027-02-19,72.68,False
TLCWD,Telecom Argentina S.A.,30639453738,Telecomunicaciones,USD,2,101.7,101.0,102.45,650.66,1.45,1.4356,3.6468,2030-05-29,76.37,True
TTC9D,Tecpetrol S.A.,30592665472,Energía - Petróleo y Gas,USD,1,103.0,105.3,108.9,641.71,3.6,3.4188,3.0527,2029-10-24,72.54,True
OTS7C,[OTS],,Sin mapear,EXT,2,95.58,0.0,0.0,605.98,,,3.9726,2030-09-25,56.87,False
VSCZD,Vista Oil & Gas Argentina S.A.U.,33515950899,Energía - Petróleo y Gas,USD,1,97.1,99.0,100.0,553.41,1.0,1.0101,2.7789,2029-07-16,76.84,True
YM41D,YPF S.A.,30546689979,Energía - Petróleo y Gas,USD,1,101.7,101.0,102.8,508.5,1.8,1.7822,0.2601,2027-01-08,74.37,True
SNABD,S.A. San Miguel,30511190238,Agro - Frutícola,USD,2,77.0,69.0,77.0,463.54,8.0,11.5942,2.7734,2029-07-14,70.35,True
VSCQD,Vista Oil & Gas Argentina S.A.U.,33515950899,Energía - Petróleo y Gas,USD,2,95.5,91.12,98.35,463.17,7.23,7.9346,1.7577,2028-07-08,71.09,True
VSCZC,Vista Oil & Gas Argentina S.A.U.,33515950899,Energía - Petróleo y Gas,EXT,2,93.77,0.0,0.0,457.6,,,2.7789,2029-07-16,56.76,True
NPCDC,[NPC],,Sin mapear,EXT,2,97.0,0.0,98.23,455.78,,,3.5674,2030-04-30,58.12,False
DNC5C,EDENOR S.A.,30655116202,,EXT,2,100.7,0.0,0.0,455.73,,,1.8344,2028-08-05,58.99,True
MCC1C,[MCC],,Sin mapear,EXT,2,96.2,95.0,0.0,443.96,,,2.4285,2029-03-10,58.46,False
TLCOD,Telecom Argentina S.A.,30639453738,Telecomunicaciones,USD,1,104.35,104.3,105.45,426.79,1.15,1.1026,2.1492,2028-11-28,76.46,True
CP38C,Cía. General de Combustibles S.A.,30506733932,Energía - Gas,EXT,2,106.2,106.1,0.0,424.8,,,4.1478,2030-11-28,57.33,True
OLC6C,OLEODUCTOS DEL VALLE S.A.,30658840165,,EXT,2,99.7,0.0,0.0,408.77,,,2.6667,2029-06-05,56.63,True
PZCGD,Plaza Logística S.R.L.,30655942382,Logística - Real Estate,USD,2,101.55,100.05,101.6,400.8,1.55,1.5492,1.6646,2028-06-04,75.76,True
YFCPD,YPF Energía Eléctrica S.A.,30714128309,Energía - Electricidad,USD,1,97.6,97.5,101.5,395.28,4.0,4.1026,2.8693,2029-08-18,70.75,True
DNCBD,EDENOR S.A.,30655116202,,USD,1,97.61,97.65,98.35,390.46,0.7,0.7168,2.7433,2029-07-03,77.35,True
PN35C,Pan American Energy LLC (PAE Sucursal),30714813583,Energía - Petróleo y Gas,EXT,2,99.0,99.0,102.95,351.65,3.95,3.9899,2.9788,2029-09-27,72.44,True
VSCRD,Vista Oil & Gas Argentina S.A.U.,33515950899,Energía - Petróleo y Gas,USD,1,105.45,108.6,110.95,349.07,2.35,2.1639,5.013,2031-10-10,73.91,True
YM40C,YPF S.A.,30546689979,Energía - Petróleo y Gas,EXT,2,99.0,0.0,0.0,337.46,,,1.8973,2028-08-28,57.59,True
CLI1D,[CLI],,Sin mapear,USD,2,33.5,32.52,33.48,335.0,0.96,2.952,8.1807,2034-12-10,71.87,False
TTC9C,Tecpetrol S.A.,30592665472,Energía - Petróleo y Gas,EXT,2,99.27,0.0,0.0,301.78,,,3.0527,2029-10-24,56.45,True
MGCNC,Pampa Energía S.A.,30526552659,Energía - Electricidad,EXT,2,97.88,0.0,0.0,281.89,,,1.9986,2028-10-04,56.43,True
YM38D,YPF S.A.,30546689979,Energía - Petróleo y Gas,USD,1,104.6,103.0,106.0,263.59,3.0,2.9126,0.794,2027-07-22,72.55,True
CLSID,[CLS],,Sin mapear,USD,1,43.9,41.0,47.05,261.65,6.05,14.7561,0.8049,2027-07-26,69.11,False
LMS7C,BLM DESARROLLOS SA,30718221516,,EXT,2,79.74,76.2,82.0,243.07,5.8,7.6115,2.0205,2028-10-12,69.65,True
IRCOC,IRSA Inversiones y Representaciones S.A.,30524688673,Real Estate,EXT,2,99.05,99.0,102.0,215.35,3.0,3.0303,3.05,2029-10-23,72.29,True
YM38C,YPF S.A.,30546689979,Energía - Petróleo y Gas,EXT,2,99.4,0.0,0.0,197.42,,,0.794,2027-07-22,57.41,True
YMCJC,YPF S.A.,30546689979,Energía - Petróleo y Gas,EXT,1,97.1,96.54,0.0,197.11,,,6.987,2033-09-30,56.3,True
NPCCD,[NPC],,Sin mapear,USD,1,109.3,107.1,109.2,189.9,2.1,1.9608,2.8884,2029-08-25,75.21,False
YM40D,YPF S.A.,30546689979,Energía - Petróleo y Gas,USD,1,106.5,104.0,106.5,189.57,2.5,2.4038,1.8973,2028-08-28,72.56,True
PFC4D,PATAGONIA FRUITS TRADE S.A,30690967541,,USD,2,97.61,97.61,99.6,185.45,1.99,2.0387,3.4004,2030-02-28,74.32,True
MGCED,Pampa Energía S.A.,30526552659,Energía - Electricidad,USD,2,93.7,93.7,95.8,179.91,2.1,2.2412,1.2047,2027-12-19,73.89,True
SBC3C,SAN BAUTISTA DEL SUR SA,30715659340,,EXT,2,99.28,94.0,0.0,177.71,,,2.6393,2029-05-26,56.18,True
TLCTC,Telecom Argentina S.A.,30639453738,Telecomunicaciones,EXT,1,100.0,99.5,0.0,164.74,,,9.2923,2036-01-20,57.26,True
YM42C,YPF S.A.,30546689979,Energía - Petróleo y Gas,EXT,2,101.15,99.0,101.4,138.77,2.4,2.4242,2.4066,2029-03-02,73.08,True
MCC2D,[MCC],,Sin mapear,USD,2,103.3,103.4,103.9,137.32,0.5,0.4836,0.6598,2027-06-03,78.11,False
MTC2C,Mastellone Hermanos S.A.,30547242331,Alimentos - Lácteos,EXT,2,96.5,0.0,0.0,137.03,,,1.7139,2028-06-22,56.09,True
VMC1D,ESTACION DE SERVICIOS 25 DE MAYO SRL,33708128649,,USD,1,100.2,100.0,102.0,133.68,2.0,2.0,3.9644,2030-09-22,75.11,True
FYC1D,[FYC],,Sin mapear,USD,2,98.1,100.15,103.5,127.96,3.35,3.345,2.5982,2029-05-11,72.14,False
TTCBD,Tecpetrol S.A.,30592665472,Energía - Petróleo y Gas,USD,2,107.45,104.7,107.45,107.45,2.75,2.6266,1.0294,2027-10-16,71.93,True
PECND,PETROLERA ACONCAGUA ENERGIA S.A.,30714814229,,USD,1,56.5,55.0,58.99,106.71,3.99,7.2545,5.8891,2032-08-25,71.71,True
MCC2D,[MCC],,Sin mapear,USD,1,103.0,102.0,0.0,103.0,,,0.6598,2027-06-03,55.98,False
IE1MD,[IE1],,Sin mapear,USD,2,100.1,100.1,101.0,100.1,0.9,0.8991,0.846,2027-08-10,75.53,False
SBC2D,SAN BAUTISTA DEL SUR SA,30715659340,,USD,1,94.0,93.85,95.0,99.61,1.15,1.2254,2.2834,2029-01-16,76.44,True
IRCJD,IRSA Inversiones y Representaciones S.A.,30524688673,Real Estate,USD,1,100.15,103.0,104.5,97.53,1.5,1.4563,0.3997,2027-02-28,75.76,True
MGCED,Pampa Energía S.A.,30526552659,Energía - Electricidad,USD,1,93.55,93.5,96.5,86.07,3.0,3.2086,1.2047,2027-12-19,71.69,True
VSCZC,Vista Oil & Gas Argentina S.A.U.,33515950899,Energía - Petróleo y Gas,EXT,1,100.0,0.0,0.0,83.0,,,2.7789,2029-07-16,55.87,True
YMCYC,YPF S.A.,30546689979,Energía - Petróleo y Gas,EXT,2,97.1,0.0,104.0,78.03,,,2.0151,2028-10-10,56.52,True
PFC2D,PATAGONIA FRUITS TRADE S.A,30690967541,,USD,1,102.0,102.1,0.0,66.3,,,0.7721,2027-07-14,55.83,True
GN47C,Genneia S.A.,30665234114,Energía - Renovable,EXT,2,98.78,0.0,0.0,57.29,,,2.0342,2028-10-17,55.8,True
JNC6D,[JNC],,Sin mapear,USD,2,105.25,100.0,104.7,53.68,4.7,4.7,0.9938,2027-10-03,70.66,False
LOC5C,[LOC],,Sin mapear,EXT,2,100.9,0.0,0.0,50.45,,,0.7995,2027-07-24,55.76,False
DEC2C,Empresa Distrib. de Electricidad Salta S.A.,30690633635,Energía - Electricidad,EXT,2,97.78,0.0,0.0,45.96,,,0.3888,2027-02-24,55.74,True
RUCDC,CERAMICA RUTA 16 S.R.L.,30710080085,,EXT,1,101.75,0.0,0.0,42.74,,,4.167,2030-12-05,56.39,True
MCC1D,[MCC],,Sin mapear,USD,1,100.9,100.0,0.0,40.36,,,2.4285,2029-03-10,56.37,False
VSCPD,Vista Oil & Gas Argentina S.A.U.,33515950899,Energía - Petróleo y Gas,USD,1,109.3,108.45,109.3,39.35,0.85,0.7838,2.5763,2029-05-03,75.6,True
OLC5C,OLEODUCTOS DEL VALLE S.A.,30658840165,,EXT,2,102.0,0.0,0.0,30.6,,,1.6865,2028-06-12,55.65,True
DNCBC,EDENOR S.A.,30655116202,,EXT,2,95.34,94.0,95.34,27.66,1.34,1.4255,2.7433,2029-07-03,74.68,True
VSCKD,Vista Oil & Gas Argentina S.A.U.,33515950899,Energía - Petróleo y Gas,USD,2,85.0,86.0,95.0,20.4,9.0,10.4651,1.41,2028-03-03,67.81,True
PLC3D,Pluspetrol S.A.,30678224010,Energía - Petróleo y Gas,USD,1,103.5,103.7,104.5,12.44,0.8,0.7715,1.5688,2028-04-30,76.91,True
LMS8D,BLM DESARROLLOS SA,30718221516,,USD,2,56.0,0.0,55.93,10.64,,,0.4572,2027-03-21,55.56,True
YFCKC,YPF Energía Eléctrica S.A.,30714128309,Energía - Electricidad,EXT,2,98.89,0.0,0.0,8.9,,,0.1287,2026-11-21,55.54,True
RC7CD,ARCOR S.A.I.C.,30502793175,,USD,2,100.0,100.0,0.0,8.0,,,3.0007,2029-10-05,55.51,True
TLCDD,Telecom Argentina S.A.,30639453738,Telecomunicaciones,USD,2,95.5,95.5,0.0,6.69,,,0.4244,2027-03-09,55.49,True
VSCUC,Vista Oil & Gas Argentina S.A.U.,33515950899,Energía - Petróleo y Gas,EXT,2,106.5,100.0,106.5,6.39,6.5,6.5,3.4196,2030-03-07,68.41,True
TLCVD,Telecom Argentina S.A.,30639453738,Telecomunicaciones,USD,2,100.7,100.0,100.7,5.04,0.7,0.7,0.6461,2027-05-29,75.62,True
YFCID,YPF Energía Eléctrica S.A.,30714128309,Energía - Electricidad,USD,1,98.15,101.0,106.95,4.94,5.95,5.8911,0.6872,2027-06-13,69.15,True
IRCFC,IRSA Inversiones y Representaciones S.A.,30524688673,Real Estate,EXT,2,48.945,0.0,0.0,4.9,,,1.7139,2028-06-22,56.08,True
VSCJD,Vista Oil & Gas Argentina S.A.U.,33515950899,Energía - Petróleo y Gas,USD,2,92.2,93.01,0.0,4.63,,,0.4079,2027-03-03,56.48,True
OZC3D,EMPRESA DISTRIB DE ELECTRICIDAD DE MENDOZA S.A.,30699542454,,USD,1,105.8,102.65,105.8,4.23,3.15,3.0687,1.1499,2027-11-29,70.6,True
NPCDD,[NPC],,Sin mapear,USD,1,100.8,100.45,101.2,4.03,0.75,0.7466,3.5674,2030-04-30,76.75,False
VSCPC,Vista Oil & Gas Argentina S.A.U.,33515950899,Energía - Petróleo y Gas,EXT,2,104.75,0.0,105.5,3.14,,,2.5763,2029-05-03,55.31,True
OTS6D,[OTS],,Sin mapear,USD,1,105.9,105.5,0.0,2.12,,,2.8145,2029-07-29,55.97,False
OLC7D,OLEODUCTOS DEL VALLE S.A.,30658840165,,USD,1,102.95,101.1,102.95,2.06,1.85,1.8299,3.3867,2030-02-23,73.45,True
CS50D,Cresud S.A.C.I.F. y A.,30509300700,Agro - Real Estate,USD,1,101.8,101.6,102.5,2.04,0.9,0.8858,2.4285,2029-03-10,75.54,True
SNEAD,SION S.A.,30690076043,,USD,2,59.5,57.3,59.45,1.19,2.15,3.7522,2.7734,2029-07-14,69.89,True
VSCUD,Vista Oil & Gas Argentina S.A.U.,33515950899,Energía - Petróleo y Gas,USD,1,107.0,106.0,109.95,1.07,3.95,3.7264,3.4196,2030-03-07,69.9,True
PN41D,Pan American Energy LLC (PAE Sucursal),30714813583,Energía - Petróleo y Gas,USD,1,106.15,105.45,105.8,1.06,0.35,0.3319,2.8939,2029-08-27,77.17,True
STCFD,[STC],,Sin mapear,USD,2,102.95,100.3,102.95,1.03,2.65,2.6421,0.3723,2027-02-18,70.98,False
PLC6C,Pluspetrol S.A.,30678224010,Energía - Petróleo y Gas,EXT,2,101.2,0.0,0.0,1.01,,,2.3984,2029-02-27,55.14,True
JNC5D,[JNC],,Sin mapear,USD,2,100.0,100.0,101.5,1.0,1.5,1.5,0.011,2026-10-09,73.25,False
YFCLC,YPF Energía Eléctrica S.A.,30714128309,Energía - Electricidad,EXT,2,99.45,0.0,0.0,0.99,,,2.13,2028-11-21,55.09,True
BF39D,Banco BBVA Argentina S.A.,30500003193,Financiero - Bancos,USD,2,0.0,102.55,102.9,0.0,0.35,0.3413,0.167,2026-12-05,55.13,True
BGC4D,[BGC],,Sin mapear,USD,2,0.0,102.5,102.95,0.0,0.45,0.439,0.1068,2026-11-13,54.73,False
MIC3D,MIRGOR S.A.,30578036071,,USD,1,0.0,101.75,102.2,0.0,0.45,0.4423,0.1013,2026-11-11,54.69,True
OTS2D,[OTS],,Sin mapear,USD,1,0.0,102.5,103.0,0.0,0.5,0.4878,0.5503,2027-04-24,54.51,False
CP37D,Cía. General de Combustibles S.A.,30506733932,Energía - Gas,USD,2,0.0,100.5,101.0,0.0,0.5,0.4975,0.4271,2027-03-10,54.37,True
PLC4D,Pluspetrol S.A.,30678224010,Energía - Petróleo y Gas,USD,1,0.0,108.7,109.3,0.0,0.6,0.552,5.6509,2032-05-30,54.15,True
BACHC,[BAC],,Sin mapear,EXT,2,0.0,100.5,101.1,0.0,0.6,0.597,4.3149,2031-01-28,53.96,False
OT42O,[OT4],,Sin mapear,ARS,1,0.0,164000.0,165000.0,0.0,1000.0,0.6098,3.2854,2030-01-17,53.9,False
TTC8O,Tecpetrol S.A.,30592665472,Energía - Petróleo y Gas,ARS,1,0.0,158100.0,159500.0,0.0,1400.0,0.8855,1.0513,2027-10-24,52.85,True
YFCJD,YPF Energía Eléctrica S.A.,30714128309,Energía - Electricidad,USD,1,0.0,107.1,108.1,0.0,1.0,0.9337,6.0315,2032-10-16,52.74,True
IRCQD,IRSA Inversiones y Representaciones S.A.,30524688673,Real Estate,USD,2,0.0,101.05,102.0,0.0,0.95,0.9401,0.6735,2027-06-08,52.72,True
PN37D,Pan American Energy LLC (PAE Sucursal),30714813583,Energía - Petróleo y Gas,USD,1,0.0,104.4,105.45,0.0,1.05,1.0057,2.1081,2028-11-13,52.56,True
TSC4D,[TSC],,Sin mapear,USD,1,0.0,104.8,105.9,0.0,1.1,1.0496,9.1253,2035-11-20,52.45,False
BYZ1D,[BYZ],,Sin mapear,USD,2,0.0,99.75,100.8,0.0,1.05,1.0526,0.8159,2027-07-30,52.42,False
TTCAD,Tecpetrol S.A.,30592665472,Energía - Petróleo y Gas,USD,1,0.0,104.1,105.3,0.0,1.2,1.1527,6.2998,2033-01-22,52.23,True
IRCQD,IRSA Inversiones y Representaciones S.A.,30524688673,Real Estate,USD,1,0.0,100.8,102.0,0.0,1.2,1.1905,0.6735,2027-06-08,52.2,True
JNC7D,[JNC],,Sin mapear,USD,2,0.0,100.35,101.6,0.0,1.25,1.2456,1.7221,2028-06-25,52.06,False
NPCEO,[NPC],,Sin mapear,ARS,2,0.0,151800.0,153800.0,0.0,2000.0,1.3175,2.809,2029-07-27,51.9,False
SBC3D,SAN BAUTISTA DEL SUR SA,30715659340,,USD,1,0.0,102.1,103.45,0.0,1.35,1.3222,2.6393,2029-05-26,51.89,True
IRCFD,IRSA Inversiones y Representaciones S.A.,30524688673,Real Estate,USD,1,0.0,50.6,51.3,0.0,0.7,1.3834,1.7139,2028-06-22,51.71,True
EOC1D,[EOC],,Sin mapear,USD,2,0.0,98.0,99.4,0.0,1.4,1.4286,1.399,2028-02-28,51.59,False
DEC2D,Empresa Distrib. de Electricidad Salta S.A.,30690633635,Energía - Electricidad,USD,1,0.0,100.8,102.25,0.0,1.45,1.4385,0.3888,2027-02-24,51.56,True
TTC8D,Tecpetrol S.A.,30592665472,Energía - Petróleo y Gas,USD,1,0.0,102.5,104.0,0.0,1.5,1.4634,1.0513,2027-10-24,51.46,True
GN43D,Genneia S.A.,30665234114,Energía - Renovable,USD,2,0.0,102.0,103.5,0.0,1.5,1.4706,0.4216,2027-03-08,51.45,True
TBCAD,[TBC],,Sin mapear,USD,2,0.0,100.5,102.0,0.0,1.5,1.4925,1.2457,2028-01-03,51.39,False
TLCVD,Telecom Argentina S.A.,30639453738,Telecomunicaciones,USD,1,0.0,100.0,101.5,0.0,1.5,1.5,0.6461,2027-05-29,51.36,True
TTCED,Tecpetrol S.A.,30592665472,Energía - Petróleo y Gas,USD,1,0.0,102.4,104.0,0.0,1.6,1.5625,2.6256,2029-05-21,51.26,True
OTS3D,[OTS],,Sin mapear,USD,1,0.0,103.15,104.8,0.0,1.65,1.5996,2.0753,2028-11-01,51.18,False
STCFO,[STC],,Sin mapear,ARS,2,0.0,155500.0,158000.0,0.0,2500.0,1.6077,0.3723,2027-02-18,51.12,False
SBC3O,SAN BAUTISTA DEL SUR SA,30715659340,,ARS,1,0.0,156280.0,158800.0,0.0,2520.0,1.6125,2.6393,2029-05-26,51.09,True
STCHO,[STC],,Sin mapear,ARS,2,0.0,103.8,105.5,0.0,1.7,1.6378,0.2957,2027-01-21,51.06,False
BF39D,Banco BBVA Argentina S.A.,30500003193,Financiero - Bancos,USD,1,0.0,101.3,103.0,0.0,1.7,1.6782,0.167,2026-12-05,50.95,True
TSC3O,[TSC],,Sin mapear,ARS,1,0.0,168060.0,170990.0,0.0,2930.0,1.7434,4.7995,2031-07-24,50.87,False
ZZC1D,[ZZC],,Sin mapear,USD,1,0.0,101.1,102.95,0.0,1.85,1.8299,0.3806,2027-02-21,50.72,False
OT42D,[OT4],,Sin mapear,USD,1,0.0,107.0,109.0,0.0,2.0,1.8692,3.2854,2030-01-17,50.59,False
BYZ2D,[BYZ],,Sin mapear,USD,2,0.0,99.0,100.9,0.0,1.9,1.9192,2.8172,2029-07-30,50.45,False
CACDD,Capex S.A.,30629827060,Energía - Electricidad,USD,1,0.0,104.0,106.0,0.0,2.0,1.9231,2.6639,2029-06-04,50.43,True
BF50D,BANCO BBVA ARGENTINA S.A.,30500003193,,USD,2,0.0,100.0,102.0,0.0,2.0,2.0,1.8015,2028-07-24,50.3,True
OLC6D,OLEODUCTOS DEL VALLE S.A.,30658840165,,USD,1,0.0,105.75,107.9,0.0,2.15,2.0331,2.6667,2029-06-05,50.23,True
AFCRD,Banco Comafi S.A.,30604731018,Financiero - Bancos,USD,2,0.0,98.0,100.0,0.0,2.0,2.0408,0.8898,2027-08-26,50.19,True
GN49D,Genneia S.A.,30665234114,Energía - Renovable,USD,1,0.0,104.35,106.5,0.0,2.15,2.0604,7.1595,2033-12-02,50.17,True
PN34O,Pan American Energy LLC (PAE Sucursal),30714813583,Energía - Petróleo y Gas,ARS,1,0.0,155790.0,159000.0,0.0,3210.0,2.0605,0.9774,2027-09-27,50.15,True
TTCAC,Tecpetrol S.A.,30592665472,Energía - Petróleo y Gas,EXT,2,0.0,98.56,100.8,0.0,2.24,2.2727,6.2998,2033-01-22,49.72,True
CP37O,Cía. General de Combustibles S.A.,30506733932,Energía - Gas,ARS,2,0.0,153500.0,157000.0,0.0,3500.0,2.2801,0.4271,2027-03-10,49.69,True
MIC4D,MIRGOR S.A.,30578036071,,USD,1,0.0,99.5,101.9,0.0,2.4,2.4121,0.8131,2027-07-29,49.51,True
MIC6D,MIRGOR S.A.,30578036071,,USD,1,0.0,99.3,101.75,0.0,2.45,2.4673,1.6454,2028-05-28,49.44,True
MGCQC,Pampa Energía S.A.,30526552659,Energía - Electricidad,EXT,2,0.0,101.45,104.0,0.0,2.55,2.5136,1.8371,2028-08-06,49.36,True
PN42D,Pan American Energy LLC (PAE Sucursal),30714813583,Energía - Petróleo y Gas,USD,1,0.0,103.1,105.7,0.0,2.6,2.5218,0.5311,2027-04-17,49.33,True
CICAD,CNH INDUSTRIAL CAPITAL ARGENTINA S.A.,30714322938,,USD,1,0.0,103.3,105.95,0.0,2.65,2.5653,1.6619,2028-06-03,49.26,True
YFCIO,YPF Energía Eléctrica S.A.,30714128309,Energía - Electricidad,ARS,1,0.0,155260.0,159250.0,0.0,3990.0,2.5699,0.6872,2027-06-13,49.25,True
SNAAO,S.A. SAN MIGUEL,30511190238,,ARS,2,0.0,95000.0,97500.0,0.0,2500.0,2.6316,2.7734,2029-07-14,49.11,True
GN47D,Genneia S.A.,30665234114,Energía - Renovable,USD,1,0.0,102.3,105.0,0.0,2.7,2.6393,2.0342,2028-10-17,49.08,True
EMC1O,[EMC],,Sin mapear,ARS,2,0.0,158700.0,162890.0,0.0,4190.0,2.6402,0.7447,2027-07-04,49.06,False
PNXCO,Pan American Energy LLC (PAE Sucursal),30714813583,Energía - Petróleo y Gas,ARS,1,0.0,170900.0,175500.0,0.0,4600.0,2.6916,5.5688,2032-04-30,49.0,True
ZPC2D,PLAZA LOGISTICA S.R.L.,30655942382,,USD,2,0.0,100.1,102.8,0.0,2.7,2.6973,0.6571,2027-06-02,48.98,True
OZC8D,EMPRESA DISTRIB DE ELECTRICIDAD DE MENDOZA S.A.,30699542454,,USD,1,0.0,98.3,101.0,0.0,2.7,2.7467,6.6831,2033-06-11,48.89,True
BYCHD,Banco de Galicia y Buenos Aires S.A.,30500001735,Financiero - Bancos,USD,1,0.0,107.1,110.05,0.0,2.95,2.7544,2.0151,2028-10-10,48.86,True
HJCJD,John Deere Credit Cía. Financiera S.A.,30707024859,Financiero - Crédito Industrial,USD,1,0.0,103.15,106.0,0.0,2.85,2.763,0.8022,2027-07-25,48.84,True
MGCMO,Pampa Energía S.A.,30526552659,Energía - Electricidad,ARS,1,0.0,162390.0,166900.0,0.0,4510.0,2.7773,4.9309,2031-09-10,48.83,True
CWCAD,CROWN POINT ENERGIA S.A.,30709346268,,USD,2,0.0,98.0,100.8,0.0,2.8,2.8571,2.9131,2029-09-03,48.77,True
MGCOO,Pampa Energía S.A.,30526552659,Energía - Electricidad,ARS,1,0.0,159130.0,163700.0,0.0,4570.0,2.8719,8.1971,2034-12-16,48.72,True
NPCED,[NPC],,Sin mapear,USD,1,0.0,99.6,102.5,0.0,2.9,2.9116,2.809,2029-07-27,48.7,False
OTS5D,[OTS],,Sin mapear,USD,1,0.0,101.3,104.35,0.0,3.05,3.0109,0.0493,2026-10-23,48.56,False
AEC3D,[AEC],,Sin mapear,USD,1,0.0,97.0,100.0,0.0,3.0,3.0928,1.8371,2028-08-06,48.45,False
EOC1O,[EOC],,Sin mapear,ARS,2,0.0,147500.0,152100.0,0.0,4600.0,3.1186,1.399,2028-02-28,48.42,False
NPCDO,[NPC],,Sin mapear,ARS,1,0.0,155000.0,160000.0,0.0,5000.0,3.2258,3.5674,2030-04-30,48.33,False
VBC1D,[VBC],,Sin mapear,USD,1,0.0,99.0,102.5,0.0,3.5,3.5354,0.4298,2027-03-11,48.05,False
RC1CO,ARCOR S.A.I.C.,30502793175,,ARS,1,0.0,158130.0,163890.0,0.0,5760.0,3.6426,6.82,2033-07-31,47.98,True
IRCQO,IRSA Inversiones y Representaciones S.A.,30524688673,Real Estate,ARS,2,0.0,150900.0,156500.0,0.0,5600.0,3.7111,0.6735,2027-06-08,47.94,True
TTCAO,Tecpetrol S.A.,30592665472,Energía - Petróleo y Gas,ARS,1,0.0,156100.0,162000.0,0.0,5900.0,3.7796,6.2998,2033-01-22,47.88,True
PN34D,Pan American Energy LLC (PAE Sucursal),30714813583,Energía - Petróleo y Gas,USD,1,0.0,101.05,104.9,0.0,3.85,3.81,0.9774,2027-09-27,47.83,True
YMCZC,YPF S.A.,30546689979,Energía - Petróleo y Gas,EXT,2,0.0,101.0,104.85,0.0,3.85,3.8119,2.0151,2028-10-10,47.81,True
VSCTO,Vista Oil & Gas Argentina S.A.U.,33515950899,Energía - Petróleo y Gas,ARS,1,0.0,159860.0,165970.0,0.0,6110.0,3.8221,9.18,2035-12-10,47.78,True
AERBD,[AER],,Sin mapear,USD,1,0.0,100.1,104.0,0.0,3.9,3.8961,0.1944,2026-12-15,47.66,False
GYC5O,[GYC],,Sin mapear,ARS,2,0.0,151100.0,157000.0,0.0,5900.0,3.9047,0.9172,2027-09-05,47.64,False
VSCYD,Vista Oil & Gas Argentina S.A.U.,33515950899,Energía - Petróleo y Gas,USD,1,0.0,100.0,103.95,0.0,3.95,3.95,1.2813,2028-01-16,47.59,True
YFCGD,YPF Energía Eléctrica S.A.,30714128309,Energía - Electricidad,USD,1,0.0,99.5,103.45,0.0,3.95,3.9698,0.397,2027-02-27,47.56,True
TTC9O,Tecpetrol S.A.,30592665472,Energía - Petróleo y Gas,ARS,1,0.0,160080.0,166500.0,0.0,6420.0,4.0105,3.0527,2029-10-24,47.49,True
BY34D,[BY3],,Sin mapear,USD,2,0.0,97.0,100.9,0.0,3.9,4.0206,1.9055,2028-08-31,47.47,False
TLCWD,Telecom Argentina S.A.,30639453738,Telecomunicaciones,USD,1,0.0,101.4,105.5,0.0,4.1,4.0434,3.6468,2030-05-29,47.45,True
TSC4O,[TSC],,Sin mapear,ARS,1,0.0,157910.0,164420.0,0.0,6510.0,4.1226,9.1253,2035-11-20,47.38,False
CACBD,Capex S.A.,30629827060,Energía - Electricidad,USD,1,0.0,99.85,104.0,0.0,4.15,4.1562,1.7002,2028-06-17,47.36,True
GN48D,Genneia S.A.,30665234114,Energía - Renovable,USD,1,0.0,99.8,104.0,0.0,4.2,4.2084,1.4155,2028-03-05,47.35,True
RZBBD,RIZOBACTER ARGENTINA S.A.,30593174057,,USD,2,0.0,64.0,66.75,0.0,2.75,4.2969,2.9131,2029-09-03,47.25,True
IRCND,IRSA Inversiones y Representaciones S.A.,30524688673,Real Estate,USD,1,0.0,100.05,104.4,0.0,4.35,4.3478,1.0486,2027-10-23,47.2,True
CAC5C,Capex S.A.,30629827060,Energía - Electricidad,EXT,2,0.0,49.5,51.7,0.0,2.2,4.4444,1.8891,2028-08-25,47.14,True
CS47D,Cresud S.A.C.I.F. y A.,30509300700,Agro - Real Estate,USD,1,0.0,104.05,108.8,0.0,4.75,4.5651,2.1136,2028-11-15,47.06,True
HJCFO,John Deere Credit Cía. Financiera S.A.,30707024859,Financiero - Crédito Industrial,ARS,2,0.0,152000.0,159000.0,0.0,7000.0,4.6053,0.0438,2026-10-21,47.03,True
SIC1D,[SIC],,Sin mapear,USD,1,0.0,100.2,104.9,0.0,4.7,4.6906,0.178,2026-12-09,47.02,False
EAC1O,MSU GREEN ENERGY S.A.U.,30714155128,,ARS,2,0.0,148000.0,155000.0,0.0,7000.0,4.7297,0.0192,2026-10-12,46.97,True
YFCMD,YPF Energía Eléctrica S.A.,30714128309,Energía - Electricidad,USD,1,0.0,101.2,106.0,0.0,4.8,4.7431,0.6215,2027-05-20,46.95,True
BF44O,BANCO BBVA ARGENTINA S.A.,30500003193,,ARS,2,0.0,153000.0,160300.0,0.0,7300.0,4.7712,1.5907,2028-05-08,46.94,True
YFCLD,YPF Energía Eléctrica S.A.,30714128309,Energía - Electricidad,USD,1,0.0,102.0,107.0,0.0,5.0,4.902,2.13,2028-11-21,46.86,True
TSC3D,[TSC],,Sin mapear,USD,1,0.0,109.4,114.85,0.0,5.45,4.9817,4.7995,2031-07-24,46.85,False
YFCJC,YPF Energía Eléctrica S.A.,30714128309,Energía - Electricidad,EXT,2,0.0,100.0,105.0,0.0,5.0,5.0,6.0315,2032-10-16,46.81,True
VSCTD,Vista Oil & Gas Argentina S.A.U.,33515950899,Energía - Petróleo y Gas,USD,1,0.0,103.5,108.8,0.0,5.3,5.1208,9.18,2035-12-10,46.69,True
TT1AC,[TT1],,Sin mapear,EXT,2,0.0,98.9,104.0,0.0,5.1,5.1567,6.2998,2033-01-22,46.63,False
MGCTO,Pampa Energía S.A.,30526552659,Energía - Electricidad,ARS,1,0.0,150600.0,158400.0,0.0,7800.0,5.1793,2.4887,2029-04-01,46.61,True
BF49D,BANCO BBVA ARGENTINA S.A.,30500003193,,USD,2,0.0,96.0,101.0,0.0,5.0,5.2083,0.7995,2027-07-24,46.59,True
PN43O,Pan American Energy LLC (PAE Sucursal),30714813583,Energía - Petróleo y Gas,ARS,1,0.0,157730.0,166000.0,0.0,8270.0,5.2431,10.2806,2037-01-15,46.56,True
MIC4O,MIRGOR S.A.,30578036071,,ARS,1,0.0,152200.0,160230.0,0.0,8030.0,5.276,0.8131,2027-07-29,46.53,True
HJCKD,John Deere Credit Cía. Financiera S.A.,30707024859,Financiero - Crédito Industrial,USD,1,0.0,100.1,105.5,0.0,5.4,5.3946,2.2834,2029-01-16,46.52,True
HBCFD,BANCO HIPOTECARIO S.A.,30500011072,,USD,2,0.0,99.05,104.6,0.0,5.55,5.6032,0.386,2027-02-23,46.46,True
SNSDD,SION S.A.,30690076043,,USD,2,0.0,70.0,74.0,0.0,4.0,5.7143,0.3395,2027-02-06,46.41,True
CP37D,Cía. General de Combustibles S.A.,30506733932,Energía - Gas,USD,1,0.0,100.15,105.9,0.0,5.75,5.7414,0.4271,2027-03-10,46.38,True
BACHO,[BAC],,Sin mapear,ARS,1,0.0,159040.0,168200.0,0.0,9160.0,5.7596,4.3149,2031-01-28,46.36,False
PN37O,Pan American Energy LLC (PAE Sucursal),30714813583,Energía - Petróleo y Gas,ARS,1,0.0,157830.0,167000.0,0.0,9170.0,5.81,2.1081,2028-11-13,46.35,True
CS51D,Cresud S.A.C.I.F. y A.,30509300700,Agro - Real Estate,USD,1,0.0,98.0,103.7,0.0,5.7,5.8163,0.293,2027-01-20,46.33,True
CIC8D,CNH INDUSTRIAL CAPITAL ARGENTINA S.A.,30714322938,,USD,1,0.0,103.0,109.0,0.0,6.0,5.8252,2.1054,2028-11-12,46.3,True
RC4CO,ARCOR S.A.I.C.,30502793175,,ARS,2,0.0,103.0,109.0,0.0,6.0,5.8252,0.3915,2027-02-25,46.3,True
OZC8C,EMPRESA DISTRIB DE ELECTRICIDAD DE MENDOZA S.A.,30699542454,,EXT,2,0.0,91.5,97.0,0.0,5.5,6.0109,6.6831,2033-06-11,46.22,True
CP38O,Cía. General de Combustibles S.A.,30506733932,Energía - Gas,ARS,1,0.0,168720.0,179500.0,0.0,10780.0,6.3893,4.1478,2030-11-28,46.17,True
FYC1O,[FYC],,Sin mapear,ARS,2,0.0,151890.0,161990.0,0.0,10100.0,6.6495,2.5982,2029-05-11,46.11,False
MR46D,Generación Mediterránea / Central Térmica Roca S.A.,33711944899,Energía - Electricidad,USD,1,0.0,80.0,85.5,0.0,5.5,6.875,8.2382,2034-12-31,46.05,True
AFCKD,Banco Comafi S.A.,30604731018,Financiero - Bancos,USD,2,0.0,101.0,108.0,0.0,7.0,6.9307,2.3409,2029-02-06,46.03,True
GN48O,Genneia S.A.,30665234114,Energía - Renovable,ARS,1,0.0,150000.0,160500.0,0.0,10500.0,7.0,1.4155,2028-03-05,46.02,True
HJCMO,John Deere Credit Cía. Financiera S.A.,30707024859,Financiero - Crédito Industrial,ARS,1,0.0,148550.0,159000.0,0.0,10450.0,7.0347,2.4778,2029-03-28,46.0,True
BF47O,BANCO BBVA ARGENTINA S.A.,30500003193,,ARS,2,0.0,95.0,102.0,0.0,7.0,7.3684,0.679,2027-06-10,45.89,True
FO4AD,[FO4],,Sin mapear,USD,1,0.0,98.25,105.5,0.0,7.25,7.3791,1.7906,2028-07-20,45.88,False
LQC1O,[LQC],,Sin mapear,ARS,1,0.0,152500.0,164000.0,0.0,11500.0,7.541,7.8111,2034-07-28,45.85,False
EAC3O,MSU GREEN ENERGY S.A.U.,30714155128,,ARS,1,0.0,153000.0,165000.0,0.0,12000.0,7.8431,2.2094,2028-12-20,45.8,True
T672O,Tarjeta Naranja S.A.U.,30685376349,Financiero - Consumo,ARS,2,0.0,149100.0,160900.0,0.0,11800.0,7.9142,0.3833,2027-02-22,45.78,True
RZ9BO,Rizobacter Argentina S.A.,30593174057,Agro - Biotech,ARS,2,0.0,88000.0,95000.0,0.0,7000.0,7.9545,2.9131,2029-09-03,45.75,True
BF50O,BANCO BBVA ARGENTINA S.A.,30500003193,,ARS,2,0.0,150000.0,162000.0,0.0,12000.0,8.0,1.8015,2028-07-24,45.72,True
TLCQO,Telecom Argentina S.A.,30639453738,Telecomunicaciones,ARS,1,0.0,155000.0,167500.0,0.0,12500.0,8.0645,0.7392,2027-07-02,45.69,True
PECNO,PETROLERA ACONCAGUA ENERGIA S.A.,30714814229,,ARS,1,0.0,84370.0,91200.0,0.0,6830.0,8.0953,5.8891,2032-08-25,45.68,True
RZ9BD,Rizobacter Argentina S.A.,30593174057,Agro - Biotech,USD,2,0.0,55.0,59.5,0.0,4.5,8.1818,2.9131,2029-09-03,45.66,True
MR50O,GENER.MEDITE./CENTRAL TERMICA ROCA S.A.,33711944899,,ARS,2,0.0,56300.0,61000.0,0.0,4700.0,8.3481,9.7358,2036-06-30,45.61,True
CP37O,Cía. General de Combustibles S.A.,30506733932,Energía - Gas,ARS,1,0.0,154000.0,167500.0,0.0,13500.0,8.7662,0.4271,2027-03-10,45.58,True
PUC2D,[PUC],,Sin mapear,USD,2,0.0,98.0,107.0,0.0,9.0,9.1837,0.8953,2027-08-28,45.53,False
PLC1O,Pluspetrol S.A.,30678224010,Energía - Petróleo y Gas,ARS,1,0.0,151610.0,165680.0,0.0,14070.0,9.2804,1.3114,2028-01-27,45.52,True
RZBCO,RIZOBACTER ARGENTINA S.A.,30593174057,,ARS,1,0.0,95000.0,104300.0,0.0,9300.0,9.7895,2.9131,2029-09-03,45.44,True
SNSBD,SION S.A.,30690076043,,USD,2,0.0,75.0,84.0,0.0,9.0,12.0,0.0246,2026-10-14,45.38,True
LMS7O,BLM DESARROLLOS SA,30718221516,,ARS,1,0.0,114550.0,128990.0,0.0,14440.0,12.6058,2.0205,2028-10-12,45.35,True
CWC6D,CROWN POINT ENERGIA S.A.,30709346268,,USD,2,0.0,92.0,103.95,0.0,11.95,12.9891,1.0678,2027-10-30,45.32,True
YMCRO,YPF S.A.,30546689979,Energía - Petróleo y Gas,ARS,2,0.0,130000.0,148000.0,0.0,18000.0,13.8462,1.9384,2028-09-12,45.3,True
SNEAO,SION S.A.,30690076043,,ARS,1,0.0,81000.0,92380.0,0.0,11380.0,14.0494,2.7734,2029-07-14,45.29,True
PNDCO,Pan American Energy LLC (PAE Sucursal),30714813583,Energía - Petróleo y Gas,ARS,1,0.0,61300.0,71500.0,0.0,10200.0,16.6395,0.5667,2027-04-30,45.24,True
PNRCO,Pan American Energy LLC (PAE Sucursal),30714813583,Energía - Petróleo y Gas,ARS,2,0.0,130000.0,151880.0,0.0,21880.0,16.8308,1.8398,2028-08-07,45.21,True
GN42O,Genneia S.A.,30665234114,Energía - Renovable,ARS,2,0.0,130000.0,152000.0,0.0,22000.0,16.9231,0.6105,2027-05-16,45.19,True
DNCBO,EDENOR S.A.,30655116202,,ARS,1,0.0,130000.0,152990.0,0.0,22990.0,17.6846,2.7433,2029-07-03,45.16,True
PNICO,Pan American Energy LLC (PAE Sucursal),30714813583,Energía - Petróleo y Gas,ARS,2,0.0,127000.0,150000.0,0.0,23000.0,18.1102,5.3415,2032-02-07,45.14,True
MR43D,Generación Mediterránea / Central Térmica Roca S.A.,33711944899,Energía - Electricidad,USD,1,0.0,23.051,28.0,0.0,4.949,21.4698,9.7358,2036-06-30,45.11,True
RZ8BO,RIZOBACTER ARGENTINA S.A.,30593174057,,ARS,2,0.0,47600.0,60000.0,0.0,12400.0,26.0504,2.9131,2029-09-03,45.08,True
MR43O,Generación Mediterránea / Central Térmica Roca S.A.,33711944899,Energía - Electricidad,ARS,1,0.0,30100.0,38165.0,0.0,8065.0,26.794,9.7358,2036-06-30,45.07,True
PQCKO,Petroquímica Comodoro Rivadavia S.A.,30563598111,Industria - Petroquímica,ARS,2,0.0,68120.0,95000.0,0.0,26880.0,39.4598,0.1725,2026-12-07,45.05,True
RVS1O,[RVS],,Sin mapear,ARS,1,0.0,23.0,40.0,0.0,17.0,73.913,0.397,2027-02-27,45.04,False
PECLO,PETROLERA ACONCAGUA ENERGIA S.A.,30714814229,,ARS,2,0.0,44.01,95.0,0.0,50.99,115.86,5.8891,2032-08-25,45.02,True
MR47D,Generación Mediterránea / Central Térmica Roca S.A.,33711944899,Energía - Electricidad,USD,1,0.0,42.15,93.0,0.0,50.85,120.6406,9.7358,2036-06-30,45.0,True
VSCUO,Vista Oil & Gas Argentina S.A.U.,33515950899,Energía - Petróleo y Gas,ARS,1,0.0,152.4,169950.0,0.0,169797.6,111415.748,3.4196,2030-03-07,44.99,True
A11LD,[A11],,Sin mapear,USD,2,0.0,0.0,0.0,0.0,,,1.4867,2028-03-31,33.22,False
AEC2C,[AEC],,Sin mapear,EXT,1,0.0,0.0,0.0,0.0,,,0.9008,2027-08-30,33.22,False
AEC2C,[AEC],,Sin mapear,EXT,2,0.0,0.0,0.0,0.0,,,0.9008,2027-08-30,33.22,False
AEC2D,[AEC],,Sin mapear,USD,1,0.0,0.0,0.0,0.0,,,0.9008,2027-08-30,33.22,False
AEC2D,[AEC],,Sin mapear,USD,2,0.0,0.0,0.0,0.0,,,0.9008,2027-08-30,33.22,False
AEC2O,[AEC],,Sin mapear,ARS,1,0.0,0.0,0.0,0.0,,,0.9008,2027-08-30,33.22,False
AEC2X,[AEC],,Sin mapear,ARS,1,0.0,0.0,0.0,0.0,,,0.9008,2027-08-30,33.22,False
AEC2X,[AEC],,Sin mapear,ARS,2,0.0,0.0,0.0,0.0,,,0.9008,2027-08-30,33.22,False
AEC2Y,[AEC],,Sin mapear,USD,1,0.0,0.0,0.0,0.0,,,0.9008,2027-08-30,33.22,False
AEC2Y,[AEC],,Sin mapear,USD,2,0.0,0.0,0.0,0.0,,,0.9008,2027-08-30,33.22,False
AEC2Z,[AEC],,Sin mapear,EXT,1,0.0,0.0,0.0,0.0,,,0.9008,2027-08-30,33.22,False
AEC2Z,[AEC],,Sin mapear,EXT,2,0.0,0.0,0.0,0.0,,,0.9008,2027-08-30,33.22,False
AEC3X,[AEC],,Sin mapear,ARS,2,0.0,0.0,0.0,0.0,,,1.8371,2028-08-06,33.22,False
AER1D,[AER],,Sin mapear,USD,2,0.0,0.0,0.0,0.0,,,0.3258,2027-02-01,33.22,False
AER1X,[AER],,Sin mapear,ARS,1,0.0,0.0,0.0,0.0,,,0.3258,2027-02-01,33.22,False
AER1X,[AER],,Sin mapear,ARS,2,0.0,0.0,0.0,0.0,,,0.3258,2027-02-01,33.22,False
AER1Y,[AER],,Sin mapear,USD,1,0.0,0.0,0.0,0.0,,,0.3258,2027-02-01,33.22,False
AER1Z,[AER],,Sin mapear,EXT,1,0.0,0.0,0.0,0.0,,,0.3258,2027-02-01,33.22,False
AER1Z,[AER],,Sin mapear,EXT,2,0.0,0.0,0.0,0.0,,,0.3258,2027-02-01,33.22,False
AER4D,[AER],,Sin mapear,USD,1,0.0,0.0,0.0,0.0,,,2.0753,2028-11-01,33.22,False
AER4D,[AER],,Sin mapear,USD,2,0.0,0.0,0.0,0.0,,,2.0753,2028-11-01,33.22,False
AER4O,[AER],,Sin mapear,ARS,2,0.0,0.0,0.0,0.0,,,2.0753,2028-11-01,33.22,False
AER5O,[AER],,Sin mapear,ARS,2,0.0,0.0,0.0,0.0,,,5.3799,2032-02-21,33.22,False
AER5X,[AER],,Sin mapear,ARS,1,0.0,0.0,0.0,0.0,,,5.3799,2032-02-21,33.22,False
AER5X,[AER],,Sin mapear,ARS,2,0.0,0.0,0.0,0.0,,,5.3799,2032-02-21,33.22,False
AERAC,[AER],,Sin mapear,EXT,2,0.0,0.0,0.0,0.0,,,0.3258,2027-02-01,33.22,False
AERAD,[AER],,Sin mapear,USD,1,0.0,0.0,0.0,0.0,,,0.3258,2027-02-01,33.22,False
AERAD,[AER],,Sin mapear,USD,2,0.0,0.0,0.0,0.0,,,0.3258,2027-02-01,33.22,False
AERAO,[AER],,Sin mapear,ARS,1,0.0,0.0,0.0,0.0,,,0.3258,2027-02-01,33.22,False
AERAO,[AER],,Sin mapear,ARS,2,0.0,0.0,0.0,0.0,,,0.3258,2027-02-01,33.22,False
AERBC,[AER],,Sin mapear,EXT,2,0.0,0.0,0.0,0.0,,,0.1944,2026-12-15,33.22,False
AERBO,[AER],,Sin mapear,ARS,1,0.0,0.0,159000.0,0.0,,,0.1944,2026-12-15,33.22,False
AERBY,[AER],,Sin mapear,USD,2,0.0,0.0,0.0,0.0,,,0.1944,2026-12-15,33.22,False
AFCID,Banco Comafi S.A.,30604731018,Financiero - Bancos,USD,1,0.0,0.0,0.0,0.0,,,0.0903,2026-11-07,33.22,True
AFCID,Banco Comafi S.A.,30604731018,Financiero - Bancos,USD,2,0.0,0.0,103.5,0.0,,,0.0903,2026-11-07,33.22,True
AFCIO,Banco Comafi S.A.,30604731018,Financiero - Bancos,ARS,1,0.0,0.0,0.0,0.0,,,0.0903,2026-11-07,33.22,True
AFCIO,Banco Comafi S.A.,30604731018,Financiero - Bancos,ARS,2,0.0,0.0,160700.0,0.0,,,0.0903,2026-11-07,33.22,True
AFCIX,Banco Comafi S.A.,30604731018,Financiero - Bancos,ARS,2,0.0,0.0,0.0,0.0,,,0.0903,2026-11-07,33.22,True
AFCIY,Banco Comafi S.A.,30604731018,Financiero - Bancos,USD,2,0.0,0.0,0.0,0.0,,,0.0903,2026-11-07,33.22,True
AFCIZ,Banco Comafi S.A.,30604731018,Financiero - Bancos,EXT,1,0.0,0.0,0.0,0.0,,,0.0903,2026-11-07,33.22,True
AFCIZ,Banco Comafi S.A.,30604731018,Financiero - Bancos,EXT,2,0.0,0.0,0.0,0.0,,,0.0903,2026-11-07,33.22,True
AFCJC,Banco Comafi S.A.,30604731018,Financiero - Bancos,EXT,1,0.0,0.0,0.0,0.0,,,0.3395,2027-02-06,33.22,True
AFCJD,Banco Comafi S.A.,30604731018,Financiero - Bancos,USD,2,0.0,97.65,0.0,0.0,,,0.3395,2027-02-06,33.22,True
AFCJO,Banco Comafi S.A.,30604731018,Financiero - Bancos,ARS,1,0.0,133000.0,0.0,0.0,,,0.3395,2027-02-06,33.22,True
AFCJO,Banco Comafi S.A.,30604731018,Financiero - Bancos,ARS,2,0.0,145620.0,0.0,0.0,,,0.3395,2027-02-06,33.22,True
AFCKC,Banco Comafi S.A.,30604731018,Financiero - Bancos,EXT,2,0.0,0.0,0.0,0.0,,,2.3409,2029-02-06,33.22,True
AFCKD,Banco Comafi S.A.,30604731018,Financiero - Bancos,USD,1,0.0,0.0,0.0,0.0,,,2.3409,2029-02-06,33.22,True
AFCKO,Banco Comafi S.A.,30604731018,Financiero - Bancos,ARS,1,0.0,0.0,0.0,0.0,,,2.3409,2029-02-06,33.22,True
AFCKO,Banco Comafi S.A.,30604731018,Financiero - Bancos,ARS,2,0.0,0.0,0.0,0.0,,,2.3409,2029-02-06,33.22,True
AFCLC,Banco Comafi S.A.,30604731018,Financiero - Bancos,EXT,2,0.0,0.0,0.0,0.0,,,0.835,2027-08-06,33.22,True
AFCLD,Banco Comafi S.A.,30604731018,Financiero - Bancos,USD,2,0.0,101.0,0.0,0.0,,,0.835,2027-08-06,33.22,True
AFCLO,Banco Comafi S.A.,30604731018,Financiero - Bancos,ARS,1,0.0,0.0,0.0,0.0,,,0.835,2027-08-06,33.22,True
AFCLO,Banco Comafi S.A.,30604731018,Financiero - Bancos,ARS,2,0.0,0.0,0.0,0.0,,,0.835,2027-08-06,33.22,True
AFCMD,Banco Comafi S.A.,30604731018,Financiero - Bancos,USD,2,0.0,0.0,105.0,0.0,,,0.5311,2027-04-17,33.22,True
AFCMO,Banco Comafi S.A.,30604731018,Financiero - Bancos,ARS,1,0.0,0.0,0.0,0.0,,,0.5311,2027-04-17,33.22,True
AFCMO,Banco Comafi S.A.,30604731018,Financiero - Bancos,ARS,2,0.0,0.0,158000.0,0.0,,,0.5311,2027-04-17,33.22,True
AFCNO,Banco Comafi S.A.,30604731018,Financiero - Bancos,ARS,2,0.0,0.0,0.0,0.0,,,0.5311,2027-04-17,33.22,True
AFCNX,Banco Comafi S.A.,30604731018,Financiero - Bancos,ARS,1,0.0,0.0,0.0,0.0,,,0.5311,2027-04-17,33.22,True
AFCNX,Banco Comafi S.A.,30604731018,Financiero - Bancos,ARS,2,0.0,0.0,0.0,0.0,,,0.5311,2027-04-17,33.22,True
AFCOO,Banco Comafi S.A.,30604731018,Financiero - Bancos,ARS,1,0.0,0.0,0.0,0.0,,,1.0513,2027-10-24,33.22,True
AFCPO,Banco Comafi S.A.,30604731018,Financiero - Bancos,ARS,2,0.0,0.0,0.0,0.0,,,1.6674,2028-06-05,33.22,True
AFCQD,Banco Comafi S.A.,30604731018,Financiero - Bancos,USD,2,0.0,0.0,0.0,0.0,,,1.1691,2027-12-06,33.22,True
AFCQO,Banco Comafi S.A.,30604731018,Financiero - Bancos,ARS,2,0.0,0.0,0.0,0.0,,,1.1691,2027-12-06,33.22,True
AFCQX,Banco Comafi S.A.,30604731018,Financiero - Bancos,ARS,1,0.0,0.0,0.0,0.0,,,1.1691,2027-12-06,33.22,True
AFCQX,Banco Comafi S.A.,30604731018,Financiero - Bancos,ARS,2,0.0,0.0,0.0,0.0,,,1.1691,2027-12-06,33.22,True
AFCQY,Banco Comafi S.A.,30604731018,Financiero - Bancos,USD,1,0.0,0.0,0.0,0.0,,,1.1691,2027-12-06,33.22,True
AFCQY,Banco Comafi S.A.,30604731018,Financiero - Bancos,USD,2,0.0,0.0,0.0,0.0,,,1.1691,2027-12-06,33.22,True
AFCQZ,Banco Comafi S.A.,30604731018,Financiero - Bancos,EXT,1,0.0,0.0,0.0,0.0,,,1.1691,2027-12-06,33.22,True
AFCQZ,Banco Comafi S.A.,30604731018,Financiero - Bancos,EXT,2,0.0,0.0,0.0,0.0,,,1.1691,2027-12-06,33.22,True
AFCRO,Banco Comafi S.A.,30604731018,Financiero - Bancos,ARS,1,0.0,0.0,0.0,0.0,,,0.8898,2027-08-26,33.22,True
AFCRO,Banco Comafi S.A.,30604731018,Financiero - Bancos,ARS,2,0.0,0.0,0.0,0.0,,,0.8898,2027-08-26,33.22,True
AFCTD,Banco Comafi S.A.,30604731018,Financiero - Bancos,USD,2,0.0,0.0,100.0,0.0,,,1.8973,2028-08-28,33.22,True
ARC1C,Aeropuertos Argentina 2000 S.A.,30696170580,Infraestructura - Aeropuertos,EXT,1,0.0,0.0,0.0,0.0,,,4.8214,2031-08-01,33.22,True
ARC1X,Aeropuertos Argentina 2000 S.A.,30696170580,Infraestructura - Aeropuertos,ARS,2,0.0,0.0,0.0,0.0,,,4.8214,2031-08-01,33.22,True
ARC1Z,Aeropuertos Argentina 2000 S.A.,30696170580,Infraestructura - Aeropuertos,EXT,1,0.0,0.0,0.0,0.0,,,4.8214,2031-08-01,33.22,True
ARC1Z,Aeropuertos Argentina 2000 S.A.,30696170580,Infraestructura - Aeropuertos,EXT,2,0.0,0.0,0.0,0.0,,,4.8214,2031-08-01,33.22,True
AU1LD,[AU1],,Sin mapear,USD,2,0.0,0.0,0.0,0.0,,,1.2129,2027-12-22,33.22,False
AUS1L,[AUS],,Sin mapear,ARS,1,0.0,0.0,0.0,0.0,,,1.2129,2027-12-22,33.22,False
AX1MD,[AX1],,Sin mapear,USD,1,0.0,0.0,0.0,0.0,,,2.5106,2029-04-09,33.22,False
AX1MD,[AX1],,Sin mapear,USD,2,0.0,0.0,0.0,0.0,,,2.5106,2029-04-09,33.22,False
AXS1M,[AXS],,Sin mapear,ARS,2,0.0,0.0,0.0,0.0,,,2.5106,2029-04-09,33.22,False
BACAC,[BAC],,Sin mapear,EXT,1,0.0,0.0,0.0,0.0,,,0.0821,2026-11-04,33.22,False
BACAC,[BAC],,Sin mapear,EXT,2,0.0,0.0,0.0,0.0,,,0.0821,2026-11-04,33.22,False
BACAD,[BAC],,Sin mapear,USD,1,0.0,0.0,0.0,0.0,,,0.0821,2026-11-04,33.22,False
BACAD,[BAC],,Sin mapear,USD,2,0.0,0.0,0.0,0.0,,,0.0821,2026-11-04,33.22,False
BACAO,[BAC],,Sin mapear,ARS,1,0.0,0.0,0.0,0.0,,,0.0821,2026-11-04,33.22,False
BACAO,[BAC],,Sin mapear,ARS,2,0.0,0.0,0.0,0.0,,,0.0821,2026-11-04,33.22,False
BACAX,[BAC],,Sin mapear,ARS,1,0.0,0.0,0.0,0.0,,,0.0821,2026-11-04,33.22,False
BACAX,[BAC],,Sin mapear,ARS,2,0.0,0.0,0.0,0.0,,,0.0821,2026-11-04,33.22,False
BACAY,[BAC],,Sin mapear,USD,1,0.0,0.0,0.0,0.0,,,0.0821,2026-11-04,33.22,False
BACAY,[BAC],,Sin mapear,USD,2,0.0,0.0,0.0,0.0,,,0.0821,2026-11-04,33.22,False
BACAZ,[BAC],,Sin mapear,EXT,1,0.0,0.0,0.0,0.0,,,0.0821,2026-11-04,33.22,False
BACAZ,[BAC],,Sin mapear,EXT,2,0.0,0.0,0.0,0.0,,,0.0821,2026-11-04,33.22,False
BACGC,[BAC],,Sin mapear,EXT,1,0.0,0.0,0.0,0.0,,,2.7159,2029-06-23,33.22,False
BACGX,[BAC],,Sin mapear,ARS,1,0.0,0.0,0.0,0.0,,,2.7159,2029-06-23,33.22,False
BACGX,[BAC],,Sin mapear,ARS,2,0.0,0.0,0.0,0.0,,,2.7159,2029-06-23,33.22,False
BACGY,[BAC],,Sin mapear,USD,1,0.0,0.0,0.0,0.0,,,2.7159,2029-06-23,33.22,False
BACGY,[BAC],,Sin mapear,USD,2,0.0,0.0,0.0,0.0,,,2.7159,2029-06-23,33.22,False
BACGZ,[BAC],,Sin mapear,EXT,1,0.0,0.0,0.0,0.0,,,2.7159,2029-06-23,33.22,False
BACGZ,[BAC],,Sin mapear,EXT,2,0.0,0.0,0.0,0.0,,,2.7159,2029-06-23,33.22,False
BACHC,[BAC],,Sin mapear,EXT,1,0.0,0.0,0.0,0.0,,,4.3149,2031-01-28,33.22,False
BACHX,[BAC],,Sin mapear,ARS,1,0.0,0.0,0.0,0.0,,,4.3149,2031-01-28,33.22,False
BACHX,[BAC],,Sin mapear,ARS,2,0.0,0.0,0.0,0.0,,,4.3149,2031-01-28,33.22,False
BACHY,[BAC],,Sin mapear,USD,1,0.0,0.0,0.0,0.0,,,4.3149,2031-01-28,33.22,False
BACHY,[BAC],,Sin mapear,USD,2,0.0,0.0,0.0,0.0,,,4.3149,2031-01-28,33.22,False
BACHZ,[BAC],,Sin mapear,EXT,1,0.0,0.0,0.0,0.0,,,4.3149,2031-01-28,33.22,False
BDCKO,BANCO DE CREDITO Y SECURITIZACION SA,30707227415,,ARS,2,0.0,0.0,0.0,0.0,,,0.1095,2026-11-14,33.22,True
BDCKX,BANCO DE CREDITO Y SECURITIZACION SA,30707227415,,ARS,1,0.0,0.0,0.0,0.0,,,0.1095,2026-11-14,33.22,True
BDCKX,BANCO DE CREDITO Y SECURITIZACION SA,30707227415,,ARS,2,0.0,0.0,0.0,0.0,,,0.1095,2026-11-14,33.22,True
BF38O,Banco BBVA Argentina S.A.,30500003193,Financiero - Bancos,ARS,2,0.0,0.0,0.0,0.0,,,0.1259,2026-11-20,33.22,True
BF38X,Banco BBVA Argentina S.A.,30500003193,Financiero - Bancos,ARS,2,0.0,0.0,0.0,0.0,,,0.1259,2026-11-20,33.22,True
BF39O,Banco BBVA Argentina S.A.,30500003193,Financiero - Bancos,ARS,1,0.0,0.0,0.0,0.0,,,0.167,2026-12-05,33.22,True
BF39O,Banco BBVA Argentina S.A.,30500003193,Financiero - Bancos,ARS,2,0.0,0.0,0.0,0.0,,,0.167,2026-12-05,33.22,True
BF39X,Banco BBVA Argentina S.A.,30500003193,Financiero - Bancos,ARS,2,0.0,0.0,0.0,0.0,,,0.167,2026-12-05,33.22,True
BF39Y,Banco BBVA Argentina S.A.,30500003193,Financiero - Bancos,USD,2,0.0,0.0,0.0,0.0,,,0.167,2026-12-05,33.22,True
BF39Z,Banco BBVA Argentina S.A.,30500003193,Financiero - Bancos,EXT,2,0.0,0.0,0.0,0.0,,,0.167,2026-12-05,33.22,True
BF40D,BANCO BBVA ARGENTINA S.A.,30500003193,,USD,1,0.0,0.0,0.0,0.0,,,0.8925,2027-08-27,33.22,True
BF40D,BANCO BBVA ARGENTINA S.A.,30500003193,,USD,2,0.0,0.0,105.5,0.0,,,0.8925,2027-08-27,33.22,True
BF40O,BANCO BBVA ARGENTINA S.A.,30500003193,,ARS,2,0.0,0.0,0.0,0.0,,,0.8925,2027-08-27,33.22,True
BF41O,BANCO BBVA ARGENTINA S.A.,30500003193,,ARS,2,0.0,0.0,0.0,0.0,,,0.4107,2027-03-04,33.22,True
BF44D,BANCO BBVA ARGENTINA S.A.,30500003193,,USD,1,0.0,0.0,0.0,0.0,,,1.5907,2028-05-08,33.22,True
BF44O,BANCO BBVA ARGENTINA S.A.,30500003193,,ARS,1,0.0,0.0,0.0,0.0,,,1.5907,2028-05-08,33.22,True
BF44X,BANCO BBVA ARGENTINA S.A.,30500003193,,ARS,1,0.0,0.0,0.0,0.0,,,1.5907,2028-05-08,33.22,True
BF44Z,BANCO BBVA ARGENTINA S.A.,30500003193,,EXT,1,0.0,0.0,0.0,0.0,,,1.5907,2028-05-08,33.22,True
BF45D,BANCO BBVA ARGENTINA S.A.,30500003193,,USD,2,0.0,98.2,0.0,0.0,,,0.5886,2027-05-08,33.22,True
BF45O,BANCO BBVA ARGENTINA S.A.,30500003193,,ARS,2,0.0,0.0,0.0,0.0,,,0.5886,2027-05-08,33.22,True
BF45X,BANCO BBVA ARGENTINA S.A.,30500003193,,ARS,1,0.0,0.0,0.0,0.0,,,0.5886,2027-05-08,33.22,True
BF46X,BANCO BBVA ARGENTINA S.A.,30500003193,,ARS,2,0.0,0.0,0.0,0.0,,,0.6242,2027-05-21,33.22,True
BF47X,BANCO BBVA ARGENTINA S.A.,30500003193,,ARS,2,0.0,0.0,0.0,0.0,,,0.679,2027-06-10,33.22,True
BF48C,BANCO BBVA ARGENTINA S.A.,30500003193,,EXT,2,0.0,0.0,99.5,0.0,,,1.3032,2028-01-24,33.22,True
BF48D,BANCO BBVA ARGENTINA S.A.,30500003193,,USD,1,0.0,0.0,102.0,0.0,,,1.3032,2028-01-24,33.22,True
BF48D,BANCO BBVA ARGENTINA S.A.,30500003193,,USD,2,0.0,0.0,102.0,0.0,,,1.3032,2028-01-24,33.22,True
BF48O,BANCO BBVA ARGENTINA S.A.,30500003193,,ARS,2,0.0,0.0,160000.0,0.0,,,1.3032,2028-01-24,33.22,True
BF48X,BANCO BBVA ARGENTINA S.A.,30500003193,,ARS,1,0.0,0.0,0.0,0.0,,,1.3032,2028-01-24,33.22,True
BF48X,BANCO BBVA ARGENTINA S.A.,30500003193,,ARS,2,0.0,0.0,0.0,0.0,,,1.3032,2028-01-24,33.22,True
BF49D,BANCO BBVA ARGENTINA S.A.,30500003193,,USD,1,0.0,0.0,102.0,0.0,,,0.7995,2027-07-24,33.22,True
BF49O,BANCO BBVA ARGENTINA S.A.,30500003193,,ARS,2,0.0,0.0,0.0,0.0,,,0.7995,2027-07-24,33.22,True
BF49X,BANCO BBVA ARGENTINA S.A.,30500003193,,ARS,1,0.0,0.0,0.0,0.0,,,0.7995,2027-07-24,33.22,True
BF49Z,BANCO BBVA ARGENTINA S.A.,30500003193,,EXT,1,0.0,0.0,0.0,0.0,,,0.7995,2027-07-24,33.22,True
BF50D,BANCO BBVA ARGENTINA S.A.,30500003193,,USD,1,0.0,0.0,0.0,0.0,,,1.8015,2028-07-24,33.22,True
BGC4D,[BGC],,Sin mapear,USD,1,0.0,0.0,0.0,0.0,,,0.1068,2026-11-13,33.22,False
BGC4O,[BGC],,Sin mapear,ARS,1,0.0,0.0,158000.0,0.0,,,0.1068,2026-11-13,33.22,False
BGC4O,[BGC],,Sin mapear,ARS,2,0.0,0.0,0.0,0.0,,,0.1068,2026-11-13,33.22,False
BGC4Y,[BGC],,Sin mapear,USD,1,0.0,0.0,0.0,0.0,,,0.1068,2026-11-13,33.22,False
BGC4Y,[BGC],,Sin mapear,USD,2,0.0,0.0,0.0,0.0,,,0.1068,2026-11-13,33.22,False
BGC5D,[BGC],,Sin mapear,USD,1,0.0,0.0,0.0,0.0,,,0.9719,2027-09-25,33.22,False
BGC5O,[BGC],,Sin mapear,ARS,1,0.0,0.0,0.0,0.0,,,0.9719,2027-09-25,33.22,False
BGC5O,[BGC],,Sin mapear,ARS,2,0.0,130000.0,0.0,0.0,,,0.9719,2027-09-25,33.22,False
BGC6D,[BGC],,Sin mapear,USD,1,0.0,0.0,0.0,0.0,,,1.974,2028-09-25,33.22,False
BNCXX,[BNC],,Sin mapear,ARS,1,0.0,0.0,0.0,0.0,,,0.5613,2027-04-28,33.22,False
BNCXX,[BNC],,Sin mapear,ARS,2,0.0,0.0,0.0,0.0,,,0.5613,2027-04-28,33.22,False
BNCYO,[BNC],,Sin mapear,ARS,2,0.0,0.0,100.0,0.0,,,0.7146,2027-06-23,33.22,False
BNCYX,[BNC],,Sin mapear,ARS,2,0.0,0.0,0.0,0.0,,,0.7146,2027-06-23,33.22,False
BO1AP,PROCHEM BIO S.A.,30710218192,,ARS,1,0.0,0.0,0.0,0.0,,,0.3504,2027-02-10,33.22,True
BO1AP,PROCHEM BIO S.A.,30710218192,,ARS,2,0.0,0.0,0.0,0.0,,,0.3504,2027-02-10,33.22,True
BPCTD,Banco Supervielle S.A.,33500005179,Financiero - Bancos,USD,2,0.0,101.0,0.0,0.0,,,0.8898,2027-08-26,33.22,True
BPCTO,Banco Supervielle S.A.,33500005179,Financiero - Bancos,ARS,1,0.0,149000.0,0.0,0.0,,,0.8898,2027-08-26,33.22,True
BPCTO,Banco Supervielle S.A.,33500005179,Financiero - Bancos,ARS,2,0.0,152040.0,0.0,0.0,,,0.8898,2027-08-26,33.22,True
BPCUD,Banco Supervielle S.A.,33500005179,Financiero - Bancos,USD,1,0.0,0.0,0.0,0.0,,,0.1643,2026-12-04,33.22,True
BPCUD,Banco Supervielle S.A.,33500005179,Financiero - Bancos,USD,2,0.0,0.0,0.0,0.0,,,0.1643,2026-12-04,33.22,True
BPCUO,Banco Supervielle S.A.,33500005179,Financiero - Bancos,ARS,1,0.0,0.0,0.0,0.0,,,0.1643,2026-12-04,33.22,True
BPCUO,Banco Supervielle S.A.,33500005179,Financiero - Bancos,ARS,2,0.0,0.0,0.0,0.0,,,0.1643,2026-12-04,33.22,True
BPCUY,Banco Supervielle S.A.,33500005179,Financiero - Bancos,USD,2,0.0,0.0,0.0,0.0,,,0.1643,2026-12-04,33.22,True
BPCVO,Banco Supervielle S.A.,33500005179,Financiero - Bancos,ARS,2,0.0,0.0,157500.0,0.0,,,0.5804,2027-05-05,33.22,True
BPCVY,Banco Supervielle S.A.,33500005179,Financiero - Bancos,USD,1,0.0,0.0,0.0,0.0,,,0.5804,2027-05-05,33.22,True
BPCVY,Banco Supervielle S.A.,33500005179,Financiero - Bancos,USD,2,0.0,0.0,0.0,0.0,,,0.5804,2027-05-05,33.22,True
BPCWD,Banco Supervielle S.A.,33500005179,Financiero - Bancos,USD,1,0.0,0.0,0.0,0.0,,,1.8398,2028-08-07,33.22,True
BPCWO,Banco Supervielle S.A.,33500005179,Financiero - Bancos,ARS,1,0.0,146000.0,0.0,0.0,,,1.8398,2028-08-07,33.22,True
BPCWO,Banco Supervielle S.A.,33500005179,Financiero - Bancos,ARS,2,0.0,147000.0,0.0,0.0,,,1.8398,2028-08-07,33.22,True
BPCWY,Banco Supervielle S.A.,33500005179,Financiero - Bancos,USD,2,0.0,0.0,0.0,0.0,,,1.8398,2028-08-07,33.22,True
BPCXD,Banco Supervielle S.A.,33500005179,Financiero - Bancos,USD,1,0.0,0.0,0.0,0.0,,,0.8378,2027-08-07,33.22,True
BPCXD,Banco Supervielle S.A.,33500005179,Financiero - Bancos,USD,2,0.0,0.0,0.0,0.0,,,0.8378,2027-08-07,33.22,True
BVCPD,Banco de Servicios y Transacciones S.A.,30704960995,Financiero - Bancos,USD,1,0.0,0.0,0.0,0.0,,,0.0438,2026-10-21,33.22,True
BVCPO,Banco de Servicios y Transacciones S.A.,30704960995,Financiero - Bancos,ARS,2,0.0,0.0,0.0,0.0,,,0.0438,2026-10-21,33.22,True
BVCRC,Banco de Servicios y Transacciones S.A.,30704960995,Financiero - Bancos,EXT,1,0.0,92.0,0.0,0.0,,,0.2793,2027-01-15,33.22,True
BVCRC,Banco de Servicios y Transacciones S.A.,30704960995,Financiero - Bancos,EXT,2,0.0,92.0,0.0,0.0,,,0.2793,2027-01-15,33.22,True
BVCRX,Banco de Servicios y Transacciones S.A.,30704960995,Financiero - Bancos,ARS,1,0.0,0.0,0.0,0.0,,,0.2793,2027-01-15,33.22,True
BVCTO,Banco de Servicios y Transacciones S.A.,30704960995,Financiero - Bancos,ARS,1,0.0,0.0,0.0,0.0,,,0.2793,2027-01-15,33.22,True
BVCTO,Banco de Servicios y Transacciones S.A.,30704960995,Financiero - Bancos,ARS,2,0.0,0.0,0.0,0.0,,,0.2793,2027-01-15,33.22,True
BVCTX,Banco de Servicios y Transacciones S.A.,30704960995,Financiero - Bancos,ARS,2,0.0,0.0,0.0,0.0,,,0.2793,2027-01-15,33.22,True
BVCXD,Banco de Servicios y Transacciones S.A.,30704960995,Financiero - Bancos,USD,2,0.0,100.0,0.0,0.0,,,0.9774,2027-09-27,33.22,True
BY34D,[BY3],,Sin mapear,USD,1,0.0,0.0,0.0,0.0,,,1.9055,2028-08-31,33.22,False
BY34O,[BY3],,Sin mapear,ARS,1,0.0,0.0,0.0,0.0,,,1.9055,2028-08-31,33.22,False
BY34O,[BY3],,Sin mapear,ARS,2,0.0,0.0,0.0,0.0,,,1.9055,2028-08-31,33.22,False
BYCHC,Banco de Galicia y Buenos Aires S.A.,30500001735,Financiero - Bancos,EXT,1,0.0,0.0,0.0,0.0,,,2.0151,2028-10-10,33.22,True
BYCHC,Banco de Galicia y Buenos Aires S.A.,30500001735,Financiero - Bancos,EXT,2,0.0,0.0,105.5,0.0,,,2.0151,2028-10-10,33.22,True
BYCHO,Banco de Galicia y Buenos Aires S.A.,30500001735,Financiero - Bancos,ARS,1,0.0,0.0,0.0,0.0,,,2.0151,2028-10-10,33.22,True
BYCHX,Banco de Galicia y Buenos Aires S.A.,30500001735,Financiero - Bancos,ARS,1,0.0,0.0,0.0,0.0,,,2.0151,2028-10-10,33.22,True
BYCHX,Banco de Galicia y Buenos Aires S.A.,30500001735,Financiero - Bancos,ARS,2,0.0,0.0,0.0,0.0,,,2.0151,2028-10-10,33.22,True
BYCHY,Banco de Galicia y Buenos Aires S.A.,30500001735,Financiero - Bancos,USD,1,0.0,0.0,0.0,0.0,,,2.0151,2028-10-10,33.22,True
BYCHY,Banco de Galicia y Buenos Aires S.A.,30500001735,Financiero - Bancos,USD,2,0.0,0.0,0.0,0.0,,,2.0151,2028-10-10,33.22,True
BYCHZ,Banco de Galicia y Buenos Aires S.A.,30500001735,Financiero - Bancos,EXT,1,0.0,0.0,0.0,0.0,,,2.0151,2028-10-10,33.22,True
BYCHZ,Banco de Galicia y Buenos Aires S.A.,30500001735,Financiero - Bancos,EXT,2,0.0,0.0,0.0,0.0,,,2.0151,2028-10-10,33.22,True
BYCWO,Banco de Galicia y Buenos Aires S.A.,30500001735,Financiero - Bancos,ARS,1,0.0,0.0,0.0,0.0,,,0.1533,2026-11-30,33.22,True
BYCWO,Banco de Galicia y Buenos Aires S.A.,30500001735,Financiero - Bancos,ARS,2,0.0,0.0,0.0,0.0,,,0.1533,2026-11-30,33.22,True
BYCWX,Banco de Galicia y Buenos Aires S.A.,30500001735,Financiero - Bancos,ARS,1,0.0,0.0,0.0,0.0,,,0.1533,2026-11-30,33.22,True
BYCWY,Banco de Galicia y Buenos Aires S.A.,30500001735,Financiero - Bancos,USD,1,0.0,0.0,0.0,0.0,,,0.1533,2026-11-30,33.22,True
BYCWY,Banco de Galicia y Buenos Aires S.A.,30500001735,Financiero - Bancos,USD,2,0.0,0.0,0.0,0.0,,,0.1533,2026-11-30,33.22,True
BYCWZ,Banco de Galicia y Buenos Aires S.A.,30500001735,Financiero - Bancos,EXT,1,0.0,0.0,0.0,0.0,,,0.1533,2026-11-30,33.22,True
BYCXD,Banco de Galicia y Buenos Aires S.A.,30500001735,Financiero - Bancos,USD,1,0.0,0.0,0.0,0.0,,,0.2355,2026-12-30,33.22,True
BYCXO,Banco de Galicia y Buenos Aires S.A.,30500001735,Financiero - Bancos,ARS,1,0.0,0.0,0.0,0.0,,,0.2355,2026-12-30,33.22,True
BYCXO,Banco de Galicia y Buenos Aires S.A.,30500001735,Financiero - Bancos,ARS,2,0.0,0.0,0.0,0.0,,,0.2355,2026-12-30,33.22,True
BYCXX,Banco de Galicia y Buenos Aires S.A.,30500001735,Financiero - Bancos,ARS,1,0.0,0.0,0.0,0.0,,,0.2355,2026-12-30,33.22,True
BYY1O,[BYY],,Sin mapear,ARS,2,0.0,0.0,0.0,0.0,,,0.6653,2027-06-05,33.22,False
BYY1X,[BYY],,Sin mapear,ARS,2,0.0,0.0,0.0,0.0,,,0.6653,2027-06-05,33.22,False
BYY2D,[BYY],,Sin mapear,USD,1,0.0,0.0,0.0,0.0,,,1.6674,2028-06-05,33.22,False
BYY2D,[BYY],,Sin mapear,USD,2,0.0,0.0,0.0,0.0,,,1.6674,2028-06-05,33.22,False
BYY2O,[BYY],,Sin mapear,ARS,2,0.0,0.0,0.0,0.0,,,1.6674,2028-06-05,33.22,False
BYY3C,[BYY],,Sin mapear,EXT,2,0.0,0.0,100.5,0.0,,,1.1663,2027-12-05,33.22,False
BYY3D,[BYY],,Sin mapear,USD,2,0.0,0.0,101.0,0.0,,,1.1663,2027-12-05,33.22,False
BYY3O,[BYY],,Sin mapear,ARS,1,0.0,0.0,0.0,0.0,,,1.1663,2027-12-05,33.22,False
BYY3O,[BYY],,Sin mapear,ARS,2,0.0,0.0,0.0,0.0,,,1.1663,2027-12-05,33.22,False
BYY3X,[BYY],,Sin mapear,ARS,1,0.0,0.0,0.0,0.0,,,1.1663,2027-12-05,33.22,False
BYY3Y,[BYY],,Sin mapear,USD,1,0.0,0.0,0.0,0.0,,,1.1663,2027-12-05,33.22,False
BYZ1D,[BYZ],,Sin mapear,USD,1,0.0,0.0,100.9,0.0,,,0.8159,2027-07-30,33.22,False
BYZ1O,[BYZ],,Sin mapear,ARS,1,0.0,0.0,0.0,0.0,,,0.8159,2027-07-30,33.22,False
BYZ1O,[BYZ],,Sin mapear,ARS,2,0.0,150060.0,0.0,0.0,,,0.8159,2027-07-30,33.22,False
BYZ1Z,[BYZ],,Sin mapear,EXT,1,0.0,0.0,0.0,0.0,,,0.8159,2027-07-30,33.22,False
BYZ2Y,[BYZ],,Sin mapear,USD,1,0.0,0.0,0.0,0.0,,,2.8172,2029-07-30,33.22,False
CAC4O,Capex S.A.,30629827060,Energía - Electricidad,ARS,2,0.0,70600.0,0.0,0.0,,,0.397,2027-02-27,33.22,True
CAC4X,Capex S.A.,30629827060,Energía - Electricidad,ARS,2,0.0,0.0,0.0,0.0,,,0.397,2027-02-27,33.22,True
CAC5C,Capex S.A.,30629827060,Energía - Electricidad,EXT,1,0.0,0.0,0.0,0.0,,,1.8891,2028-08-25,33.22,True
CAC5X,Capex S.A.,30629827060,Energía - Electricidad,ARS,1,0.0,0.0,0.0,0.0,,,1.8891,2028-08-25,33.22,True
CAC5X,Capex S.A.,30629827060,Energía - Electricidad,ARS,2,0.0,0.0,0.0,0.0,,,1.8891,2028-08-25,33.22,True
CAC5Y,Capex S.A.,30629827060,Energía - Electricidad,USD,1,0.0,0.0,0.0,0.0,,,1.8891,2028-08-25,33.22,True
CAC5Z,Capex S.A.,30629827060,Energía - Electricidad,EXT,1,0.0,0.0,0.0,0.0,,,1.8891,2028-08-25,33.22,True
CAC7O,Capex S.A.,30629827060,Energía - Electricidad,ARS,1,0.0,0.0,0.0,0.0,,,0.9227,2027-09-07,33.22,True
CAC7O,Capex S.A.,30629827060,Energía - Electricidad,ARS,2,0.0,100000.0,0.0,0.0,,,0.9227,2027-09-07,33.22,True
CAC7X,Capex S.A.,30629827060,Energía - Electricidad,ARS,1,0.0,0.0,0.0,0.0,,,0.9227,2027-09-07,33.22,True
CAC7X,Capex S.A.,30629827060,Energía - Electricidad,ARS,2,0.0,0.0,0.0,0.0,,,0.9227,2027-09-07,33.22,True
CAC7Z,Capex S.A.,30629827060,Energía - Electricidad,EXT,1,0.0,0.0,0.0,0.0,,,0.9227,2027-09-07,33.22,True
CAC7Z,Capex S.A.,30629827060,Energía - Electricidad,EXT,2,0.0,0.0,0.0,0.0,,,0.9227,2027-09-07,33.22,True
CACAO,CAPEX S.A.,30629827060,,ARS,1,0.0,0.0,0.0,0.0,,,0.7474,2027-07-05,33.22,True
CACAO,CAPEX S.A.,30629827060,,ARS,2,0.0,100000.0,0.0,0.0,,,0.7474,2027-07-05,33.22,True
CACAX,CAPEX S.A.,30629827060,,ARS,2,0.0,0.0,0.0,0.0,,,0.7474,2027-07-05,33.22,True
CACAY,CAPEX S.A.,30629827060,,USD,1,0.0,0.0,0.0,0.0,,,0.7474,2027-07-05,33.22,True
CACBC,Capex S.A.,30629827060,Energía - Electricidad,EXT,2,0.0,0.0,0.0,0.0,,,1.7002,2028-06-17,33.22,True
CACBO,Capex S.A.,30629827060,Energía - Electricidad,ARS,1,0.0,145530.0,0.0,0.0,,,1.7002,2028-06-17,33.22,True
CACBY,Capex S.A.,30629827060,Energía - Electricidad,USD,1,0.0,0.0,0.0,0.0,,,1.7002,2028-06-17,33.22,True
CACBY,Capex S.A.,30629827060,Energía - Electricidad,USD,2,0.0,0.0,0.0,0.0,,,1.7002,2028-06-17,33.22,True
CACDC,Capex S.A.,30629827060,Energía - Electricidad,EXT,2,0.0,0.0,0.0,0.0,,,2.6639,2029-06-04,33.22,True
CACDO,Capex S.A.,30629827060,Energía - Electricidad,ARS,1,0.0,159380.0,0.0,0.0,,,2.6639,2029-06-04,33.22,True
CACDO,Capex S.A.,30629827060,Energía - Electricidad,ARS,2,0.0,156300.0,0.0,0.0,,,2.6639,2029-06-04,33.22,True
CACDX,Capex S.A.,30629827060,Energía - Electricidad,ARS,1,0.0,0.0,0.0,0.0,,,2.6639,2029-06-04,33.22,True
CACDX,Capex S.A.,30629827060,Energía - Electricidad,ARS,2,0.0,0.0,0.0,0.0,,,2.6639,2029-06-04,33.22,True
CACDY,Capex S.A.,30629827060,Energía - Electricidad,USD,2,0.0,0.0,0.0,0.0,,,2.6639,2029-06-04,33.22,True
CFS9O,CFN S.A.,30641056177,,ARS,2,0.0,81.2,0.0,0.0,,,0.1862,2026-12-12,33.22,True
CIC7D,CNH INDUSTRIAL CAPITAL ARGENTINA S.A.,30714322938,,USD,1,0.0,0.0,0.0,0.0,,,0.104,2026-11-12,33.22,True
CIC7O,CNH INDUSTRIAL CAPITAL ARGENTINA S.A.,30714322938,,ARS,1,0.0,153500.0,0.0,0.0,,,0.104,2026-11-12,33.22,True
CIC8C,CNH INDUSTRIAL CAPITAL ARGENTINA S.A.,30714322938,,EXT,2,0.0,0.0,0.0,0.0,,,2.1054,2028-11-12,33.22,True
CIC8O,CNH INDUSTRIAL CAPITAL ARGENTINA S.A.,30714322938,,ARS,1,0.0,152460.0,0.0,0.0,,,2.1054,2028-11-12,33.22,True
CIC9D,CNH INDUSTRIAL CAPITAL ARGENTINA S.A.,30714322938,,USD,1,0.0,100.0,0.0,0.0,,,0.6242,2027-05-21,33.22,True
CIC9O,CNH INDUSTRIAL CAPITAL ARGENTINA S.A.,30714322938,,ARS,1,0.0,154000.0,0.0,0.0,,,0.6242,2027-05-21,33.22,True
CICAC,CNH INDUSTRIAL CAPITAL ARGENTINA S.A.,30714322938,,EXT,2,0.0,0.0,102.0,0.0,,,1.6619,2028-06-03,33.22,True
CICBC,CNH INDUSTRIAL CAPITAL ARGENTINA S.A.,30714322938,,EXT,2,0.0,0.0,0.0,0.0,,,2.3491,2029-02-09,33.22,True
CICBO,CNH INDUSTRIAL CAPITAL ARGENTINA S.A.,30714322938,,ARS,1,0.0,153000.0,0.0,0.0,,,2.3491,2029-02-09,33.22,True
CLI1C,[CLI],,Sin mapear,EXT,2,0.0,0.0,0.0,0.0,,,8.1807,2034-12-10,33.22,False
CLI1D,[CLI],,Sin mapear,USD,1,0.0,26.0,0.0,0.0,,,8.1807,2034-12-10,33.22,False
CLI1O,[CLI],,Sin mapear,ARS,1,0.0,0.0,0.0,0.0,,,8.1807,2034-12-10,33.22,False
CLSIC,[CLS],,Sin mapear,EXT,1,0.0,0.0,47.99,0.0,,,0.8049,2027-07-26,33.22,False
CLSIC,[CLS],,Sin mapear,EXT,2,0.0,0.0,47.46,0.0,,,0.8049,2027-07-26,33.22,False
CLSIX,[CLS],,Sin mapear,ARS,1,0.0,0.0,0.0,0.0,,,0.8049,2027-07-26,33.22,False
CLSIX,[CLS],,Sin mapear,ARS,2,0.0,0.0,0.0,0.0,,,0.8049,2027-07-26,33.22,False
CLSIY,[CLS],,Sin mapear,USD,1,0.0,0.0,0.0,0.0,,,0.8049,2027-07-26,33.22,False
CLSIY,[CLS],,Sin mapear,USD,2,0.0,0.0,0.0,0.0,,,0.8049,2027-07-26,33.22,False
CLSIZ,[CLS],,Sin mapear,EXT,1,0.0,0.0,0.0,0.0,,,0.8049,2027-07-26,33.22,False
COC4O,[COC],,Sin mapear,ARS,1,0.0,0.0,0.0,0.0,,,2.8474,2029-08-10,33.22,False
COC4O,[COC],,Sin mapear,ARS,2,0.0,152000.0,0.0,0.0,,,2.8474,2029-08-10,33.22,False
COC5O,[COC],,Sin mapear,ARS,1,0.0,0.0,0.0,0.0,,,1.848,2028-08-10,33.22,False
CP27X,CIA GENERAL DE COMBUSTIBLES S.A.,30506733932,,ARS,2,0.0,0.0,0.0,0.0,,,2.6721,2029-06-07,33.22,True
CP36C,Cía. General de Combustibles S.A.,30506733932,Energía - Gas,EXT,2,0.0,0.0,0.0,0.0,,,1.013,2027-10-10,33.22,True
CP36X,Cía. General de Combustibles S.A.,30506733932,Energía - Gas,ARS,2,0.0,0.0,0.0,0.0,,,1.013,2027-10-10,33.22,True
CP37C,Cía. General de Combustibles S.A.,30506733932,Energía - Gas,EXT,2,0.0,0.0,0.0,0.0,,,0.4271,2027-03-10,33.22,True
CP38C,Cía. General de Combustibles S.A.,30506733932,Energía - Gas,EXT,1,0.0,0.0,0.0,0.0,,,4.1478,2030-11-28,33.22,True
CP38X,Cía. General de Combustibles S.A.,30506733932,Energía - Gas,ARS,1,0.0,0.0,0.0,0.0,,,4.1478,2030-11-28,33.22,True
CP38X,Cía. General de Combustibles S.A.,30506733932,Energía - Gas,ARS,2,0.0,0.0,0.0,0.0,,,4.1478,2030-11-28,33.22,True
CP39D,Cía. General de Combustibles S.A.,30506733932,Energía - Gas,USD,2,0.0,0.0,0.0,0.0,,,0.4791,2027-03-29,33.22,True
CP39O,Cía. General de Combustibles S.A.,30506733932,Energía - Gas,ARS,1,0.0,151550.0,0.0,0.0,,,0.4791,2027-03-29,33.22,True
CP39O,Cía. General de Combustibles S.A.,30506733932,Energía - Gas,ARS,2,0.0,100000.0,0.0,0.0,,,0.4791,2027-03-29,33.22,True
CP39X,Cía. General de Combustibles S.A.,30506733932,Energía - Gas,ARS,2,0.0,0.0,0.0,0.0,,,0.4791,2027-03-29,33.22,True
CP40C,CIA GENERAL DE COMBUSTIBLES S.A.,30506733932,,EXT,1,0.0,0.0,0.0,0.0,,,1.4264,2028-03-09,33.22,True
CP40X,CIA GENERAL DE COMBUSTIBLES S.A.,30506733932,,ARS,2,0.0,0.0,0.0,0.0,,,1.4264,2028-03-09,33.22,True
CP40Y,CIA GENERAL DE COMBUSTIBLES S.A.,30506733932,,USD,1,0.0,0.0,0.0,0.0,,,1.4264,2028-03-09,33.22,True
CP40Y,CIA GENERAL DE COMBUSTIBLES S.A.,30506733932,,USD,2,0.0,0.0,0.0,0.0,,,1.4264,2028-03-09,33.22,True
CRCJO,[CRC],,Sin mapear,ARS,1,0.0,0.0,62820.0,0.0,,,1.6126,2028-05-16,33.22,False
CS40O,Cresud S.A.C.I.F. y A.,30509300700,Agro - Real Estate,ARS,2,0.0,6068.0,0.0,0.0,,,0.2108,2026-12-21,33.22,True
CS40X,Cresud S.A.C.I.F. y A.,30509300700,Agro - Real Estate,ARS,1,0.0,0.0,0.0,0.0,,,0.2108,2026-12-21,33.22,True
CS40X,Cresud S.A.C.I.F. y A.,30509300700,Agro - Real Estate,ARS,2,0.0,0.0,0.0,0.0,,,0.2108,2026-12-21,33.22,True
CS40Z,Cresud S.A.C.I.F. y A.,30509300700,Agro - Real Estate,EXT,1,0.0,0.0,0.0,0.0,,,0.2108,2026-12-21,33.22,True
CS46C,Cresud S.A.C.I.F. y A.,30509300700,Agro - Real Estate,EXT,1,0.0,0.0,0.0,0.0,,,0.783,2027-07-18,33.22,True
CS46D,Cresud S.A.C.I.F. y A.,30509300700,Agro - Real Estate,USD,1,0.0,0.0,0.0,0.0,,,0.783,2027-07-18,33.22,True
CS46O,Cresud S.A.C.I.F. y A.,30509300700,Agro - Real Estate,ARS,1,0.0,0.0,0.0,0.0,,,0.783,2027-07-18,33.22,True
CS46O,Cresud S.A.C.I.F. y A.,30509300700,Agro - Real Estate,ARS,2,0.0,112010.0,0.0,0.0,,,0.783,2027-07-18,33.22,True
CS46X,Cresud S.A.C.I.F. y A.,30509300700,Agro - Real Estate,ARS,2,0.0,0.0,0.0,0.0,,,0.783,2027-07-18,33.22,True
CS47C,Cresud S.A.C.I.F. y A.,30509300700,Agro - Real Estate,EXT,1,0.0,0.0,0.0,0.0,,,2.1136,2028-11-15,33.22,True
CS47C,Cresud S.A.C.I.F. y A.,30509300700,Agro - Real Estate,EXT,2,0.0,0.0,0.0,0.0,,,2.1136,2028-11-15,33.22,True
CS47X,Cresud S.A.C.I.F. y A.,30509300700,Agro - Real Estate,ARS,2,0.0,0.0,0.0,0.0,,,2.1136,2028-11-15,33.22,True
CS47Y,Cresud S.A.C.I.F. y A.,30509300700,Agro - Real Estate,USD,1,0.0,0.0,0.0,0.0,,,2.1136,2028-11-15,33.22,True
CS47Y,Cresud S.A.C.I.F. y A.,30509300700,Agro - Real Estate,USD,2,0.0,0.0,0.0,0.0,,,2.1136,2028-11-15,33.22,True
CS48C,Cresud S.A.C.I.F. y A.,30509300700,Agro - Real Estate,EXT,1,0.0,0.0,0.0,0.0,,,1.7659,2028-07-11,33.22,True
CS48C,Cresud S.A.C.I.F. y A.,30509300700,Agro - Real Estate,EXT,2,0.0,0.0,0.0,0.0,,,1.7659,2028-07-11,33.22,True
CS48Y,Cresud S.A.C.I.F. y A.,30509300700,Agro - Real Estate,USD,2,0.0,0.0,0.0,0.0,,,1.7659,2028-07-11,33.22,True
CS50C,Cresud S.A.C.I.F. y A.,30509300700,Agro - Real Estate,EXT,1,0.0,0.0,0.0,0.0,,,2.4285,2029-03-10,33.22,True
CS50C,Cresud S.A.C.I.F. y A.,30509300700,Agro - Real Estate,EXT,2,0.0,0.0,0.0,0.0,,,2.4285,2029-03-10,33.22,True
CS50X,Cresud S.A.C.I.F. y A.,30509300700,Agro - Real Estate,ARS,2,0.0,0.0,0.0,0.0,,,2.4285,2029-03-10,33.22,True
CS51O,Cresud S.A.C.I.F. y A.,30509300700,Agro - Real Estate,ARS,1,0.0,155280.0,0.0,0.0,,,0.293,2027-01-20,33.22,True
CS51X,Cresud S.A.C.I.F. y A.,30509300700,Agro - Real Estate,ARS,1,0.0,0.0,0.0,0.0,,,0.293,2027-01-20,33.22,True
CS51X,Cresud S.A.C.I.F. y A.,30509300700,Agro - Real Estate,ARS,2,0.0,0.0,0.0,0.0,,,0.293,2027-01-20,33.22,True
CS51Y,Cresud S.A.C.I.F. y A.,30509300700,Agro - Real Estate,USD,2,0.0,0.0,0.0,0.0,,,0.293,2027-01-20,33.22,True
CS52D,Cresud S.A.C.I.F. y A.,30509300700,Agro - Real Estate,USD,1,0.0,0.0,0.0,0.0,,,1.5688,2028-04-30,33.22,True
CS52O,Cresud S.A.C.I.F. y A.,30509300700,Agro - Real Estate,ARS,1,0.0,0.0,0.0,0.0,,,1.5688,2028-04-30,33.22,True
CS52X,Cresud S.A.C.I.F. y A.,30509300700,Agro - Real Estate,ARS,1,0.0,0.0,0.0,0.0,,,1.5688,2028-04-30,33.22,True
CS52Z,Cresud S.A.C.I.F. y A.,30509300700,Agro - Real Estate,EXT,1,0.0,0.0,0.0,0.0,,,1.5688,2028-04-30,33.22,True
CS53C,Cresud S.A.C.I.F. y A.,30509300700,Agro - Real Estate,EXT,2,0.0,0.0,0.0,0.0,,,3.5674,2030-04-30,33.22,True
CS53X,Cresud S.A.C.I.F. y A.,30509300700,Agro - Real Estate,ARS,1,0.0,0.0,0.0,0.0,,,3.5674,2030-04-30,33.22,True
CVS3V,[CVS],,Sin mapear,ARS,1,0.0,0.0,0.0,0.0,,,0.2026,2026-12-18,33.22,False
CVS4V,[CVS],,Sin mapear,ARS,1,0.0,0.0,0.0,0.0,,,0.4545,2027-03-20,33.22,False
CVS5V,[CVS],,Sin mapear,ARS,1,0.0,0.0,0.0,0.0,,,0.9692,2027-09-24,33.22,False
CWC6D,CROWN POINT ENERGIA S.A.,30709346268,,USD,1,0.0,0.0,0.0,0.0,,,1.0678,2027-10-30,33.22,True
CWC6O,CROWN POINT ENERGIA S.A.,30709346268,,ARS,1,0.0,0.0,0.0,0.0,,,1.0678,2027-10-30,33.22,True
CWC6O,CROWN POINT ENERGIA S.A.,30709346268,,ARS,2,0.0,140240.0,0.0,0.0,,,1.0678,2027-10-30,33.22,True
CWCAD,CROWN POINT ENERGIA S.A.,30709346268,,USD,1,0.0,96.86,0.0,0.0,,,2.9131,2029-09-03,33.22,True
CY2BD,[CY2],,Sin mapear,USD,2,0.0,0.0,0.0,0.0,,,0.6188,2027-05-19,33.22,False
CY2BP,[CY2],,Sin mapear,ARS,2,0.0,0.0,0.0,0.0,,,0.6188,2027-05-19,33.22,False
DEC2C,Empresa Distrib. de Electricidad Salta S.A.,30690633635,Energía - Electricidad,EXT,1,0.0,0.0,0.0,0.0,,,0.3888,2027-02-24,33.22,True
DEC2X,Empresa Distrib. de Electricidad Salta S.A.,30690633635,Energía - Electricidad,ARS,2,0.0,0.0,0.0,0.0,,,0.3888,2027-02-24,33.22,True
DEC2Y,Empresa Distrib. de Electricidad Salta S.A.,30690633635,Energía - Electricidad,USD,1,0.0,0.0,0.0,0.0,,,0.3888,2027-02-24,33.22,True
DEC2Y,Empresa Distrib. de Electricidad Salta S.A.,30690633635,Energía - Electricidad,USD,2,0.0,0.0,0.0,0.0,,,0.3888,2027-02-24,33.22,True
DEC3X,Empresa Distrib. de Electricidad Salta S.A.,30690633635,Energía - Electricidad,ARS,2,0.0,0.0,0.0,0.0,,,0.742,2027-07-03,33.22,True
DEC4D,Empresa Distrib. de Electricidad Salta S.A.,30690633635,Energía - Electricidad,USD,1,0.0,0.0,103.9,0.0,,,1.744,2028-07-03,33.22,True
DEC4O,Empresa Distrib. de Electricidad Salta S.A.,30690633635,Energía - Electricidad,ARS,1,0.0,0.0,0.0,0.0,,,1.744,2028-07-03,33.22,True
DHSIO,Credicuotas Consumo S.A.,30710911580,Financiero - Crédito Consumo,ARS,1,0.0,0.0,0.0,0.0,,,0.1259,2026-11-20,33.22,True
DHSIO,Credicuotas Consumo S.A.,30710911580,Financiero - Crédito Consumo,ARS,2,0.0,0.0,0.0,0.0,,,0.1259,2026-11-20,33.22,True
DHSIX,Credicuotas Consumo S.A.,30710911580,Financiero - Crédito Consumo,ARS,1,0.0,0.0,0.0,0.0,,,0.1259,2026-11-20,33.22,True
DHSLO,Credicuotas Consumo S.A.,30710911580,Financiero - Crédito Consumo,ARS,1,0.0,0.0,0.0,0.0,,,0.6434,2027-05-28,33.22,True
DHSLO,Credicuotas Consumo S.A.,30710911580,Financiero - Crédito Consumo,ARS,2,0.0,0.0,0.0,0.0,,,0.6434,2027-05-28,33.22,True
DHSMO,Credicuotas Consumo S.A.,30710911580,Financiero - Crédito Consumo,ARS,2,0.0,0.0,0.0,0.0,,,0.6434,2027-05-28,33.22,True
DHSOD,Credicuotas Consumo S.A.,30710911580,Financiero - Crédito Consumo,USD,2,0.0,0.0,0.0,0.0,,,0.8679,2027-08-18,33.22,True
DHSOO,Credicuotas Consumo S.A.,30710911580,Financiero - Crédito Consumo,ARS,1,0.0,0.0,0.0,0.0,,,0.8679,2027-08-18,33.22,True
DHSOO,Credicuotas Consumo S.A.,30710911580,Financiero - Crédito Consumo,ARS,2,0.0,0.0,0.0,0.0,,,0.8679,2027-08-18,33.22,True
DKC1D,[DKC],,Sin mapear,USD,1,0.0,0.0,0.0,0.0,,,1.9822,2028-09-28,33.22,False
DNC3C,EDENOR S.A.,30655116202,,EXT,1,0.0,0.0,121.05,0.0,,,0.1314,2026-11-22,33.22,True
DNC3Y,EDENOR S.A.,30655116202,,USD,1,0.0,0.0,0.0,0.0,,,0.1314,2026-11-22,33.22,True
DNC3Y,EDENOR S.A.,30655116202,,USD,2,0.0,0.0,0.0,0.0,,,0.1314,2026-11-22,33.22,True
DNC5C,EDENOR S.A.,30655116202,,EXT,1,0.0,0.0,0.0,0.0,,,1.8344,2028-08-05,33.22,True
DNC5X,EDENOR S.A.,30655116202,,ARS,1,0.0,0.0,0.0,0.0,,,1.8344,2028-08-05,33.22,True
DNC5X,EDENOR S.A.,30655116202,,ARS,2,0.0,0.0,0.0,0.0,,,1.8344,2028-08-05,33.22,True
DNC5Y,EDENOR S.A.,30655116202,,USD,1,0.0,0.0,0.0,0.0,,,1.8344,2028-08-05,33.22,True
DNC7C,EDENOR S.A.,30655116202,,EXT,1,0.0,0.0,107.95,0.0,,,4.052,2030-10-24,33.22,True
DNC7X,EDENOR S.A.,30655116202,,ARS,1,0.0,0.0,0.0,0.0,,,4.052,2030-10-24,33.22,True
DNC7X,EDENOR S.A.,30655116202,,ARS,2,0.0,0.0,0.0,0.0,,,4.052,2030-10-24,33.22,True
DNC7Y,EDENOR S.A.,30655116202,,USD,1,0.0,0.0,0.0,0.0,,,4.052,2030-10-24,33.22,True
DNC7Y,EDENOR S.A.,30655116202,,USD,2,0.0,0.0,0.0,0.0,,,4.052,2030-10-24,33.22,True
DNC7Z,EDENOR S.A.,30655116202,,EXT,1,0.0,0.0,0.0,0.0,,,4.052,2030-10-24,33.22,True
DNC7Z,EDENOR S.A.,30655116202,,EXT,2,0.0,0.0,0.0,0.0,,,4.052,2030-10-24,33.22,True
DNCAC,EDENOR S.A.,30655116202,,EXT,1,0.0,0.0,105.0,0.0,,,6.5626,2033-04-28,33.22,True
DNCAX,EDENOR S.A.,30655116202,,ARS,1,0.0,0.0,0.0,0.0,,,6.5626,2033-04-28,33.22,True
DNCAX,EDENOR S.A.,30655116202,,ARS,2,0.0,0.0,0.0,0.0,,,6.5626,2033-04-28,33.22,True
DNCAY,EDENOR S.A.,30655116202,,USD,2,0.0,0.0,0.0,0.0,,,6.5626,2033-04-28,33.22,True
DNCAZ,EDENOR S.A.,30655116202,,EXT,1,0.0,0.0,0.0,0.0,,,6.5626,2033-04-28,33.22,True
DNCAZ,EDENOR S.A.,30655116202,,EXT,2,0.0,0.0,0.0,0.0,,,6.5626,2033-04-28,33.22,True
DNCBC,EDENOR S.A.,30655116202,,EXT,1,0.0,0.0,0.0,0.0,,,2.7433,2029-07-03,33.22,True
DNCBX,EDENOR S.A.,30655116202,,ARS,1,0.0,0.0,0.0,0.0,,,2.7433,2029-07-03,33.22,True
DNCBX,EDENOR S.A.,30655116202,,ARS,2,0.0,0.0,0.0,0.0,,,2.7433,2029-07-03,33.22,True
DNCBY,EDENOR S.A.,30655116202,,USD,1,0.0,0.0,0.0,0.0,,,2.7433,2029-07-03,33.22,True
DNCBY,EDENOR S.A.,30655116202,,USD,2,0.0,0.0,0.0,0.0,,,2.7433,2029-07-03,33.22,True
DQS1D,[DQS],,Sin mapear,USD,2,0.0,0.0,0.0,0.0,,,0.8925,2027-08-27,33.22,False
DQS1L,[DQS],,Sin mapear,ARS,1,0.0,0.0,0.0,0.0,,,0.8925,2027-08-27,33.22,False
DQS1L,[DQS],,Sin mapear,ARS,2,0.0,0.0,0.0,0.0,,,0.8925,2027-08-27,33.22,False
EAC1C,MSU GREEN ENERGY S.A.U.,30714155128,,EXT,1,0.0,0.0,0.0,0.0,,,0.0192,2026-10-12,33.22,True
EAC1D,MSU GREEN ENERGY S.A.U.,30714155128,,USD,1,0.0,0.0,0.0,0.0,,,0.0192,2026-10-12,33.22,True
EAC1D,MSU GREEN ENERGY S.A.U.,30714155128,,USD,2,0.0,0.0,105.0,0.0,,,0.0192,2026-10-12,33.22,True
EAC1O,MSU GREEN ENERGY S.A.U.,30714155128,,ARS,1,0.0,0.0,0.0,0.0,,,0.0192,2026-10-12,33.22,True
EAC1X,MSU GREEN ENERGY S.A.U.,30714155128,,ARS,1,0.0,0.0,0.0,0.0,,,0.0192,2026-10-12,33.22,True
EAC2D,MSU GREEN ENERGY S.A.U.,30714155128,,USD,2,0.0,0.0,100.0,0.0,,,7.0198,2033-10-12,33.22,True
EAC2O,MSU GREEN ENERGY S.A.U.,30714155128,,ARS,2,0.0,72070.0,0.0,0.0,,,7.0198,2033-10-12,33.22,True
EAC3D,MSU GREEN ENERGY S.A.U.,30714155128,,USD,1,0.0,101.0,0.0,0.0,,,2.2094,2028-12-20,33.22,True
EAC3X,MSU GREEN ENERGY S.A.U.,30714155128,,ARS,1,0.0,0.0,0.0,0.0,,,2.2094,2028-12-20,33.22,True
EAC3Y,MSU GREEN ENERGY S.A.U.,30714155128,,USD,1,0.0,0.0,0.0,0.0,,,2.2094,2028-12-20,33.22,True
EAC3Y,MSU GREEN ENERGY S.A.U.,30714155128,,USD,2,0.0,0.0,0.0,0.0,,,2.2094,2028-12-20,33.22,True
EAC3Z,MSU GREEN ENERGY S.A.U.,30714155128,,EXT,1,0.0,0.0,0.0,0.0,,,2.2094,2028-12-20,33.22,True
EAC4C,MSU GREEN ENERGY S.A.U.,30714155128,,EXT,1,0.0,96.5,0.0,0.0,,,9.6975,2036-06-16,33.22,True
EBS1L,[EBS],,Sin mapear,ARS,2,0.0,0.0,0.0,0.0,,,1.5222,2028-04-13,33.22,False
EMC1C,[EMC],,Sin mapear,EXT,1,0.0,0.0,0.0,0.0,,,0.7447,2027-07-04,33.22,False
EMC1C,[EMC],,Sin mapear,EXT,2,0.0,0.0,0.0,0.0,,,0.7447,2027-07-04,33.22,False
EMC1O,[EMC],,Sin mapear,ARS,1,0.0,154710.0,0.0,0.0,,,0.7447,2027-07-04,33.22,False
EMC1X,[EMC],,Sin mapear,ARS,1,0.0,0.0,0.0,0.0,,,0.7447,2027-07-04,33.22,False
EMC1Z,[EMC],,Sin mapear,EXT,1,0.0,0.0,0.0,0.0,,,0.7447,2027-07-04,33.22,False
EOC1C,[EOC],,Sin mapear,EXT,2,0.0,0.0,0.0,0.0,,,1.399,2028-02-28,33.22,False
EOC1D,[EOC],,Sin mapear,USD,1,0.0,0.0,0.0,0.0,,,1.399,2028-02-28,33.22,False
EOC1O,[EOC],,Sin mapear,ARS,1,0.0,0.0,0.0,0.0,,,1.399,2028-02-28,33.22,False
EOC2O,[EOC],,Sin mapear,ARS,2,0.0,211000.0,0.0,0.0,,,1.8973,2028-08-28,33.22,False
EP3AP,TRESNAL AGROPECUARIA S.A.,33708830599,,ARS,2,0.0,0.0,0.0,0.0,,,0.2245,2026-12-26,33.22,True
EP4BP,TRESNAL AGROPECUARIA S.A.,33708830599,,ARS,2,0.0,0.0,0.0,0.0,,,0.7721,2027-07-14,33.22,True
FO4AC,[FO4],,Sin mapear,EXT,1,0.0,0.0,0.0,0.0,,,1.7906,2028-07-20,33.22,False
FO4AO,[FO4],,Sin mapear,ARS,1,0.0,148390.0,0.0,0.0,,,1.7906,2028-07-20,33.22,False
FO4AY,[FO4],,Sin mapear,USD,1,0.0,0.0,0.0,0.0,,,1.7906,2028-07-20,33.22,False
FO4AY,[FO4],,Sin mapear,USD,2,0.0,0.0,0.0,0.0,,,1.7906,2028-07-20,33.22,False
FO4BD,[FO4],,Sin mapear,USD,2,0.0,0.0,0.0,0.0,,,0.293,2027-01-20,33.22,False
FO4BO,[FO4],,Sin mapear,ARS,1,0.0,0.0,0.0,0.0,,,0.293,2027-01-20,33.22,False
FO4BO,[FO4],,Sin mapear,ARS,2,0.0,0.0,0.0,0.0,,,0.293,2027-01-20,33.22,False
FPC1O,[FPC],,Sin mapear,ARS,2,0.0,0.0,149990.0,0.0,,,1.3498,2028-02-10,33.22,False
FTL1O,FCA CIA. FINANCIERA SA,30692304884,,ARS,2,0.0,0.0,0.0,0.0,,,0.6461,2027-05-29,33.22,True
FTL1X,FCA CIA. FINANCIERA SA,30692304884,,ARS,2,0.0,0.0,0.0,0.0,,,0.6461,2027-05-29,33.22,True
FTN1O,[FTN],,Sin mapear,ARS,2,0.0,0.0,0.0,0.0,,,1.3881,2028-02-24,33.22,False
FTN1X,[FTN],,Sin mapear,ARS,1,0.0,0.0,0.0,0.0,,,1.3881,2028-02-24,33.22,False
FTN1X,[FTN],,Sin mapear,ARS,2,0.0,0.0,0.0,0.0,,,1.3881,2028-02-24,33.22,False
FTN2X,[FTN],,Sin mapear,ARS,2,0.0,0.0,0.0,0.0,,,0.1369,2026-11-24,33.22,False
FTN3X,[FTN],,Sin mapear,ARS,1,0.0,0.0,0.0,0.0,,,0.3888,2027-02-24,33.22,False
FTN3X,[FTN],,Sin mapear,ARS,2,0.0,0.0,0.0,0.0,,,0.3888,2027-02-24,33.22,False
FYC1D,[FYC],,Sin mapear,USD,1,0.0,0.0,0.0,0.0,,,2.5982,2029-05-11,33.22,False
FYC1O,[FYC],,Sin mapear,ARS,1,0.0,0.0,0.0,0.0,,,2.5982,2029-05-11,33.22,False
GMCJO,GENERACION MEDITERRANEA S.A.,30682434720,,ARS,1,0.0,0.0,0.0,0.0,,,0.6434,2027-05-28,33.22,True
GMCJO,GENERACION MEDITERRANEA S.A.,30682434720,,ARS,2,0.0,0.0,0.0,0.0,,,0.6434,2027-05-28,33.22,True
GN36X,Genneia S.A.,30665234114,Energía - Renovable,ARS,2,0.0,0.0,0.0,0.0,,,5.2156,2031-12-23,33.22,True
GN37O,Genneia S.A.,30665234114,Energía - Renovable,ARS,1,0.0,0.0,0.0,0.0,,,0.1013,2026-11-11,33.22,True
GN37O,Genneia S.A.,30665234114,Energía - Renovable,ARS,2,0.0,0.0,0.0,0.0,,,0.1013,2026-11-11,33.22,True
GN37X,Genneia S.A.,30665234114,Energía - Renovable,ARS,1,0.0,0.0,0.0,0.0,,,0.1013,2026-11-11,33.22,True
GN37X,Genneia S.A.,30665234114,Energía - Renovable,ARS,2,0.0,0.0,0.0,0.0,,,0.1013,2026-11-11,33.22,True
GN37Y,Genneia S.A.,30665234114,Energía - Renovable,USD,2,0.0,0.0,0.0,0.0,,,0.1013,2026-11-11,33.22,True
GN37Z,Genneia S.A.,30665234114,Energía - Renovable,EXT,1,0.0,0.0,0.0,0.0,,,0.1013,2026-11-11,33.22,True
GN37Z,Genneia S.A.,30665234114,Energía - Renovable,EXT,2,0.0,0.0,0.0,0.0,,,0.1013,2026-11-11,33.22,True
GN38O,Genneia S.A.,30665234114,Energía - Renovable,ARS,2,0.0,0.0,0.0,0.0,,,6.3518,2033-02-10,33.22,True
GN38X,Genneia S.A.,30665234114,Energía - Renovable,ARS,2,0.0,0.0,0.0,0.0,,,6.3518,2033-02-10,33.22,True
GN39O,Genneia S.A.,30665234114,Energía - Renovable,ARS,2,0.0,147600.0,0.0,0.0,,,1.7741,2028-07-14,33.22,True
GN39X,Genneia S.A.,30665234114,Energía - Renovable,ARS,1,0.0,0.0,0.0,0.0,,,1.7741,2028-07-14,33.22,True
GN39X,Genneia S.A.,30665234114,Energía - Renovable,ARS,2,0.0,0.0,0.0,0.0,,,1.7741,2028-07-14,33.22,True
GN42O,Genneia S.A.,30665234114,Energía - Renovable,ARS,1,0.0,0.0,0.0,0.0,,,0.6105,2027-05-16,33.22,True
GN43D,Genneia S.A.,30665234114,Energía - Renovable,USD,1,0.0,100.3,0.0,0.0,,,0.4216,2027-03-08,33.22,True
GN43O,Genneia S.A.,30665234114,Energía - Renovable,ARS,1,0.0,0.0,0.0,0.0,,,0.4216,2027-03-08,33.22,True
GN43X,Genneia S.A.,30665234114,Energía - Renovable,ARS,1,0.0,0.0,0.0,0.0,,,0.4216,2027-03-08,33.22,True
GN43X,Genneia S.A.,30665234114,Energía - Renovable,ARS,2,0.0,0.0,0.0,0.0,,,0.4216,2027-03-08,33.22,True
GN47X,Genneia S.A.,30665234114,Energía - Renovable,ARS,2,0.0,0.0,0.0,0.0,,,2.0342,2028-10-17,33.22,True
GN47Y,Genneia S.A.,30665234114,Energía - Renovable,USD,1,0.0,0.0,0.0,0.0,,,2.0342,2028-10-17,33.22,True
GN47Y,Genneia S.A.,30665234114,Energía - Renovable,USD,2,0.0,0.0,0.0,0.0,,,2.0342,2028-10-17,33.22,True
GN48C,Genneia S.A.,30665234114,Energía - Renovable,EXT,2,0.0,0.0,0.0,0.0,,,1.4155,2028-03-05,33.22,True
GN48Y,Genneia S.A.,30665234114,Energía - Renovable,USD,2,0.0,0.0,0.0,0.0,,,1.4155,2028-03-05,33.22,True
GN49C,Genneia S.A.,30665234114,Energía - Renovable,EXT,1,0.0,0.0,0.0,0.0,,,7.1595,2033-12-02,33.22,True
GOC4O,GENERACION LITORAL SA,33715184139,,ARS,1,0.0,0.0,0.0,0.0,,,2.5626,2029-04-28,33.22,True
GPS1M,[GPS],,Sin mapear,ARS,2,0.0,0.0,0.0,0.0,,,0.3231,2027-01-31,33.22,False
GYC3O,[GYC],,Sin mapear,ARS,1,0.0,0.0,0.0,0.0,,,5.4237,2032-03-08,33.22,False
GYC3O,[GYC],,Sin mapear,ARS,2,0.0,0.0,120000.0,0.0,,,5.4237,2032-03-08,33.22,False
GYC4C,[GYC],,Sin mapear,EXT,2,0.0,0.0,0.0,0.0,,,1.0678,2027-10-30,33.22,False
GYC4D,[GYC],,Sin mapear,USD,1,0.0,100.85,0.0,0.0,,,1.0678,2027-10-30,33.22,False
GYC4O,[GYC],,Sin mapear,ARS,1,0.0,0.0,0.0,0.0,,,1.0678,2027-10-30,33.22,False
GYC5O,[GYC],,Sin mapear,ARS,1,0.0,0.0,0.0,0.0,,,0.9172,2027-09-05,33.22,False
HBCBO,BANCO HIPOTECARIO S.A.,30500011072,,ARS,1,0.0,0.0,0.0,0.0,,,0.1259,2026-11-20,33.22,True
HBCBX,BANCO HIPOTECARIO S.A.,30500011072,,ARS,1,0.0,0.0,0.0,0.0,,,0.1259,2026-11-20,33.22,True
HBCBX,BANCO HIPOTECARIO S.A.,30500011072,,ARS,2,0.0,0.0,0.0,0.0,,,0.1259,2026-11-20,33.22,True
HBCDD,BANCO HIPOTECARIO S.A.,30500011072,,USD,1,0.0,0.0,0.0,0.0,,,0.1259,2026-11-20,33.22,True
HBCDD,BANCO HIPOTECARIO S.A.,30500011072,,USD,2,0.0,102.1,0.0,0.0,,,0.1259,2026-11-20,33.22,True
HBCDO,BANCO HIPOTECARIO S.A.,30500011072,,ARS,1,0.0,0.0,0.0,0.0,,,0.1259,2026-11-20,33.22,True
HBCDO,BANCO HIPOTECARIO S.A.,30500011072,,ARS,2,0.0,0.0,0.0,0.0,,,0.1259,2026-11-20,33.22,True
HBCEO,BANCO HIPOTECARIO S.A.,30500011072,,ARS,2,0.0,90.05,0.0,0.0,,,0.386,2027-02-23,33.22,True
HBCEX,BANCO HIPOTECARIO S.A.,30500011072,,ARS,2,0.0,0.0,0.0,0.0,,,0.386,2027-02-23,33.22,True
HBCFO,BANCO HIPOTECARIO S.A.,30500011072,,ARS,1,0.0,0.0,0.0,0.0,,,0.386,2027-02-23,33.22,True
HBCFO,BANCO HIPOTECARIO S.A.,30500011072,,ARS,2,0.0,150800.0,0.0,0.0,,,0.386,2027-02-23,33.22,True
HBCFY,BANCO HIPOTECARIO S.A.,30500011072,,USD,2,0.0,0.0,0.0,0.0,,,0.386,2027-02-23,33.22,True
HBCGO,BANCO HIPOTECARIO S.A.,30500011072,,ARS,2,0.0,0.0,0.0,0.0,,,0.8843,2027-08-24,33.22,True
HJCFC,John Deere Credit Cía. Financiera S.A.,30707024859,Financiero - Crédito Industrial,EXT,2,0.0,0.0,0.0,0.0,,,0.0438,2026-10-21,33.22,True
HJCFD,John Deere Credit Cía. Financiera S.A.,30707024859,Financiero - Crédito Industrial,USD,1,0.0,0.0,0.0,0.0,,,0.0438,2026-10-21,33.22,True
HJCFO,John Deere Credit Cía. Financiera S.A.,30707024859,Financiero - Crédito Industrial,ARS,1,0.0,0.0,0.0,0.0,,,0.0438,2026-10-21,33.22,True
HJCFY,John Deere Credit Cía. Financiera S.A.,30707024859,Financiero - Crédito Industrial,USD,2,0.0,0.0,0.0,0.0,,,0.0438,2026-10-21,33.22,True
HJCGC,John Deere Credit Cía. Financiera S.A.,30707024859,Financiero - Crédito Industrial,EXT,2,0.0,0.0,0.0,0.0,,,2.0452,2028-10-21,33.22,True
HJCGD,John Deere Credit Cía. Financiera S.A.,30707024859,Financiero - Crédito Industrial,USD,1,0.0,99.0,0.0,0.0,,,2.0452,2028-10-21,33.22,True
HJCGO,John Deere Credit Cía. Financiera S.A.,30707024859,Financiero - Crédito Industrial,ARS,1,0.0,151710.0,0.0,0.0,,,2.0452,2028-10-21,33.22,True
HJCGO,John Deere Credit Cía. Financiera S.A.,30707024859,Financiero - Crédito Industrial,ARS,2,0.0,151720.0,0.0,0.0,,,2.0452,2028-10-21,33.22,True
HJCHC,John Deere Credit Cía. Financiera S.A.,30707024859,Financiero - Crédito Industrial,EXT,2,0.0,0.0,0.0,0.0,,,1.2841,2028-01-17,33.22,True
HJCHO,John Deere Credit Cía. Financiera S.A.,30707024859,Financiero - Crédito Industrial,ARS,1,0.0,148640.0,0.0,0.0,,,1.2841,2028-01-17,33.22,True
HJCHO,John Deere Credit Cía. Financiera S.A.,30707024859,Financiero - Crédito Industrial,ARS,2,0.0,154440.0,0.0,0.0,,,1.2841,2028-01-17,33.22,True
HJCIC,John Deere Credit Cía. Financiera S.A.,30707024859,Financiero - Crédito Industrial,EXT,1,0.0,0.0,0.0,0.0,,,0.6407,2027-05-27,33.22,True
HJCIC,John Deere Credit Cía. Financiera S.A.,30707024859,Financiero - Crédito Industrial,EXT,2,0.0,0.0,0.0,0.0,,,0.6407,2027-05-27,33.22,True
HJCJC,John Deere Credit Cía. Financiera S.A.,30707024859,Financiero - Crédito Industrial,EXT,1,0.0,0.0,0.0,0.0,,,0.8022,2027-07-25,33.22,True
HJCJC,John Deere Credit Cía. Financiera S.A.,30707024859,Financiero - Crédito Industrial,EXT,2,0.0,0.0,0.0,0.0,,,0.8022,2027-07-25,33.22,True
HJCJO,John Deere Credit Cía. Financiera S.A.,30707024859,Financiero - Crédito Industrial,ARS,1,0.0,154570.0,0.0,0.0,,,0.8022,2027-07-25,33.22,True
HJCKC,John Deere Credit Cía. Financiera S.A.,30707024859,Financiero - Crédito Industrial,EXT,2,0.0,0.0,0.0,0.0,,,2.2834,2029-01-16,33.22,True
HJCKO,John Deere Credit Cía. Financiera S.A.,30707024859,Financiero - Crédito Industrial,ARS,1,0.0,153180.0,0.0,0.0,,,2.2834,2029-01-16,33.22,True
HJCKY,John Deere Credit Cía. Financiera S.A.,30707024859,Financiero - Crédito Industrial,USD,2,0.0,0.0,0.0,0.0,,,2.2834,2029-01-16,33.22,True
HJCLD,John Deere Credit Cía. Financiera S.A.,30707024859,Financiero - Crédito Industrial,USD,1,0.0,96.05,0.0,0.0,,,2.1711,2028-12-06,33.22,True
HJCLO,John Deere Credit Cía. Financiera S.A.,30707024859,Financiero - Crédito Industrial,ARS,1,0.0,147020.0,0.0,0.0,,,2.1711,2028-12-06,33.22,True
HJCLY,John Deere Credit Cía. Financiera S.A.,30707024859,Financiero - Crédito Industrial,USD,2,0.0,0.0,0.0,0.0,,,2.1711,2028-12-06,33.22,True
HJCMD,John Deere Credit Cía. Financiera S.A.,30707024859,Financiero - Crédito Industrial,USD,1,0.0,98.05,0.0,0.0,,,2.4778,2029-03-28,33.22,True
HT2MD,HATTRICK ENERGY SAS,30715857460,,USD,2,0.0,0.0,0.0,0.0,,,2.7351,2029-06-30,33.22,True
HVS1D,[HVS],,Sin mapear,USD,1,0.0,0.0,0.0,0.0,,,1.7577,2028-07-08,33.22,False
HVS1O,[HVS],,Sin mapear,ARS,1,0.0,0.0,0.0,0.0,,,1.7577,2028-07-08,33.22,False
HVS1Y,[HVS],,Sin mapear,USD,2,0.0,0.0,0.0,0.0,,,1.7577,2028-07-08,33.22,False
ICC6D,INSUGA CHACO S.A,33711217679,,USD,2,0.0,0.0,102.0,0.0,,,0.627,2027-05-22,33.22,True
ICC6O,INSUGA CHACO S.A,33711217679,,ARS,1,0.0,0.0,0.0,0.0,,,0.627,2027-05-22,33.22,True
ICC6O,INSUGA CHACO S.A,33711217679,,ARS,2,0.0,0.0,0.0,0.0,,,0.627,2027-05-22,33.22,True
ICC9D,INSUGA CHACO S.A,33711217679,,USD,2,0.0,0.0,102.0,0.0,,,0.8953,2027-08-28,33.22,True
ICC9O,INSUGA CHACO S.A,33711217679,,ARS,2,0.0,0.0,0.0,0.0,,,0.8953,2027-08-28,33.22,True
IE1MD,[IE1],,Sin mapear,USD,1,0.0,0.0,0.0,0.0,,,0.846,2027-08-10,33.22,False
IES1M,[IES],,Sin mapear,ARS,1,0.0,0.0,0.0,0.0,,,0.846,2027-08-10,33.22,False
IP11P,PROCESOS INDUSTRIALES METALLO SA,30716855372,,ARS,2,0.0,0.0,0.0,0.0,,,0.5613,2027-04-28,33.22,True
IRCFC,IRSA Inversiones y Representaciones S.A.,30524688673,Real Estate,EXT,1,0.0,0.0,0.0,0.0,,,1.7139,2028-06-22,33.22,True
IRCFX,IRSA Inversiones y Representaciones S.A.,30524688673,Real Estate,ARS,1,0.0,0.0,0.0,0.0,,,1.7139,2028-06-22,33.22,True
IRCFX,IRSA Inversiones y Representaciones S.A.,30524688673,Real Estate,ARS,2,0.0,0.0,0.0,0.0,,,1.7139,2028-06-22,33.22,True
IRCFY,IRSA Inversiones y Representaciones S.A.,30524688673,Real Estate,USD,1,0.0,0.0,0.0,0.0,,,1.7139,2028-06-22,33.22,True
IRCFZ,IRSA Inversiones y Representaciones S.A.,30524688673,Real Estate,EXT,1,0.0,0.0,0.0,0.0,,,1.7139,2028-06-22,33.22,True
IRCFZ,IRSA Inversiones y Representaciones S.A.,30524688673,Real Estate,EXT,2,0.0,0.0,0.0,0.0,,,1.7139,2028-06-22,33.22,True
IRCJC,IRSA Inversiones y Representaciones S.A.,30524688673,Real Estate,EXT,1,0.0,0.0,0.0,0.0,,,0.3997,2027-02-28,33.22,True
IRCJC,IRSA Inversiones y Representaciones S.A.,30524688673,Real Estate,EXT,2,0.0,0.0,0.0,0.0,,,0.3997,2027-02-28,33.22,True
IRCNC,IRSA Inversiones y Representaciones S.A.,30524688673,Real Estate,EXT,2,0.0,0.0,0.0,0.0,,,1.0486,2027-10-23,33.22,True
IRCNO,IRSA Inversiones y Representaciones S.A.,30524688673,Real Estate,ARS,1,0.0,0.0,159500.0,0.0,,,1.0486,2027-10-23,33.22,True
IRCOY,IRSA Inversiones y Representaciones S.A.,30524688673,Real Estate,USD,2,0.0,0.0,0.0,0.0,,,3.05,2029-10-23,33.22,True
IRCPX,IRSA Inversiones y Representaciones S.A.,30524688673,Real Estate,ARS,1,0.0,0.0,0.0,0.0,,,8.4846,2035-03-31,33.22,True
IRCPX,IRSA Inversiones y Representaciones S.A.,30524688673,Real Estate,ARS,2,0.0,0.0,0.0,0.0,,,8.4846,2035-03-31,33.22,True
IRCPY,IRSA Inversiones y Representaciones S.A.,30524688673,Real Estate,USD,1,0.0,0.0,0.0,0.0,,,8.4846,2035-03-31,33.22,True
IRCPY,IRSA Inversiones y Representaciones S.A.,30524688673,Real Estate,USD,2,0.0,0.0,0.0,0.0,,,8.4846,2035-03-31,33.22,True
IRCPZ,IRSA Inversiones y Representaciones S.A.,30524688673,Real Estate,EXT,1,0.0,0.0,0.0,0.0,,,8.4846,2035-03-31,33.22,True
IRCQC,IRSA Inversiones y Representaciones S.A.,30524688673,Real Estate,EXT,2,0.0,0.0,0.0,0.0,,,0.6735,2027-06-08,33.22,True
IRCQO,IRSA Inversiones y Representaciones S.A.,30524688673,Real Estate,ARS,1,0.0,155000.0,0.0,0.0,,,0.6735,2027-06-08,33.22,True
IRCQX,IRSA Inversiones y Representaciones S.A.,30524688673,Real Estate,ARS,1,0.0,0.0,0.0,0.0,,,0.6735,2027-06-08,33.22,True
IRCQX,IRSA Inversiones y Representaciones S.A.,30524688673,Real Estate,ARS,2,0.0,0.0,0.0,0.0,,,0.6735,2027-06-08,33.22,True
IRCQY,IRSA Inversiones y Representaciones S.A.,30524688673,Real Estate,USD,2,0.0,0.0,0.0,0.0,,,0.6735,2027-06-08,33.22,True
JNC5D,[JNC],,Sin mapear,USD,1,0.0,0.0,0.0,0.0,,,0.011,2026-10-09,33.22,False
JNC5O,[JNC],,Sin mapear,ARS,1,0.0,0.0,0.0,0.0,,,0.011,2026-10-09,33.22,False
JNC5X,[JNC],,Sin mapear,ARS,1,0.0,0.0,0.0,0.0,,,0.011,2026-10-09,33.22,False
JNC5Y,[JNC],,Sin mapear,USD,1,0.0,0.0,0.0,0.0,,,0.011,2026-10-09,33.22,False
JNC5Y,[JNC],,Sin mapear,USD,2,0.0,0.0,0.0,0.0,,,0.011,2026-10-09,33.22,False
JNC6D,[JNC],,Sin mapear,USD,1,0.0,0.0,0.0,0.0,,,0.9938,2027-10-03,33.22,False
JNC6O,[JNC],,Sin mapear,ARS,1,0.0,0.0,0.0,0.0,,,0.9938,2027-10-03,33.22,False
JNC6Y,[JNC],,Sin mapear,USD,2,0.0,0.0,0.0,0.0,,,0.9938,2027-10-03,33.22,False
JNC7C,[JNC],,Sin mapear,EXT,1,0.0,0.0,0.0,0.0,,,1.7221,2028-06-25,33.22,False
JNC7C,[JNC],,Sin mapear,EXT,2,0.0,0.0,0.0,0.0,,,1.7221,2028-06-25,33.22,False
JNC7D,[JNC],,Sin mapear,USD,1,0.0,0.0,0.0,0.0,,,1.7221,2028-06-25,33.22,False
JNC7O,[JNC],,Sin mapear,ARS,1,0.0,0.0,0.0,0.0,,,1.7221,2028-06-25,33.22,False
JNC7O,[JNC],,Sin mapear,ARS,2,0.0,0.0,0.0,0.0,,,1.7221,2028-06-25,33.22,False
JNC7Y,[JNC],,Sin mapear,USD,2,0.0,0.0,0.0,0.0,,,1.7221,2028-06-25,33.22,False
LDCGD,[LDC],,Sin mapear,USD,1,0.0,0.0,0.0,0.0,,,0.9966,2027-10-04,33.22,False
LDCGO,[LDC],,Sin mapear,ARS,1,0.0,0.0,0.0,0.0,,,0.9966,2027-10-04,33.22,False
LDCGX,[LDC],,Sin mapear,ARS,2,0.0,0.0,0.0,0.0,,,0.9966,2027-10-04,33.22,False
LMS6C,BLM DESARROLLOS SA,30718221516,,EXT,1,0.0,0.0,0.0,0.0,,,1.5606,2028-04-27,33.22,True
LMS6D,BLM DESARROLLOS SA,30718221516,,USD,1,0.0,0.0,0.0,0.0,,,1.5606,2028-04-27,33.22,True
LMS6D,BLM DESARROLLOS SA,30718221516,,USD,2,0.0,0.0,0.0,0.0,,,1.5606,2028-04-27,33.22,True
LMS6O,BLM DESARROLLOS SA,30718221516,,ARS,1,0.0,0.0,0.0,0.0,,,1.5606,2028-04-27,33.22,True
LMS6O,BLM DESARROLLOS SA,30718221516,,ARS,2,0.0,100000.0,0.0,0.0,,,1.5606,2028-04-27,33.22,True
LMS6X,BLM DESARROLLOS SA,30718221516,,ARS,1,0.0,0.0,0.0,0.0,,,1.5606,2028-04-27,33.22,True
LMS6X,BLM DESARROLLOS SA,30718221516,,ARS,2,0.0,0.0,0.0,0.0,,,1.5606,2028-04-27,33.22,True
LMS6Y,BLM DESARROLLOS SA,30718221516,,USD,1,0.0,0.0,0.0,0.0,,,1.5606,2028-04-27,33.22,True
LMS6Z,BLM DESARROLLOS SA,30718221516,,EXT,1,0.0,0.0,0.0,0.0,,,1.5606,2028-04-27,33.22,True
LMS6Z,BLM DESARROLLOS SA,30718221516,,EXT,2,0.0,0.0,0.0,0.0,,,1.5606,2028-04-27,33.22,True
LMS7C,BLM DESARROLLOS SA,30718221516,,EXT,1,0.0,0.0,0.0,0.0,,,2.0205,2028-10-12,33.22,True
LMS7D,BLM DESARROLLOS SA,30718221516,,USD,1,0.0,79.46,0.0,0.0,,,2.0205,2028-10-12,33.22,True
LMS7X,BLM DESARROLLOS SA,30718221516,,ARS,1,0.0,0.0,0.0,0.0,,,2.0205,2028-10-12,33.22,True
LMS7X,BLM DESARROLLOS SA,30718221516,,ARS,2,0.0,0.0,0.0,0.0,,,2.0205,2028-10-12,33.22,True
LMS7Y,BLM DESARROLLOS SA,30718221516,,USD,1,0.0,0.0,0.0,0.0,,,2.0205,2028-10-12,33.22,True
LMS7Y,BLM DESARROLLOS SA,30718221516,,USD,2,0.0,0.0,0.0,0.0,,,2.0205,2028-10-12,33.22,True
LMS7Z,BLM DESARROLLOS SA,30718221516,,EXT,1,0.0,0.0,0.0,0.0,,,2.0205,2028-10-12,33.22,True
LMS7Z,BLM DESARROLLOS SA,30718221516,,EXT,2,0.0,0.0,0.0,0.0,,,2.0205,2028-10-12,33.22,True
LMS8C,BLM DESARROLLOS SA,30718221516,,EXT,1,0.0,0.0,0.0,0.0,,,0.4572,2027-03-21,33.22,True
LMS8C,BLM DESARROLLOS SA,30718221516,,EXT,2,0.0,0.0,0.0,0.0,,,0.4572,2027-03-21,33.22,True
LMS8D,BLM DESARROLLOS SA,30718221516,,USD,1,0.0,52.77,0.0,0.0,,,0.4572,2027-03-21,33.22,True
LMS8O,BLM DESARROLLOS SA,30718221516,,ARS,1,0.0,0.0,0.0,0.0,,,0.4572,2027-03-21,33.22,True
LMS8X,BLM DESARROLLOS SA,30718221516,,ARS,1,0.0,0.0,0.0,0.0,,,0.4572,2027-03-21,33.22,True
LMS8X,BLM DESARROLLOS SA,30718221516,,ARS,2,0.0,0.0,0.0,0.0,,,0.4572,2027-03-21,33.22,True
LMS8Y,BLM DESARROLLOS SA,30718221516,,USD,1,0.0,0.0,0.0,0.0,,,0.4572,2027-03-21,33.22,True
LMS8Y,BLM DESARROLLOS SA,30718221516,,USD,2,0.0,0.0,0.0,0.0,,,0.4572,2027-03-21,33.22,True
LMS8Z,BLM DESARROLLOS SA,30718221516,,EXT,1,0.0,0.0,0.0,0.0,,,0.4572,2027-03-21,33.22,True
LOC5C,[LOC],,Sin mapear,EXT,1,0.0,0.0,0.0,0.0,,,0.7995,2027-07-24,33.22,False
LOC5X,[LOC],,Sin mapear,ARS,2,0.0,0.0,0.0,0.0,,,0.7995,2027-07-24,33.22,False
LOC5Y,[LOC],,Sin mapear,USD,2,0.0,0.0,0.0,0.0,,,0.7995,2027-07-24,33.22,False
LOC6C,[LOC],,Sin mapear,EXT,2,0.0,0.0,98.19,0.0,,,2.3025,2029-01-23,33.22,False
LOC6X,[LOC],,Sin mapear,ARS,1,0.0,0.0,0.0,0.0,,,2.3025,2029-01-23,33.22,False
LQC1C,[LQC],,Sin mapear,EXT,1,0.0,0.0,0.0,0.0,,,7.8111,2034-07-28,33.22,False
LQC1Z,[LQC],,Sin mapear,EXT,1,0.0,0.0,0.0,0.0,,,7.8111,2034-07-28,33.22,False
LQC1Z,[LQC],,Sin mapear,EXT,2,0.0,0.0,0.0,0.0,,,7.8111,2034-07-28,33.22,False
LR3DO,LABORATORIOS RICHMOND S.A.C.I.F.,30501152826,,ARS,1,0.0,0.0,0.0,0.0,,,4.1068,2030-11-13,33.22,True
LR3DO,LABORATORIOS RICHMOND S.A.C.I.F.,30501152826,,ARS,2,0.0,0.0,0.0,0.0,,,4.1068,2030-11-13,33.22,True
LR7AO,LABORATORIOS RICHMOND S.A.C.I.F.,30501152826,,ARS,1,0.0,0.0,0.0,0.0,,,0.1807,2026-12-10,33.22,True
LR7AO,LABORATORIOS RICHMOND S.A.C.I.F.,30501152826,,ARS,2,0.0,0.0,0.0,0.0,,,0.1807,2026-12-10,33.22,True
LR7BO,LABORATORIOS RICHMOND S.A.C.I.F.,30501152826,,ARS,2,0.0,0.0,0.0,0.0,,,0.1807,2026-12-10,33.22,True
LR8AO,LABORATORIOS RICHMOND S.A.C.I.F.,30501152826,,ARS,2,0.0,0.0,0.0,0.0,,,1.8207,2028-07-31,33.22,True
LR8AX,LABORATORIOS RICHMOND S.A.C.I.F.,30501152826,,ARS,2,0.0,0.0,0.0,0.0,,,1.8207,2028-07-31,33.22,True
LR8BD,LABORATORIOS RICHMOND S.A.C.I.F.,30501152826,,USD,1,0.0,0.0,0.0,0.0,,,1.8207,2028-07-31,33.22,True
LR8CO,LABORATORIOS RICHMOND S.A.C.I.F.,30501152826,,ARS,2,0.0,120000.0,0.0,0.0,,,1.8207,2028-07-31,33.22,True
LUC3X,[LUC],,Sin mapear,ARS,1,0.0,0.0,0.0,0.0,,,5.5825,2032-05-05,33.22,False
LUC3X,[LUC],,Sin mapear,ARS,2,0.0,0.0,0.0,0.0,,,5.5825,2032-05-05,33.22,False
LUC5D,[LUC],,Sin mapear,USD,1,0.0,0.0,105.95,0.0,,,2.3956,2029-02-26,33.22,False
LUC5O,[LUC],,Sin mapear,ARS,1,0.0,152000.0,0.0,0.0,,,2.3956,2029-02-26,33.22,False
LUC5X,[LUC],,Sin mapear,ARS,1,0.0,0.0,0.0,0.0,,,2.3956,2029-02-26,33.22,False
LUC5Y,[LUC],,Sin mapear,USD,2,0.0,0.0,0.0,0.0,,,2.3956,2029-02-26,33.22,False
MCC2C,[MCC],,Sin mapear,EXT,1,0.0,0.0,0.0,0.0,,,0.6598,2027-06-03,33.22,False
MCC2C,[MCC],,Sin mapear,EXT,2,0.0,0.0,0.0,0.0,,,0.6598,2027-06-03,33.22,False
MCC2O,[MCC],,Sin mapear,ARS,2,0.0,159000.0,0.0,0.0,,,0.6598,2027-06-03,33.22,False
MCC2X,[MCC],,Sin mapear,ARS,1,0.0,0.0,0.0,0.0,,,0.6598,2027-06-03,33.22,False
MCC2Y,[MCC],,Sin mapear,USD,2,0.0,0.0,0.0,0.0,,,0.6598,2027-06-03,33.22,False
MCC3Y,[MCC],,Sin mapear,USD,2,0.0,0.0,0.0,0.0,,,3.5975,2030-05-11,33.22,False
MGCEC,Pampa Energía S.A.,30526552659,Energía - Electricidad,EXT,2,0.0,0.0,0.0,0.0,,,1.2047,2027-12-19,33.22,True
MGCEX,Pampa Energía S.A.,30526552659,Energía - Electricidad,ARS,1,0.0,0.0,0.0,0.0,,,1.2047,2027-12-19,33.22,True
MGCEX,Pampa Energía S.A.,30526552659,Energía - Electricidad,ARS,2,0.0,0.0,0.0,0.0,,,1.2047,2027-12-19,33.22,True
MGCEY,Pampa Energía S.A.,30526552659,Energía - Electricidad,USD,1,0.0,0.0,0.0,0.0,,,1.2047,2027-12-19,33.22,True
MGCEZ,Pampa Energía S.A.,30526552659,Energía - Electricidad,EXT,1,0.0,0.0,0.0,0.0,,,1.2047,2027-12-19,33.22,True
MGCMC,Pampa Energía S.A.,30526552659,Energía - Electricidad,EXT,1,0.0,0.0,0.0,0.0,,,4.9309,2031-09-10,33.22,True
MGCMX,Pampa Energía S.A.,30526552659,Energía - Electricidad,ARS,1,0.0,0.0,0.0,0.0,,,4.9309,2031-09-10,33.22,True
MGCMX,Pampa Energía S.A.,30526552659,Energía - Electricidad,ARS,2,0.0,0.0,0.0,0.0,,,4.9309,2031-09-10,33.22,True
MGCNX,Pampa Energía S.A.,30526552659,Energía - Electricidad,ARS,2,0.0,0.0,0.0,0.0,,,1.9986,2028-10-04,33.22,True
MGCNY,Pampa Energía S.A.,30526552659,Energía - Electricidad,USD,1,0.0,0.0,0.0,0.0,,,1.9986,2028-10-04,33.22,True
MGCNY,Pampa Energía S.A.,30526552659,Energía - Electricidad,USD,2,0.0,0.0,0.0,0.0,,,1.9986,2028-10-04,33.22,True
MGCOC,Pampa Energía S.A.,30526552659,Energía - Electricidad,EXT,1,0.0,99.1,0.0,0.0,,,8.1971,2034-12-16,33.22,True
MGCOX,Pampa Energía S.A.,30526552659,Energía - Electricidad,ARS,1,0.0,0.0,0.0,0.0,,,8.1971,2034-12-16,33.22,True
MGCOX,Pampa Energía S.A.,30526552659,Energía - Electricidad,ARS,2,0.0,0.0,0.0,0.0,,,8.1971,2034-12-16,33.22,True
MGCOY,Pampa Energía S.A.,30526552659,Energía - Electricidad,USD,1,0.0,0.0,0.0,0.0,,,8.1971,2034-12-16,33.22,True
MGCOY,Pampa Energía S.A.,30526552659,Energía - Electricidad,USD,2,0.0,0.0,0.0,0.0,,,8.1971,2034-12-16,33.22,True
MGCOZ,Pampa Energía S.A.,30526552659,Energía - Electricidad,EXT,1,0.0,0.0,0.0,0.0,,,8.1971,2034-12-16,33.22,True
MGCOZ,Pampa Energía S.A.,30526552659,Energía - Electricidad,EXT,2,0.0,0.0,0.0,0.0,,,8.1971,2034-12-16,33.22,True
MGCQC,Pampa Energía S.A.,30526552659,Energía - Electricidad,EXT,1,0.0,0.0,0.0,0.0,,,1.8371,2028-08-06,33.22,True
MGCQX,Pampa Energía S.A.,30526552659,Energía - Electricidad,ARS,2,0.0,0.0,0.0,0.0,,,1.8371,2028-08-06,33.22,True
MGCQY,Pampa Energía S.A.,30526552659,Energía - Electricidad,USD,1,0.0,0.0,0.0,0.0,,,1.8371,2028-08-06,33.22,True
MGCQY,Pampa Energía S.A.,30526552659,Energía - Electricidad,USD,2,0.0,0.0,0.0,0.0,,,1.8371,2028-08-06,33.22,True
MGCQZ,Pampa Energía S.A.,30526552659,Energía - Electricidad,EXT,1,0.0,0.0,0.0,0.0,,,1.8371,2028-08-06,33.22,True
MGCQZ,Pampa Energía S.A.,30526552659,Energía - Electricidad,EXT,2,0.0,0.0,0.0,0.0,,,1.8371,2028-08-06,33.22,True
MGCRX,Pampa Energía S.A.,30526552659,Energía - Electricidad,ARS,1,0.0,0.0,0.0,0.0,,,11.1102,2037-11-14,33.22,True
MGCRX,Pampa Energía S.A.,30526552659,Energía - Electricidad,ARS,2,0.0,0.0,0.0,0.0,,,11.1102,2037-11-14,33.22,True
MGCRY,Pampa Energía S.A.,30526552659,Energía - Electricidad,USD,1,0.0,0.0,0.0,0.0,,,11.1102,2037-11-14,33.22,True
MGCRY,Pampa Energía S.A.,30526552659,Energía - Electricidad,USD,2,0.0,0.0,0.0,0.0,,,11.1102,2037-11-14,33.22,True
MGCRZ,Pampa Energía S.A.,30526552659,Energía - Electricidad,EXT,1,0.0,0.0,0.0,0.0,,,11.1102,2037-11-14,33.22,True
MGCRZ,Pampa Energía S.A.,30526552659,Energía - Electricidad,EXT,2,0.0,0.0,0.0,0.0,,,11.1102,2037-11-14,33.22,True
MGCTC,Pampa Energía S.A.,30526552659,Energía - Electricidad,EXT,2,0.0,0.0,0.0,0.0,,,2.4887,2029-04-01,33.22,True
MGCTX,Pampa Energía S.A.,30526552659,Energía - Electricidad,ARS,2,0.0,0.0,0.0,0.0,,,2.4887,2029-04-01,33.22,True
MGCTY,Pampa Energía S.A.,30526552659,Energía - Electricidad,USD,2,0.0,0.0,0.0,0.0,,,2.4887,2029-04-01,33.22,True
MGCUC,Pampa Energía S.A.,30526552659,Energía - Electricidad,EXT,2,0.0,0.0,99.0,0.0,,,3.8768,2030-08-21,33.22,True
MIC3C,MIRGOR S.A.,30578036071,,EXT,2,0.0,0.0,0.0,0.0,,,0.1013,2026-11-11,33.22,True
MIC3O,MIRGOR S.A.,30578036071,,ARS,1,0.0,0.0,0.0,0.0,,,0.1013,2026-11-11,33.22,True
MIC3Y,MIRGOR S.A.,30578036071,,USD,2,0.0,0.0,0.0,0.0,,,0.1013,2026-11-11,33.22,True
MIC4C,MIRGOR S.A.,30578036071,,EXT,1,0.0,0.0,0.0,0.0,,,0.8131,2027-07-29,33.22,True
MJC1D,[MJC],,Sin mapear,USD,1,0.0,0.0,0.0,0.0,,,0.3751,2027-02-19,33.22,False
MJC1O,[MJC],,Sin mapear,ARS,1,0.0,0.0,0.0,0.0,,,0.3751,2027-02-19,33.22,False
MR44C,Generación Mediterránea / Central Térmica Roca S.A.,33711944899,Energía - Electricidad,EXT,2,0.0,0.0,0.0,0.0,,,9.7358,2036-06-30,33.22,True
MR45D,Generación Mediterránea / Central Térmica Roca S.A.,33711944899,Energía - Electricidad,USD,1,0.0,0.0,52.0,0.0,,,9.7358,2036-06-30,33.22,True
MR45O,Generación Mediterránea / Central Térmica Roca S.A.,33711944899,Energía - Electricidad,ARS,1,0.0,0.0,0.0,0.0,,,9.7358,2036-06-30,33.22,True
MR46C,Generación Mediterránea / Central Térmica Roca S.A.,33711944899,Energía - Electricidad,EXT,1,0.0,0.0,0.0,0.0,,,8.2382,2034-12-31,33.22,True
MR47C,Generación Mediterránea / Central Térmica Roca S.A.,33711944899,Energía - Electricidad,EXT,2,0.0,0.0,0.0,0.0,,,9.7358,2036-06-30,33.22,True
MR48O,Generación Mediterránea / Central Térmica Roca S.A.,33711944899,Energía - Electricidad,ARS,1,0.0,0.0,0.0,0.0,,,8.2382,2034-12-31,33.22,True
MR49D,Generación Mediterránea / Central Térmica Roca S.A.,33711944899,Energía - Electricidad,USD,2,0.0,0.0,0.0,0.0,,,8.2382,2034-12-31,33.22,True
MR50D,GENER.MEDITE./CENTRAL TERMICA ROCA S.A.,33711944899,,USD,2,0.0,0.0,0.0,0.0,,,9.7358,2036-06-30,33.22,True
MR50O,GENER.MEDITE./CENTRAL TERMICA ROCA S.A.,33711944899,,ARS,1,0.0,0.0,0.0,0.0,,,9.7358,2036-06-30,33.22,True
MSSBO,MSU S.A.,30607597193,Energía,ARS,1,0.0,0.0,0.0,0.0,,,0.1095,2026-11-14,33.22,True
MSSBO,MSU S.A.,30607597193,Energía,ARS,2,0.0,0.0,0.0,0.0,,,0.1095,2026-11-14,33.22,True
MSSBX,MSU S.A.,30607597193,Energía,ARS,2,0.0,0.0,0.0,0.0,,,0.1095,2026-11-14,33.22,True
MSSBZ,MSU S.A.,30607597193,Energía,EXT,2,0.0,0.0,0.0,0.0,,,0.1095,2026-11-14,33.22,True
MSSFC,MSU S.A.,30607597193,Energía,EXT,2,0.0,0.0,0.0,0.0,,,0.7967,2027-07-23,33.22,True
MSSFD,MSU S.A.,30607597193,Energía,USD,1,0.0,0.0,0.0,0.0,,,0.7967,2027-07-23,33.22,True
MSSFO,MSU S.A.,30607597193,Energía,ARS,1,0.0,0.0,0.0,0.0,,,0.7967,2027-07-23,33.22,True
MSSGC,MSU S.A.,30607597193,Energía,EXT,2,0.0,0.0,0.0,0.0,,,2.5298,2029-04-16,33.22,True
MSSGD,MSU S.A.,30607597193,Energía,USD,1,0.0,0.0,107.0,0.0,,,2.5298,2029-04-16,33.22,True
MSSGO,MSU S.A.,30607597193,Energía,ARS,1,0.0,0.0,0.0,0.0,,,2.5298,2029-04-16,33.22,True
MTC2Y,Mastellone Hermanos S.A.,30547242331,Alimentos - Lácteos,USD,2,0.0,0.0,0.0,0.0,,,1.7139,2028-06-22,33.22,True
MTC3O,Mastellone Hermanos S.A.,30547242331,Alimentos - Lácteos,ARS,1,0.0,0.0,0.0,0.0,,,0.7118,2027-06-22,33.22,True
MTC3X,Mastellone Hermanos S.A.,30547242331,Alimentos - Lácteos,ARS,1,0.0,0.0,0.0,0.0,,,0.7118,2027-06-22,33.22,True
MTC3X,Mastellone Hermanos S.A.,30547242331,Alimentos - Lácteos,ARS,2,0.0,0.0,0.0,0.0,,,0.7118,2027-06-22,33.22,True
MU00M,[MU0],,Sin mapear,ARS,2,0.0,0.0,0.0,0.0,,,2.924,2029-09-07,33.22,False
MU32C,[MU3],,Sin mapear,EXT,1,0.0,0.0,0.0,0.0,,,1.2047,2027-12-19,33.22,False
MU32C,[MU3],,Sin mapear,EXT,2,0.0,0.0,0.0,0.0,,,1.2047,2027-12-19,33.22,False
MU32D,[MU3],,Sin mapear,USD,1,0.0,0.0,0.0,0.0,,,1.2047,2027-12-19,33.22,False
MU32D,[MU3],,Sin mapear,USD,2,0.0,0.0,103.5,0.0,,,1.2047,2027-12-19,33.22,False
MU32O,[MU3],,Sin mapear,ARS,1,0.0,0.0,0.0,0.0,,,1.2047,2027-12-19,33.22,False
MU32O,[MU3],,Sin mapear,ARS,2,0.0,0.0,0.0,0.0,,,1.2047,2027-12-19,33.22,False
MU32X,[MU3],,Sin mapear,ARS,1,0.0,0.0,0.0,0.0,,,1.2047,2027-12-19,33.22,False
MU32Y,[MU3],,Sin mapear,USD,1,0.0,0.0,0.0,0.0,,,1.2047,2027-12-19,33.22,False
MU32Y,[MU3],,Sin mapear,USD,2,0.0,0.0,0.0,0.0,,,1.2047,2027-12-19,33.22,False
MU32Z,[MU3],,Sin mapear,EXT,1,0.0,0.0,0.0,0.0,,,1.2047,2027-12-19,33.22,False
MUC4D,[MUC],,Sin mapear,USD,2,0.0,100.4,0.0,0.0,,,1.0595,2027-10-27,33.22,False
NHC1O,NUEVO BANCO DEL CHACO S.A.,30670157799,,ARS,2,0.0,85.0,0.0,0.0,,,0.178,2026-12-09,33.22,True
NHC1X,NUEVO BANCO DEL CHACO S.A.,30670157799,,ARS,1,0.0,0.0,0.0,0.0,,,0.178,2026-12-09,33.22,True
NLCJO,[NLC],,Sin mapear,ARS,2,0.0,0.0,0.0,0.0,,,0.6461,2027-05-29,33.22,False
NPCCC,[NPC],,Sin mapear,EXT,1,0.0,0.0,0.0,0.0,,,2.8884,2029-08-25,33.22,False
NPCEC,[NPC],,Sin mapear,EXT,1,0.0,0.0,0.0,0.0,,,2.809,2029-07-27,33.22,False
NPCEC,[NPC],,Sin mapear,EXT,2,0.0,0.0,0.0,0.0,,,2.809,2029-07-27,33.22,False
NPCEO,[NPC],,Sin mapear,ARS,1,0.0,152520.0,0.0,0.0,,,2.809,2029-07-27,33.22,False
OFS1L,[OFS],,Sin mapear,ARS,1,0.0,0.0,0.0,0.0,,,2.5024,2029-04-06,33.22,False
OFS1L,[OFS],,Sin mapear,ARS,2,0.0,0.0,0.0,0.0,,,2.5024,2029-04-06,33.22,False
OLC2D,OLEODUCTOS DEL VALLE S.A.,30658840165,,USD,1,0.0,0.0,0.0,0.0,,,1.6783,2028-06-09,33.22,True
OLC2O,OLEODUCTOS DEL VALLE S.A.,30658840165,,ARS,1,0.0,0.0,0.0,0.0,,,1.6783,2028-06-09,33.22,True
OLC2O,OLEODUCTOS DEL VALLE S.A.,30658840165,,ARS,2,0.0,0.0,0.0,0.0,,,1.6783,2028-06-09,33.22,True
OLC2X,OLEODUCTOS DEL VALLE S.A.,30658840165,,ARS,1,0.0,0.0,0.0,0.0,,,1.6783,2028-06-09,33.22,True
OLC2X,OLEODUCTOS DEL VALLE S.A.,30658840165,,ARS,2,0.0,0.0,0.0,0.0,,,1.6783,2028-06-09,33.22,True
OLC3D,OLEODUCTOS DEL VALLE S.A.,30658840165,,USD,1,0.0,0.0,0.0,0.0,,,0.7611,2027-07-10,33.22,True
OLC3O,OLEODUCTOS DEL VALLE S.A.,30658840165,,ARS,1,0.0,0.0,0.0,0.0,,,0.7611,2027-07-10,33.22,True
OLC3O,OLEODUCTOS DEL VALLE S.A.,30658840165,,ARS,2,0.0,140050.0,0.0,0.0,,,0.7611,2027-07-10,33.22,True
OLC3X,OLEODUCTOS DEL VALLE S.A.,30658840165,,ARS,1,0.0,0.0,0.0,0.0,,,0.7611,2027-07-10,33.22,True
OLC3X,OLEODUCTOS DEL VALLE S.A.,30658840165,,ARS,2,0.0,0.0,0.0,0.0,,,0.7611,2027-07-10,33.22,True
OLC5C,OLEODUCTOS DEL VALLE S.A.,30658840165,,EXT,1,0.0,0.0,0.0,0.0,,,1.6865,2028-06-12,33.22,True
OLC5X,OLEODUCTOS DEL VALLE S.A.,30658840165,,ARS,2,0.0,0.0,0.0,0.0,,,1.6865,2028-06-12,33.22,True
OLC5Y,OLEODUCTOS DEL VALLE S.A.,30658840165,,USD,1,0.0,0.0,0.0,0.0,,,1.6865,2028-06-12,33.22,True
OLC5Y,OLEODUCTOS DEL VALLE S.A.,30658840165,,USD,2,0.0,0.0,0.0,0.0,,,1.6865,2028-06-12,33.22,True
OLC6C,OLEODUCTOS DEL VALLE S.A.,30658840165,,EXT,1,0.0,0.0,0.0,0.0,,,2.6667,2029-06-05,33.22,True
OLC6X,OLEODUCTOS DEL VALLE S.A.,30658840165,,ARS,2,0.0,0.0,0.0,0.0,,,2.6667,2029-06-05,33.22,True
OLC6Y,OLEODUCTOS DEL VALLE S.A.,30658840165,,USD,2,0.0,0.0,0.0,0.0,,,2.6667,2029-06-05,33.22,True
OLC7C,OLEODUCTOS DEL VALLE S.A.,30658840165,,EXT,1,0.0,0.0,0.0,0.0,,,3.3867,2030-02-23,33.22,True
OLC7C,OLEODUCTOS DEL VALLE S.A.,30658840165,,EXT,2,0.0,96.0,0.0,0.0,,,3.3867,2030-02-23,33.22,True
OLC7Y,OLEODUCTOS DEL VALLE S.A.,30658840165,,USD,1,0.0,0.0,0.0,0.0,,,3.3867,2030-02-23,33.22,True
OR3BD,Agronorte S.R.L.,30547794482,Agro,USD,1,0.0,0.0,0.0,0.0,,,0.6461,2027-05-29,33.22,True
OR3BD,Agronorte S.R.L.,30547794482,Agro,USD,2,0.0,0.0,0.0,0.0,,,0.6461,2027-05-29,33.22,True
OR3BP,Agronorte S.R.L.,30547794482,Agro,ARS,1,0.0,0.0,0.0,0.0,,,0.6461,2027-05-29,33.22,True
OR3BP,Agronorte S.R.L.,30547794482,Agro,ARS,2,0.0,0.0,0.0,0.0,,,0.6461,2027-05-29,33.22,True
OT41O,[OT4],,Sin mapear,ARS,1,0.0,153180.0,0.0,0.0,,,1.2841,2028-01-17,33.22,False
OT41Y,[OT4],,Sin mapear,USD,2,0.0,0.0,0.0,0.0,,,1.2841,2028-01-17,33.22,False
OT42C,[OT4],,Sin mapear,EXT,2,0.0,0.0,0.0,0.0,,,3.2854,2030-01-17,33.22,False
OTS2C,[OTS],,Sin mapear,EXT,1,0.0,0.0,0.0,0.0,,,0.5503,2027-04-24,33.22,False
OTS2C,[OTS],,Sin mapear,EXT,2,0.0,0.0,0.0,0.0,,,0.5503,2027-04-24,33.22,False
OTS2Y,[OTS],,Sin mapear,USD,1,0.0,0.0,0.0,0.0,,,0.5503,2027-04-24,33.22,False
OTS2Y,[OTS],,Sin mapear,USD,2,0.0,0.0,0.0,0.0,,,0.5503,2027-04-24,33.22,False
OTS3O,[OTS],,Sin mapear,ARS,1,0.0,157040.0,0.0,0.0,,,2.0753,2028-11-01,33.22,False
OTS3O,[OTS],,Sin mapear,ARS,2,0.0,153910.0,0.0,0.0,,,2.0753,2028-11-01,33.22,False
OTS3Y,[OTS],,Sin mapear,USD,2,0.0,0.0,0.0,0.0,,,2.0753,2028-11-01,33.22,False
OTS5C,[OTS],,Sin mapear,EXT,2,0.0,0.0,0.0,0.0,,,0.0493,2026-10-23,33.22,False
OTS5X,[OTS],,Sin mapear,ARS,2,0.0,0.0,0.0,0.0,,,0.0493,2026-10-23,33.22,False
OTS5Y,[OTS],,Sin mapear,USD,2,0.0,0.0,0.0,0.0,,,0.0493,2026-10-23,33.22,False
OTS6C,[OTS],,Sin mapear,EXT,2,0.0,0.0,0.0,0.0,,,2.8145,2029-07-29,33.22,False
OTS6O,[OTS],,Sin mapear,ARS,1,0.0,160150.0,0.0,0.0,,,2.8145,2029-07-29,33.22,False
OTS6Y,[OTS],,Sin mapear,USD,2,0.0,0.0,0.0,0.0,,,2.8145,2029-07-29,33.22,False
OZC6C,EMPRESA DISTRIB DE ELECTRICIDAD DE MENDOZA S.A.,30699542454,,EXT,1,0.0,0.0,0.0,0.0,,,4.8104,2031-07-28,33.22,True
OZC6C,EMPRESA DISTRIB DE ELECTRICIDAD DE MENDOZA S.A.,30699542454,,EXT,2,0.0,0.0,0.0,0.0,,,4.8104,2031-07-28,33.22,True
OZC6D,EMPRESA DISTRIB DE ELECTRICIDAD DE MENDOZA S.A.,30699542454,,USD,1,0.0,0.0,0.0,0.0,,,4.8104,2031-07-28,33.22,True
OZC6D,EMPRESA DISTRIB DE ELECTRICIDAD DE MENDOZA S.A.,30699542454,,USD,2,0.0,0.0,105.0,0.0,,,4.8104,2031-07-28,33.22,True
OZC6O,EMPRESA DISTRIB DE ELECTRICIDAD DE MENDOZA S.A.,30699542454,,ARS,2,0.0,0.0,0.0,0.0,,,4.8104,2031-07-28,33.22,True
OZC8C,EMPRESA DISTRIB DE ELECTRICIDAD DE MENDOZA S.A.,30699542454,,EXT,1,0.0,0.0,0.0,0.0,,,6.6831,2033-06-11,33.22,True
OZC8O,EMPRESA DISTRIB DE ELECTRICIDAD DE MENDOZA S.A.,30699542454,,ARS,1,0.0,0.0,0.0,0.0,,,6.6831,2033-06-11,33.22,True
OZC8Z,EMPRESA DISTRIB DE ELECTRICIDAD DE MENDOZA S.A.,30699542454,,EXT,1,0.0,0.0,0.0,0.0,,,6.6831,2033-06-11,33.22,True
OZC8Z,EMPRESA DISTRIB DE ELECTRICIDAD DE MENDOZA S.A.,30699542454,,EXT,2,0.0,0.0,0.0,0.0,,,6.6831,2033-06-11,33.22,True
PB1MC,PROMEDON S.A.,30619780635,,EXT,1,0.0,0.0,0.0,0.0,,,2.2177,2028-12-23,33.22,True
PB1MD,PROMEDON S.A.,30619780635,,USD,1,0.0,0.0,0.0,0.0,,,2.2177,2028-12-23,33.22,True
PB1MD,PROMEDON S.A.,30619780635,,USD,2,0.0,0.0,0.0,0.0,,,2.2177,2028-12-23,33.22,True
PB2MD,PROMEDON S.A.,30619780635,,USD,2,0.0,0.0,0.0,0.0,,,2.9432,2029-09-14,33.22,True
PBS1M,PROMEDON S.A.,30619780635,,ARS,1,0.0,0.0,0.0,0.0,,,2.2177,2028-12-23,33.22,True
PDS2P,PROSEIND S.A.,30707009892,,ARS,2,0.0,0.0,0.0,0.0,,,0.6379,2027-05-26,33.22,True
PECJO,PETROLERA ACONCAGUA ENERGIA S.A.,30714814229,,ARS,2,0.0,50.0,0.0,0.0,,,3.8877,2030-08-25,33.22,True
PECJX,PETROLERA ACONCAGUA ENERGIA S.A.,30714814229,,ARS,2,0.0,0.0,0.0,0.0,,,3.8877,2030-08-25,33.22,True
PECKD,PETROLERA ACONCAGUA ENERGIA S.A.,30714814229,,USD,1,0.0,0.0,0.0,0.0,,,3.8877,2030-08-25,33.22,True
PECKO,PETROLERA ACONCAGUA ENERGIA S.A.,30714814229,,ARS,1,0.0,0.0,0.0,0.0,,,3.8877,2030-08-25,33.22,True
PECKO,PETROLERA ACONCAGUA ENERGIA S.A.,30714814229,,ARS,2,0.0,0.0,85000.0,0.0,,,3.8877,2030-08-25,33.22,True
PECLX,PETROLERA ACONCAGUA ENERGIA S.A.,30714814229,,ARS,2,0.0,0.0,0.0,0.0,,,5.8891,2032-08-25,33.22,True
PECMD,PETROLERA ACONCAGUA ENERGIA S.A.,30714814229,,USD,1,0.0,0.0,95.0,0.0,,,5.8891,2032-08-25,33.22,True
PECMD,PETROLERA ACONCAGUA ENERGIA S.A.,30714814229,,USD,2,0.0,0.0,56.0,0.0,,,5.8891,2032-08-25,33.22,True
PECMO,PETROLERA ACONCAGUA ENERGIA S.A.,30714814229,,ARS,1,0.0,0.0,0.0,0.0,,,5.8891,2032-08-25,33.22,True
PECNC,PETROLERA ACONCAGUA ENERGIA S.A.,30714814229,,EXT,2,0.0,0.0,0.0,0.0,,,5.8891,2032-08-25,33.22,True
PFC2C,PATAGONIA FRUITS TRADE S.A,30690967541,,EXT,2,0.0,0.0,0.0,0.0,,,0.7721,2027-07-14,33.22,True
PFC2X,PATAGONIA FRUITS TRADE S.A,30690967541,,ARS,2,0.0,0.0,0.0,0.0,,,0.7721,2027-07-14,33.22,True
PFC2Y,PATAGONIA FRUITS TRADE S.A,30690967541,,USD,2,0.0,0.0,0.0,0.0,,,0.7721,2027-07-14,33.22,True
PFC3D,PATAGONIA FRUITS TRADE S.A,30690967541,,USD,1,0.0,100.55,0.0,0.0,,,3.0938,2029-11-08,33.22,True
PFC3O,PATAGONIA FRUITS TRADE S.A,30690967541,,ARS,1,0.0,0.0,0.0,0.0,,,3.0938,2029-11-08,33.22,True
PFC3O,PATAGONIA FRUITS TRADE S.A,30690967541,,ARS,2,0.0,0.0,158650.0,0.0,,,3.0938,2029-11-08,33.22,True
PFC3Y,PATAGONIA FRUITS TRADE S.A,30690967541,,USD,2,0.0,0.0,0.0,0.0,,,3.0938,2029-11-08,33.22,True
PFC4D,PATAGONIA FRUITS TRADE S.A,30690967541,,USD,1,0.0,0.0,0.0,0.0,,,3.4004,2030-02-28,33.22,True
PFC4O,PATAGONIA FRUITS TRADE S.A,30690967541,,ARS,1,0.0,0.0,0.0,0.0,,,3.4004,2030-02-28,33.22,True
PHC3D,[PHC],,Sin mapear,USD,1,0.0,0.0,0.0,0.0,,,0.282,2027-01-16,33.22,False
PHC3D,[PHC],,Sin mapear,USD,2,0.0,0.0,0.0,0.0,,,0.282,2027-01-16,33.22,False
PHC4D,[PHC],,Sin mapear,USD,2,0.0,0.0,0.0,0.0,,,2.601,2029-05-12,33.22,False
PHC4O,[PHC],,Sin mapear,ARS,1,0.0,0.0,0.0,0.0,,,2.601,2029-05-12,33.22,False
PLC1C,Pluspetrol S.A.,30678224010,Energía - Petróleo y Gas,EXT,2,0.0,0.0,0.0,0.0,,,1.3114,2028-01-27,33.22,True
PLC1X,Pluspetrol S.A.,30678224010,Energía - Petróleo y Gas,ARS,1,0.0,0.0,0.0,0.0,,,1.3114,2028-01-27,33.22,True
PLC1X,Pluspetrol S.A.,30678224010,Energía - Petróleo y Gas,ARS,2,0.0,0.0,0.0,0.0,,,1.3114,2028-01-27,33.22,True
PLC1Y,Pluspetrol S.A.,30678224010,Energía - Petróleo y Gas,USD,1,0.0,0.0,0.0,0.0,,,1.3114,2028-01-27,33.22,True
PLC1Y,Pluspetrol S.A.,30678224010,Energía - Petróleo y Gas,USD,2,0.0,0.0,0.0,0.0,,,1.3114,2028-01-27,33.22,True
PLC2C,Pluspetrol S.A.,30678224010,Energía - Petróleo y Gas,EXT,1,0.0,0.0,0.0,0.0,,,3.3128,2030-01-27,33.22,True
PLC2Y,Pluspetrol S.A.,30678224010,Energía - Petróleo y Gas,USD,2,0.0,0.0,0.0,0.0,,,3.3128,2030-01-27,33.22,True
PLC3C,Pluspetrol S.A.,30678224010,Energía - Petróleo y Gas,EXT,1,0.0,0.0,0.0,0.0,,,1.5688,2028-04-30,33.22,True
PLC3Y,Pluspetrol S.A.,30678224010,Energía - Petróleo y Gas,USD,2,0.0,0.0,0.0,0.0,,,1.5688,2028-04-30,33.22,True
PLC4C,Pluspetrol S.A.,30678224010,Energía - Petróleo y Gas,EXT,1,0.0,0.0,104.4,0.0,,,5.6509,2032-05-30,33.22,True
PLC4X,Pluspetrol S.A.,30678224010,Energía - Petróleo y Gas,ARS,1,0.0,0.0,0.0,0.0,,,5.6509,2032-05-30,33.22,True
PLC4X,Pluspetrol S.A.,30678224010,Energía - Petróleo y Gas,ARS,2,0.0,0.0,0.0,0.0,,,5.6509,2032-05-30,33.22,True
PLC4Y,Pluspetrol S.A.,30678224010,Energía - Petróleo y Gas,USD,1,0.0,0.0,0.0,0.0,,,5.6509,2032-05-30,33.22,True
PLC4Y,Pluspetrol S.A.,30678224010,Energía - Petróleo y Gas,USD,2,0.0,0.0,0.0,0.0,,,5.6509,2032-05-30,33.22,True
PLC5C,Pluspetrol S.A.,30678224010,Energía - Petróleo y Gas,EXT,1,0.0,0.0,0.0,0.0,,,4.616,2031-05-18,33.22,True
PLC6X,Pluspetrol S.A.,30678224010,Energía - Petróleo y Gas,ARS,1,0.0,0.0,0.0,0.0,,,2.3984,2029-02-27,33.22,True
PLC6X,Pluspetrol S.A.,30678224010,Energía - Petróleo y Gas,ARS,2,0.0,0.0,0.0,0.0,,,2.3984,2029-02-27,33.22,True
PLC6Y,Pluspetrol S.A.,30678224010,Energía - Petróleo y Gas,USD,2,0.0,0.0,0.0,0.0,,,2.3984,2029-02-27,33.22,True
PLC7C,Pluspetrol S.A.,30678224010,Energía - Petróleo y Gas,EXT,1,0.0,0.0,106.0,0.0,,,10.987,2037-09-30,33.22,True
PLC7X,Pluspetrol S.A.,30678224010,Energía - Petróleo y Gas,ARS,2,0.0,0.0,0.0,0.0,,,10.987,2037-09-30,33.22,True
PLC7Z,Pluspetrol S.A.,30678224010,Energía - Petróleo y Gas,EXT,1,0.0,0.0,0.0,0.0,,,10.987,2037-09-30,33.22,True
PLC7Z,Pluspetrol S.A.,30678224010,Energía - Petróleo y Gas,EXT,2,0.0,0.0,0.0,0.0,,,10.987,2037-09-30,33.22,True
PN35C,Pan American Energy LLC (PAE Sucursal),30714813583,Energía - Petróleo y Gas,EXT,1,0.0,0.0,0.0,0.0,,,2.9788,2029-09-27,33.22,True
PN35X,Pan American Energy LLC (PAE Sucursal),30714813583,Energía - Petróleo y Gas,ARS,1,0.0,0.0,0.0,0.0,,,2.9788,2029-09-27,33.22,True
PN35X,Pan American Energy LLC (PAE Sucursal),30714813583,Energía - Petróleo y Gas,ARS,2,0.0,0.0,0.0,0.0,,,2.9788,2029-09-27,33.22,True
PN35Y,Pan American Energy LLC (PAE Sucursal),30714813583,Energía - Petróleo y Gas,USD,1,0.0,0.0,0.0,0.0,,,2.9788,2029-09-27,33.22,True
PN35Y,Pan American Energy LLC (PAE Sucursal),30714813583,Energía - Petróleo y Gas,USD,2,0.0,0.0,0.0,0.0,,,2.9788,2029-09-27,33.22,True
PN35Z,Pan American Energy LLC (PAE Sucursal),30714813583,Energía - Petróleo y Gas,EXT,1,0.0,0.0,0.0,0.0,,,2.9788,2029-09-27,33.22,True
PN36C,Pan American Energy LLC (PAE Sucursal),30714813583,Energía - Petróleo y Gas,EXT,2,0.0,0.0,105.5,0.0,,,5.1061,2031-11-13,33.22,True
PN37C,Pan American Energy LLC (PAE Sucursal),30714813583,Energía - Petróleo y Gas,EXT,2,0.0,0.0,0.0,0.0,,,2.1081,2028-11-13,33.22,True
PN37X,Pan American Energy LLC (PAE Sucursal),30714813583,Energía - Petróleo y Gas,ARS,1,0.0,0.0,0.0,0.0,,,2.1081,2028-11-13,33.22,True
PN37X,Pan American Energy LLC (PAE Sucursal),30714813583,Energía - Petróleo y Gas,ARS,2,0.0,0.0,0.0,0.0,,,2.1081,2028-11-13,33.22,True
PN37Y,Pan American Energy LLC (PAE Sucursal),30714813583,Energía - Petróleo y Gas,USD,1,0.0,0.0,0.0,0.0,,,2.1081,2028-11-13,33.22,True
PN38C,Pan American Energy LLC (PAE Sucursal),30714813583,Energía - Petróleo y Gas,EXT,1,0.0,0.0,0.0,0.0,,,0.8487,2027-08-11,33.22,True
PN38X,Pan American Energy LLC (PAE Sucursal),30714813583,Energía - Petróleo y Gas,ARS,1,0.0,0.0,0.0,0.0,,,0.8487,2027-08-11,33.22,True
PN38Y,Pan American Energy LLC (PAE Sucursal),30714813583,Energía - Petróleo y Gas,USD,1,0.0,0.0,0.0,0.0,,,0.8487,2027-08-11,33.22,True
PN38Y,Pan American Energy LLC (PAE Sucursal),30714813583,Energía - Petróleo y Gas,USD,2,0.0,0.0,0.0,0.0,,,0.8487,2027-08-11,33.22,True
PN38Z,Pan American Energy LLC (PAE Sucursal),30714813583,Energía - Petróleo y Gas,EXT,1,0.0,0.0,0.0,0.0,,,0.8487,2027-08-11,33.22,True
PN38Z,Pan American Energy LLC (PAE Sucursal),30714813583,Energía - Petróleo y Gas,EXT,2,0.0,0.0,0.0,0.0,,,0.8487,2027-08-11,33.22,True
PN40D,Pan American Energy LLC (PAE Sucursal),30714813583,Energía - Petróleo y Gas,USD,2,0.0,0.0,0.0,0.0,,,0.0164,2026-10-11,33.22,True
PN40O,Pan American Energy LLC (PAE Sucursal),30714813583,Energía - Petróleo y Gas,ARS,1,0.0,0.0,0.0,0.0,,,0.0164,2026-10-11,33.22,True
PN40O,Pan American Energy LLC (PAE Sucursal),30714813583,Energía - Petróleo y Gas,ARS,2,0.0,125000.0,0.0,0.0,,,0.0164,2026-10-11,33.22,True
PN40X,Pan American Energy LLC (PAE Sucursal),30714813583,Energía - Petróleo y Gas,ARS,1,0.0,0.0,0.0,0.0,,,0.0164,2026-10-11,33.22,True
PN40X,Pan American Energy LLC (PAE Sucursal),30714813583,Energía - Petróleo y Gas,ARS,2,0.0,0.0,0.0,0.0,,,0.0164,2026-10-11,33.22,True
PN40Y,Pan American Energy LLC (PAE Sucursal),30714813583,Energía - Petróleo y Gas,USD,1,0.0,0.0,0.0,0.0,,,0.0164,2026-10-11,33.22,True
PN40Z,Pan American Energy LLC (PAE Sucursal),30714813583,Energía - Petróleo y Gas,EXT,1,0.0,0.0,0.0,0.0,,,0.0164,2026-10-11,33.22,True
PN40Z,Pan American Energy LLC (PAE Sucursal),30714813583,Energía - Petróleo y Gas,EXT,2,0.0,0.0,0.0,0.0,,,0.0164,2026-10-11,33.22,True
PN41C,Pan American Energy LLC (PAE Sucursal),30714813583,Energía - Petróleo y Gas,EXT,1,0.0,0.0,0.0,0.0,,,2.8939,2029-08-27,33.22,True
PN41X,Pan American Energy LLC (PAE Sucursal),30714813583,Energía - Petróleo y Gas,ARS,1,0.0,0.0,0.0,0.0,,,2.8939,2029-08-27,33.22,True
PN41Y,Pan American Energy LLC (PAE Sucursal),30714813583,Energía - Petróleo y Gas,USD,1,0.0,0.0,0.0,0.0,,,2.8939,2029-08-27,33.22,True
PN41Y,Pan American Energy LLC (PAE Sucursal),30714813583,Energía - Petróleo y Gas,USD,2,0.0,0.0,0.0,0.0,,,2.8939,2029-08-27,33.22,True
PN42C,Pan American Energy LLC (PAE Sucursal),30714813583,Energía - Petróleo y Gas,EXT,2,0.0,0.0,0.0,0.0,,,0.5311,2027-04-17,33.22,True
PN42O,Pan American Energy LLC (PAE Sucursal),30714813583,Energía - Petróleo y Gas,ARS,1,0.0,0.0,0.0,0.0,,,0.5311,2027-04-17,33.22,True
PN43C,Pan American Energy LLC (PAE Sucursal),30714813583,Energía - Petróleo y Gas,EXT,1,0.0,0.0,0.0,0.0,,,10.2806,2037-01-15,33.22,True
PN43C,Pan American Energy LLC (PAE Sucursal),30714813583,Energía - Petróleo y Gas,EXT,2,0.0,0.0,0.0,0.0,,,10.2806,2037-01-15,33.22,True
PN43X,Pan American Energy LLC (PAE Sucursal),30714813583,Energía - Petróleo y Gas,ARS,1,0.0,0.0,0.0,0.0,,,10.2806,2037-01-15,33.22,True
PN43Z,Pan American Energy LLC (PAE Sucursal),30714813583,Energía - Petróleo y Gas,EXT,1,0.0,0.0,0.0,0.0,,,10.2806,2037-01-15,33.22,True
PNDCC,Pan American Energy LLC (PAE Sucursal),30714813583,Energía - Petróleo y Gas,EXT,1,0.0,0.0,0.0,0.0,,,0.5667,2027-04-30,33.22,True
PNDCD,Pan American Energy LLC (PAE Sucursal),30714813583,Energía - Petróleo y Gas,USD,1,0.0,40.0,0.0,0.0,,,0.5667,2027-04-30,33.22,True
PNDCX,Pan American Energy LLC (PAE Sucursal),30714813583,Energía - Petróleo y Gas,ARS,1,0.0,0.0,0.0,0.0,,,0.5667,2027-04-30,33.22,True
PNDCX,Pan American Energy LLC (PAE Sucursal),30714813583,Energía - Petróleo y Gas,ARS,2,0.0,0.0,0.0,0.0,,,0.5667,2027-04-30,33.22,True
PNDCY,Pan American Energy LLC (PAE Sucursal),30714813583,Energía - Petróleo y Gas,USD,2,0.0,0.0,0.0,0.0,,,0.5667,2027-04-30,33.22,True
PNDCZ,Pan American Energy LLC (PAE Sucursal),30714813583,Energía - Petróleo y Gas,EXT,1,0.0,0.0,0.0,0.0,,,0.5667,2027-04-30,33.22,True
PNDCZ,Pan American Energy LLC (PAE Sucursal),30714813583,Energía - Petróleo y Gas,EXT,2,0.0,0.0,0.0,0.0,,,0.5667,2027-04-30,33.22,True
PNECC,Pan American Energy LLC (PAE Sucursal),30714813583,Energía - Petróleo y Gas,EXT,2,0.0,0.0,0.0,0.0,,,4.7666,2031-07-12,33.22,True
PNECO,Pan American Energy LLC (PAE Sucursal),30714813583,Energía - Petróleo y Gas,ARS,2,0.0,76600.0,0.0,0.0,,,4.7666,2031-07-12,33.22,True
PNECX,Pan American Energy LLC (PAE Sucursal),30714813583,Energía - Petróleo y Gas,ARS,1,0.0,0.0,0.0,0.0,,,4.7666,2031-07-12,33.22,True
PNECX,Pan American Energy LLC (PAE Sucursal),30714813583,Energía - Petróleo y Gas,ARS,2,0.0,0.0,0.0,0.0,,,4.7666,2031-07-12,33.22,True
PNICD,Pan American Energy LLC (PAE Sucursal),30714813583,Energía - Petróleo y Gas,USD,2,0.0,0.0,100.0,0.0,,,5.3415,2032-02-07,33.22,True
PNICO,Pan American Energy LLC (PAE Sucursal),30714813583,Energía - Petróleo y Gas,ARS,1,0.0,0.0,0.0,0.0,,,5.3415,2032-02-07,33.22,True
PNICX,Pan American Energy LLC (PAE Sucursal),30714813583,Energía - Petróleo y Gas,ARS,1,0.0,0.0,0.0,0.0,,,5.3415,2032-02-07,33.22,True
PNICX,Pan American Energy LLC (PAE Sucursal),30714813583,Energía - Petróleo y Gas,ARS,2,0.0,0.0,0.0,0.0,,,5.3415,2032-02-07,33.22,True
PNICY,Pan American Energy LLC (PAE Sucursal),30714813583,Energía - Petróleo y Gas,USD,1,0.0,0.0,0.0,0.0,,,5.3415,2032-02-07,33.22,True
PNJCO,Pan American Energy LLC (PAE Sucursal),30714813583,Energía - Petróleo y Gas,ARS,1,0.0,0.0,0.0,0.0,,,0.3422,2027-02-07,33.22,True
PNJCO,Pan American Energy LLC (PAE Sucursal),30714813583,Energía - Petróleo y Gas,ARS,2,0.0,128000.0,0.0,0.0,,,0.3422,2027-02-07,33.22,True
PNJCX,Pan American Energy LLC (PAE Sucursal),30714813583,Energía - Petróleo y Gas,ARS,1,0.0,0.0,0.0,0.0,,,0.3422,2027-02-07,33.22,True
PNJCX,Pan American Energy LLC (PAE Sucursal),30714813583,Energía - Petróleo y Gas,ARS,2,0.0,0.0,0.0,0.0,,,0.3422,2027-02-07,33.22,True
PNJCY,Pan American Energy LLC (PAE Sucursal),30714813583,Energía - Petróleo y Gas,USD,1,0.0,0.0,0.0,0.0,,,0.3422,2027-02-07,33.22,True
PNJCZ,Pan American Energy LLC (PAE Sucursal),30714813583,Energía - Petróleo y Gas,EXT,1,0.0,0.0,0.0,0.0,,,0.3422,2027-02-07,33.22,True
PNRCD,Pan American Energy LLC (PAE Sucursal),30714813583,Energía - Petróleo y Gas,USD,2,0.0,0.0,96.0,0.0,,,1.8398,2028-08-07,33.22,True
PNRCO,Pan American Energy LLC (PAE Sucursal),30714813583,Energía - Petróleo y Gas,ARS,1,0.0,0.0,0.0,0.0,,,1.8398,2028-08-07,33.22,True
PNRCX,Pan American Energy LLC (PAE Sucursal),30714813583,Energía - Petróleo y Gas,ARS,1,0.0,0.0,0.0,0.0,,,1.8398,2028-08-07,33.22,True
PNRCX,Pan American Energy LLC (PAE Sucursal),30714813583,Energía - Petróleo y Gas,ARS,2,0.0,0.0,0.0,0.0,,,1.8398,2028-08-07,33.22,True
PNRCZ,Pan American Energy LLC (PAE Sucursal),30714813583,Energía - Petróleo y Gas,EXT,2,0.0,0.0,0.0,0.0,,,1.8398,2028-08-07,33.22,True
PNXCC,Pan American Energy LLC (PAE Sucursal),30714813583,Energía - Petróleo y Gas,EXT,1,0.0,0.0,0.0,0.0,,,5.5688,2032-04-30,33.22,True
PNXCC,Pan American Energy LLC (PAE Sucursal),30714813583,Energía - Petróleo y Gas,EXT,2,0.0,0.0,109.8,0.0,,,5.5688,2032-04-30,33.22,True
PNXCD,Pan American Energy LLC (PAE Sucursal),30714813583,Energía - Petróleo y Gas,USD,1,0.0,0.0,115.9,0.0,,,5.5688,2032-04-30,33.22,True
PNXCX,Pan American Energy LLC (PAE Sucursal),30714813583,Energía - Petróleo y Gas,ARS,1,0.0,0.0,0.0,0.0,,,5.5688,2032-04-30,33.22,True
PNXCX,Pan American Energy LLC (PAE Sucursal),30714813583,Energía - Petróleo y Gas,ARS,2,0.0,0.0,0.0,0.0,,,5.5688,2032-04-30,33.22,True
PNXCY,Pan American Energy LLC (PAE Sucursal),30714813583,Energía - Petróleo y Gas,USD,2,0.0,0.0,0.0,0.0,,,5.5688,2032-04-30,33.22,True
PNXCZ,Pan American Energy LLC (PAE Sucursal),30714813583,Energía - Petróleo y Gas,EXT,2,0.0,0.0,0.0,0.0,,,5.5688,2032-04-30,33.22,True
PNZCD,PAN AMERICAN ENERGY LLC (PAE SUCURSAL),30714813583,,USD,1,0.0,0.0,0.0,0.0,,,0.7447,2027-07-04,33.22,True
PNZCD,PAN AMERICAN ENERGY LLC (PAE SUCURSAL),30714813583,,USD,2,0.0,0.0,0.0,0.0,,,0.7447,2027-07-04,33.22,True
PNZCO,PAN AMERICAN ENERGY LLC (PAE SUCURSAL),30714813583,,ARS,1,0.0,0.0,0.0,0.0,,,0.7447,2027-07-04,33.22,True
PNZCO,PAN AMERICAN ENERGY LLC (PAE SUCURSAL),30714813583,,ARS,2,0.0,129500.0,0.0,0.0,,,0.7447,2027-07-04,33.22,True
PNZCX,PAN AMERICAN ENERGY LLC (PAE SUCURSAL),30714813583,,ARS,1,0.0,0.0,0.0,0.0,,,0.7447,2027-07-04,33.22,True
PNZCY,PAN AMERICAN ENERGY LLC (PAE SUCURSAL),30714813583,,USD,2,0.0,0.0,0.0,0.0,,,0.7447,2027-07-04,33.22,True
PNZCZ,PAN AMERICAN ENERGY LLC (PAE SUCURSAL),30714813583,,EXT,1,0.0,0.0,0.0,0.0,,,0.7447,2027-07-04,33.22,True
PNZCZ,PAN AMERICAN ENERGY LLC (PAE SUCURSAL),30714813583,,EXT,2,0.0,0.0,0.0,0.0,,,0.7447,2027-07-04,33.22,True
PQCKO,Petroquímica Comodoro Rivadavia S.A.,30563598111,Industria - Petroquímica,ARS,1,0.0,0.0,0.0,0.0,,,0.1725,2026-12-07,33.22,True
PQCKX,Petroquímica Comodoro Rivadavia S.A.,30563598111,Industria - Petroquímica,ARS,1,0.0,0.0,0.0,0.0,,,0.1725,2026-12-07,33.22,True
PQCKX,Petroquímica Comodoro Rivadavia S.A.,30563598111,Industria - Petroquímica,ARS,2,0.0,0.0,0.0,0.0,,,0.1725,2026-12-07,33.22,True
PQCOD,Petroquímica Comodoro Rivadavia S.A.,30563598111,Industria - Petroquímica,USD,2,0.0,0.0,0.0,0.0,,,0.9637,2027-09-22,33.22,True
PQCOO,Petroquímica Comodoro Rivadavia S.A.,30563598111,Industria - Petroquímica,ARS,1,0.0,0.0,0.0,0.0,,,0.9637,2027-09-22,33.22,True
PQCOO,Petroquímica Comodoro Rivadavia S.A.,30563598111,Industria - Petroquímica,ARS,2,0.0,129000.0,0.0,0.0,,,0.9637,2027-09-22,33.22,True
PQCOX,Petroquímica Comodoro Rivadavia S.A.,30563598111,Industria - Petroquímica,ARS,1,0.0,0.0,0.0,0.0,,,0.9637,2027-09-22,33.22,True
PQCOX,Petroquímica Comodoro Rivadavia S.A.,30563598111,Industria - Petroquímica,ARS,2,0.0,0.0,0.0,0.0,,,0.9637,2027-09-22,33.22,True
PQCQO,PETROQUIMICA COMODORO RIVADAVIA S.A,30563598111,,ARS,1,0.0,0.0,0.0,0.0,,,0.7775,2027-07-16,33.22,True
PQCQO,PETROQUIMICA COMODORO RIVADAVIA S.A,30563598111,,ARS,2,0.0,100000.0,0.0,0.0,,,0.7775,2027-07-16,33.22,True
PQCQX,PETROQUIMICA COMODORO RIVADAVIA S.A,30563598111,,ARS,1,0.0,0.0,0.0,0.0,,,0.7775,2027-07-16,33.22,True
PQCQX,PETROQUIMICA COMODORO RIVADAVIA S.A,30563598111,,ARS,2,0.0,0.0,0.0,0.0,,,0.7775,2027-07-16,33.22,True
PQCRC,Petroquímica Comodoro Rivadavia S.A.,30563598111,Industria - Petroquímica,EXT,2,0.0,0.0,0.0,0.0,,,2.0479,2028-10-22,33.22,True
PQCRD,Petroquímica Comodoro Rivadavia S.A.,30563598111,Industria - Petroquímica,USD,1,0.0,0.0,0.0,0.0,,,2.0479,2028-10-22,33.22,True
PQCRO,Petroquímica Comodoro Rivadavia S.A.,30563598111,Industria - Petroquímica,ARS,1,0.0,150020.0,0.0,0.0,,,2.0479,2028-10-22,33.22,True
PQCRY,Petroquímica Comodoro Rivadavia S.A.,30563598111,Industria - Petroquímica,USD,2,0.0,0.0,0.0,0.0,,,2.0479,2028-10-22,33.22,True
PQCSC,Petroquímica Comodoro Rivadavia S.A.,30563598111,Industria - Petroquímica,EXT,1,0.0,0.0,0.0,0.0,,,4.3696,2031-02-17,33.22,True
PQCTC,Petroquímica Comodoro Rivadavia S.A.,30563598111,Industria - Petroquímica,EXT,2,0.0,0.0,0.0,0.0,,,1.7933,2028-07-21,33.22,True
PQCTD,Petroquímica Comodoro Rivadavia S.A.,30563598111,Industria - Petroquímica,USD,1,0.0,102.55,0.0,0.0,,,1.7933,2028-07-21,33.22,True
PQCTO,Petroquímica Comodoro Rivadavia S.A.,30563598111,Industria - Petroquímica,ARS,1,0.0,150890.0,0.0,0.0,,,1.7933,2028-07-21,33.22,True
PQCTO,Petroquímica Comodoro Rivadavia S.A.,30563598111,Industria - Petroquímica,ARS,2,0.0,151310.0,0.0,0.0,,,1.7933,2028-07-21,33.22,True
PQCTX,Petroquímica Comodoro Rivadavia S.A.,30563598111,Industria - Petroquímica,ARS,1,0.0,0.0,0.0,0.0,,,1.7933,2028-07-21,33.22,True
PQCTX,Petroquímica Comodoro Rivadavia S.A.,30563598111,Industria - Petroquímica,ARS,2,0.0,0.0,0.0,0.0,,,1.7933,2028-07-21,33.22,True
PQCTY,Petroquímica Comodoro Rivadavia S.A.,30563598111,Industria - Petroquímica,USD,1,0.0,0.0,0.0,0.0,,,1.7933,2028-07-21,33.22,True
PQCTY,Petroquímica Comodoro Rivadavia S.A.,30563598111,Industria - Petroquímica,USD,2,0.0,0.0,0.0,0.0,,,1.7933,2028-07-21,33.22,True
PQCTZ,Petroquímica Comodoro Rivadavia S.A.,30563598111,Industria - Petroquímica,EXT,2,0.0,0.0,0.0,0.0,,,1.7933,2028-07-21,33.22,True
PS34O,PSA Finance Argentina Cía. Financiera S.A.,30707847367,Financiero - Crédito Automotriz,ARS,1,0.0,0.0,0.0,0.0,,,1.2047,2027-12-19,33.22,True
PS34O,PSA Finance Argentina Cía. Financiera S.A.,30707847367,Financiero - Crédito Automotriz,ARS,2,0.0,0.0,0.0,0.0,,,1.2047,2027-12-19,33.22,True
PS34X,PSA Finance Argentina Cía. Financiera S.A.,30707847367,Financiero - Crédito Automotriz,ARS,2,0.0,0.0,0.0,0.0,,,1.2047,2027-12-19,33.22,True
PS37X,PSA Finance Argentina Cía. Financiera S.A.,30707847367,Financiero - Crédito Automotriz,ARS,2,0.0,0.0,0.0,0.0,,,0.6379,2027-05-26,33.22,True
PSSXO,PSA Finance Argentina Cía. Financiera S.A.,30707847367,Financiero - Crédito Automotriz,ARS,2,0.0,0.0,0.0,0.0,,,0.3997,2027-02-28,33.22,True
PUC2D,[PUC],,Sin mapear,USD,1,0.0,0.0,0.0,0.0,,,0.8953,2027-08-28,33.22,False
PUC2O,[PUC],,Sin mapear,ARS,1,0.0,0.0,0.0,0.0,,,0.8953,2027-08-28,33.22,False
PUC2O,[PUC],,Sin mapear,ARS,2,0.0,151500.0,0.0,0.0,,,0.8953,2027-08-28,33.22,False
PWC1O,[PWC],,Sin mapear,ARS,2,0.0,0.0,101.8,0.0,,,0.95,2027-09-17,33.22,False
PZCEO,PLAZA LOGISTICA S.R.L.,30655942382,,ARS,1,0.0,0.0,0.0,0.0,,,0.6708,2027-06-07,33.22,True
PZCEO,PLAZA LOGISTICA S.R.L.,30655942382,,ARS,2,0.0,0.0,0.0,0.0,,,0.6708,2027-06-07,33.22,True
PZCEX,PLAZA LOGISTICA S.R.L.,30655942382,,ARS,2,0.0,0.0,0.0,0.0,,,0.6708,2027-06-07,33.22,True
PZCGD,Plaza Logística S.R.L.,30655942382,Logística - Real Estate,USD,1,0.0,100.0,0.0,0.0,,,1.6646,2028-06-04,33.22,True
PZCGO,Plaza Logística S.R.L.,30655942382,Logística - Real Estate,ARS,1,0.0,0.0,0.0,0.0,,,1.6646,2028-06-04,33.22,True
RAC5C,[RAC],,Sin mapear,EXT,1,0.0,0.0,0.0,0.0,,,3.551,2030-04-24,33.22,False
RAC5C,[RAC],,Sin mapear,EXT,2,0.0,0.0,0.0,0.0,,,3.551,2030-04-24,33.22,False
RAC5D,[RAC],,Sin mapear,USD,1,0.0,0.0,0.0,0.0,,,3.551,2030-04-24,33.22,False
RAC5D,[RAC],,Sin mapear,USD,2,0.0,0.0,0.0,0.0,,,3.551,2030-04-24,33.22,False
RAC5O,[RAC],,Sin mapear,ARS,1,0.0,0.0,0.0,0.0,,,3.551,2030-04-24,33.22,False
RAC5O,[RAC],,Sin mapear,ARS,2,0.0,0.0,0.0,0.0,,,3.551,2030-04-24,33.22,False
RAC5X,[RAC],,Sin mapear,ARS,1,0.0,0.0,0.0,0.0,,,3.551,2030-04-24,33.22,False
RAC5X,[RAC],,Sin mapear,ARS,2,0.0,0.0,0.0,0.0,,,3.551,2030-04-24,33.22,False
RAC5Y,[RAC],,Sin mapear,USD,1,0.0,0.0,0.0,0.0,,,3.551,2030-04-24,33.22,False
RAC5Z,[RAC],,Sin mapear,EXT,1,0.0,0.0,0.0,0.0,,,3.551,2030-04-24,33.22,False
RAC5Z,[RAC],,Sin mapear,EXT,2,0.0,0.0,0.0,0.0,,,3.551,2030-04-24,33.22,False
RAC7C,[RAC],,Sin mapear,EXT,2,0.0,0.0,0.0,0.0,,,6.1848,2032-12-11,33.22,False
RAC7D,[RAC],,Sin mapear,USD,1,0.0,0.0,0.0,0.0,,,6.1848,2032-12-11,33.22,False
RAC7D,[RAC],,Sin mapear,USD,2,0.0,0.0,0.0,0.0,,,6.1848,2032-12-11,33.22,False
RAC7O,[RAC],,Sin mapear,ARS,1,0.0,0.0,0.0,0.0,,,6.1848,2032-12-11,33.22,False
RAC7O,[RAC],,Sin mapear,ARS,2,0.0,0.0,0.0,0.0,,,6.1848,2032-12-11,33.22,False
RAC8C,[RAC],,Sin mapear,EXT,1,0.0,0.0,0.0,0.0,,,9.8316,2036-08-04,33.22,False
RAC8C,[RAC],,Sin mapear,EXT,2,0.0,0.0,0.0,0.0,,,9.8316,2036-08-04,33.22,False
RAC8D,[RAC],,Sin mapear,USD,1,0.0,0.0,0.0,0.0,,,9.8316,2036-08-04,33.22,False
RAC8D,[RAC],,Sin mapear,USD,2,0.0,0.0,0.0,0.0,,,9.8316,2036-08-04,33.22,False
RAC8O,[RAC],,Sin mapear,ARS,2,0.0,0.0,159000.0,0.0,,,9.8316,2036-08-04,33.22,False
RB60O,Rombo Cía. Financiera S.A.,33707124909,Financiero - Crédito Automotriz,ARS,2,0.0,0.0,0.0,0.0,,,0.3231,2027-01-31,33.22,True
RB64X,Rombo Cía. Financiera S.A.,33707124909,Financiero - Crédito Automotriz,ARS,1,0.0,0.0,0.0,0.0,,,0.1999,2026-12-17,33.22,True
RB64X,Rombo Cía. Financiera S.A.,33707124909,Financiero - Crédito Automotriz,ARS,2,0.0,0.0,0.0,0.0,,,0.1999,2026-12-17,33.22,True
RB66O,Rombo Cía. Financiera S.A.,33707124909,Financiero - Crédito Automotriz,ARS,2,0.0,0.0,0.0,0.0,,,1.1992,2027-12-17,33.22,True
RB66X,Rombo Cía. Financiera S.A.,33707124909,Financiero - Crédito Automotriz,ARS,2,0.0,0.0,0.0,0.0,,,1.1992,2027-12-17,33.22,True
RB68O,Rombo Cía. Financiera S.A.,33707124909,Financiero - Crédito Automotriz,ARS,2,0.0,101.0,0.0,0.0,,,0.5311,2027-04-17,33.22,True
RC1CC,ARCOR S.A.I.C.,30502793175,,EXT,1,0.0,0.0,0.0,0.0,,,6.82,2033-07-31,33.22,True
RC1CX,ARCOR S.A.I.C.,30502793175,,ARS,1,0.0,0.0,0.0,0.0,,,6.82,2033-07-31,33.22,True
RC1CY,ARCOR S.A.I.C.,30502793175,,USD,2,0.0,0.0,0.0,0.0,,,6.82,2033-07-31,33.22,True
RC1CZ,ARCOR S.A.I.C.,30502793175,,EXT,1,0.0,0.0,0.0,0.0,,,6.82,2033-07-31,33.22,True
RC2CC,ARCOR S.A.I.C.,30502793175,,EXT,1,0.0,0.0,0.0,0.0,,,0.0027,2026-10-06,33.22,True
RC2CX,ARCOR S.A.I.C.,30502793175,,ARS,1,0.0,0.0,0.0,0.0,,,0.0027,2026-10-06,33.22,True
RC2CY,ARCOR S.A.I.C.,30502793175,,USD,1,0.0,0.0,0.0,0.0,,,0.0027,2026-10-06,33.22,True
RC3CD,Arcor S.A.I.C.,30502793175,Consumo - Alimentos,USD,2,0.0,0.0,0.0,0.0,,,0.1944,2026-12-15,33.22,True
RC3CX,Arcor S.A.I.C.,30502793175,Consumo - Alimentos,ARS,2,0.0,0.0,0.0,0.0,,,0.1944,2026-12-15,33.22,True
RC4CO,ARCOR S.A.I.C.,30502793175,,ARS,1,0.0,0.0,0.0,0.0,,,0.3915,2027-02-25,33.22,True
RC4CX,ARCOR S.A.I.C.,30502793175,,ARS,2,0.0,0.0,0.0,0.0,,,0.3915,2027-02-25,33.22,True
RC5CC,ARCOR S.A.I.C.,30502793175,,EXT,2,0.0,0.0,100.5,0.0,,,2.6256,2029-05-21,33.22,True
RC6CO,ARCOR S.A.I.C.,30502793175,,ARS,1,0.0,98.05,0.0,0.0,,,0.8761,2027-08-21,33.22,True
RC6CO,ARCOR S.A.I.C.,30502793175,,ARS,2,0.0,99.1,0.0,0.0,,,0.8761,2027-08-21,33.22,True
RCCRC,Arcor S.A.I.C.,30502793175,Consumo - Alimentos,EXT,1,0.0,0.0,0.0,0.0,,,0.5914,2027-05-09,33.22,True
RCCRC,Arcor S.A.I.C.,30502793175,Consumo - Alimentos,EXT,2,0.0,0.0,103.5,0.0,,,0.5914,2027-05-09,33.22,True
RCCRY,Arcor S.A.I.C.,30502793175,Consumo - Alimentos,USD,2,0.0,0.0,0.0,0.0,,,0.5914,2027-05-09,33.22,True
ROC1D,[ROC],,Sin mapear,USD,2,0.0,0.0,0.0,0.0,,,0.9774,2027-09-27,33.22,False
RUCDX,CERAMICA RUTA 16 S.R.L.,30710080085,,ARS,1,0.0,0.0,0.0,0.0,,,4.167,2030-12-05,33.22,True
RUCDX,CERAMICA RUTA 16 S.R.L.,30710080085,,ARS,2,0.0,0.0,0.0,0.0,,,4.167,2030-12-05,33.22,True
RUCDZ,CERAMICA RUTA 16 S.R.L.,30710080085,,EXT,1,0.0,0.0,0.0,0.0,,,4.167,2030-12-05,33.22,True
RUCEC,CERAMICA RUTA 16 S.R.L.,30710080085,,EXT,1,0.0,0.0,0.0,0.0,,,1.0678,2027-10-30,33.22,True
RUCEX,CERAMICA RUTA 16 S.R.L.,30710080085,,ARS,1,0.0,0.0,0.0,0.0,,,1.0678,2027-10-30,33.22,True
RUCEZ,CERAMICA RUTA 16 S.R.L.,30710080085,,EXT,1,0.0,0.0,0.0,0.0,,,1.0678,2027-10-30,33.22,True
RZ9AO,Rizobacter Argentina S.A.,30593174057,Agro - Biotech,ARS,2,0.0,0.0,88000.0,0.0,,,2.9131,2029-09-03,33.22,True
RZ9BD,Rizobacter Argentina S.A.,30593174057,Agro - Biotech,USD,1,0.0,0.0,67.0,0.0,,,2.9131,2029-09-03,33.22,True
RZABD,Rizobacter Argentina S.A.,30593174057,Agro - Biotech,USD,1,0.0,0.0,100.0,0.0,,,1.1472,2027-11-28,33.22,True
RZABO,Rizobacter Argentina S.A.,30593174057,Agro - Biotech,ARS,1,0.0,0.0,0.0,0.0,,,1.1472,2027-11-28,33.22,True
RZABY,Rizobacter Argentina S.A.,30593174057,Agro - Biotech,USD,1,0.0,0.0,0.0,0.0,,,1.1472,2027-11-28,33.22,True
RZBBD,RIZOBACTER ARGENTINA S.A.,30593174057,,USD,1,0.0,0.0,0.0,0.0,,,2.9131,2029-09-03,33.22,True
RZBBO,RIZOBACTER ARGENTINA S.A.,30593174057,,ARS,1,0.0,0.0,0.0,0.0,,,2.9131,2029-09-03,33.22,True
RZBCD,RIZOBACTER ARGENTINA S.A.,30593174057,,USD,1,0.0,0.0,0.0,0.0,,,2.9131,2029-09-03,33.22,True
SBC1C,SAN BAUTISTA DEL SUR SA,30715659340,,EXT,2,0.0,0.0,0.0,0.0,,,0.9172,2027-09-05,33.22,True
SBC1D,SAN BAUTISTA DEL SUR SA,30715659340,,USD,1,0.0,59.6,0.0,0.0,,,0.9172,2027-09-05,33.22,True
SBC1X,SAN BAUTISTA DEL SUR SA,30715659340,,ARS,1,0.0,0.0,0.0,0.0,,,0.9172,2027-09-05,33.22,True
SBC1Z,SAN BAUTISTA DEL SUR SA,30715659340,,EXT,1,0.0,0.0,0.0,0.0,,,0.9172,2027-09-05,33.22,True
SBC2C,SAN BAUTISTA DEL SUR SA,30715659340,,EXT,1,0.0,0.0,0.0,0.0,,,2.2834,2029-01-16,33.22,True
SBC2C,SAN BAUTISTA DEL SUR SA,30715659340,,EXT,2,0.0,87.42,0.0,0.0,,,2.2834,2029-01-16,33.22,True
SBC4D,SAN BAUTISTA DEL SUR SA,30715659340,,USD,1,0.0,99.2,0.0,0.0,,,2.9268,2029-09-08,33.22,True
SBC4O,SAN BAUTISTA DEL SUR SA,30715659340,,ARS,1,0.0,153050.0,0.0,0.0,,,2.9268,2029-09-08,33.22,True
SIC1C,[SIC],,Sin mapear,EXT,2,0.0,0.0,0.0,0.0,,,0.178,2026-12-09,33.22,False
SIC1Y,[SIC],,Sin mapear,USD,2,0.0,0.0,0.0,0.0,,,0.178,2026-12-09,33.22,False
SIC2C,[SIC],,Sin mapear,EXT,2,0.0,0.0,0.0,0.0,,,2.705,2029-06-19,33.22,False
SIC2D,[SIC],,Sin mapear,USD,1,0.0,0.0,0.0,0.0,,,2.705,2029-06-19,33.22,False
SIC2O,[SIC],,Sin mapear,ARS,1,0.0,0.0,0.0,0.0,,,2.705,2029-06-19,33.22,False
SIC2Y,[SIC],,Sin mapear,USD,2,0.0,0.0,0.0,0.0,,,2.705,2029-06-19,33.22,False
SNEAD,SION S.A.,30690076043,,USD,1,0.0,0.0,0.0,0.0,,,2.7734,2029-07-14,33.22,True
SNEAX,SION S.A.,30690076043,,ARS,1,0.0,0.0,0.0,0.0,,,2.7734,2029-07-14,33.22,True
SNEAZ,SION S.A.,30690076043,,EXT,1,0.0,0.0,0.0,0.0,,,2.7734,2029-07-14,33.22,True
SNEBD,SION S.A.,30690076043,,USD,1,0.0,0.0,66.0,0.0,,,2.7734,2029-07-14,33.22,True
SNSBD,SION S.A.,30690076043,,USD,1,0.0,0.0,84.0,0.0,,,0.0246,2026-10-14,33.22,True
SNSEP,SION S.A.,30690076043,,ARS,2,0.0,0.0,0.0,0.0,,,0.2875,2027-01-18,33.22,True
SOC3O,SPECIAL GRAINS S.A/PETROAGRO S.A.,30600615889,,ARS,2,0.0,0.0,0.0,0.0,,,0.0164,2026-10-11,33.22,True
STCFC,[STC],,Sin mapear,EXT,1,0.0,0.0,0.0,0.0,,,0.3723,2027-02-18,33.22,False
STCFD,[STC],,Sin mapear,USD,1,0.0,0.0,0.0,0.0,,,0.3723,2027-02-18,33.22,False
STCFO,[STC],,Sin mapear,ARS,1,0.0,0.0,0.0,0.0,,,0.3723,2027-02-18,33.22,False
STCFY,[STC],,Sin mapear,USD,2,0.0,0.0,0.0,0.0,,,0.3723,2027-02-18,33.22,False
STCGO,[STC],,Sin mapear,ARS,2,0.0,94.9,0.0,0.0,,,0.3723,2027-02-18,33.22,False
STCGX,[STC],,Sin mapear,ARS,2,0.0,0.0,0.0,0.0,,,0.3723,2027-02-18,33.22,False
STCHX,[STC],,Sin mapear,ARS,2,0.0,0.0,0.0,0.0,,,0.2957,2027-01-21,33.22,False
SXC3O,MERCADO PAGO SERVICIOS DE PROCESAMIENTO S.R.L.,30716999498,,ARS,1,0.0,0.0,0.0,0.0,,,0.386,2027-02-23,33.22,True
SXC3O,MERCADO PAGO SERVICIOS DE PROCESAMIENTO S.R.L.,30716999498,,ARS,2,0.0,0.0,0.0,0.0,,,0.386,2027-02-23,33.22,True
SXC3X,MERCADO PAGO SERVICIOS DE PROCESAMIENTO S.R.L.,30716999498,,ARS,1,0.0,0.0,0.0,0.0,,,0.386,2027-02-23,33.22,True
SXC3X,MERCADO PAGO SERVICIOS DE PROCESAMIENTO S.R.L.,30716999498,,ARS,2,0.0,0.0,0.0,0.0,,,0.386,2027-02-23,33.22,True
SXC5O,MERCADO PAGO SERVICIOS DE PROCESAMIENTO S.R.L.,30716999498,,ARS,2,0.0,0.0,0.0,0.0,,,0.1205,2026-11-18,33.22,True
SXC5X,MERCADO PAGO SERVICIOS DE PROCESAMIENTO S.R.L.,30716999498,,ARS,1,0.0,0.0,0.0,0.0,,,0.1205,2026-11-18,33.22,True
SXC5X,MERCADO PAGO SERVICIOS DE PROCESAMIENTO S.R.L.,30716999498,,ARS,2,0.0,0.0,0.0,0.0,,,0.1205,2026-11-18,33.22,True
SXC6O,MERCADO PAGO SERVICIOS DE PROCESAMIENTO S.R.L.,30716999498,,ARS,2,0.0,0.0,0.0,0.0,,,0.616,2027-05-18,33.22,True
SXC6X,MERCADO PAGO SERVICIOS DE PROCESAMIENTO S.R.L.,30716999498,,ARS,1,0.0,0.0,0.0,0.0,,,0.616,2027-05-18,33.22,True
SXC6X,MERCADO PAGO SERVICIOS DE PROCESAMIENTO S.R.L.,30716999498,,ARS,2,0.0,0.0,0.0,0.0,,,0.616,2027-05-18,33.22,True
SXC8X,MERCADO PAGO SERVICIOS DE PROCESAMIENTO S.R.L.,30716999498,,ARS,2,0.0,0.0,0.0,0.0,,,0.8843,2027-08-24,33.22,True
T641C,Tarjeta Naranja S.A.,30685376349,Financiero - Crédito Consumo,EXT,1,0.0,0.0,0.0,0.0,,,0.5667,2027-04-30,33.22,True
T641C,Tarjeta Naranja S.A.,30685376349,Financiero - Crédito Consumo,EXT,2,0.0,0.0,0.0,0.0,,,0.5667,2027-04-30,33.22,True
T641D,Tarjeta Naranja S.A.,30685376349,Financiero - Crédito Consumo,USD,1,0.0,100.15,0.0,0.0,,,0.5667,2027-04-30,33.22,True
T641O,Tarjeta Naranja S.A.,30685376349,Financiero - Crédito Consumo,ARS,1,0.0,152550.0,0.0,0.0,,,0.5667,2027-04-30,33.22,True
T641O,Tarjeta Naranja S.A.,30685376349,Financiero - Crédito Consumo,ARS,2,0.0,0.0,175500.0,0.0,,,0.5667,2027-04-30,33.22,True
T661C,Tarjeta Naranja S.A.,30685376349,Financiero - Crédito Consumo,EXT,1,0.0,0.0,0.0,0.0,,,0.1533,2026-11-30,33.22,True
T661D,Tarjeta Naranja S.A.,30685376349,Financiero - Crédito Consumo,USD,1,0.0,0.0,0.0,0.0,,,0.1533,2026-11-30,33.22,True
T661D,Tarjeta Naranja S.A.,30685376349,Financiero - Crédito Consumo,USD,2,0.0,0.0,0.0,0.0,,,0.1533,2026-11-30,33.22,True
T661O,Tarjeta Naranja S.A.,30685376349,Financiero - Crédito Consumo,ARS,1,0.0,0.0,0.0,0.0,,,0.1533,2026-11-30,33.22,True
T661X,Tarjeta Naranja S.A.,30685376349,Financiero - Crédito Consumo,ARS,1,0.0,0.0,0.0,0.0,,,0.1533,2026-11-30,33.22,True
T661X,Tarjeta Naranja S.A.,30685376349,Financiero - Crédito Consumo,ARS,2,0.0,0.0,0.0,0.0,,,0.1533,2026-11-30,33.22,True
T671O,Tarjeta Naranja S.A.U.,30685376349,Financiero - Consumo,ARS,2,0.0,0.0,0.0,0.0,,,0.627,2027-05-22,33.22,True
T671X,Tarjeta Naranja S.A.U.,30685376349,Financiero - Consumo,ARS,1,0.0,0.0,0.0,0.0,,,0.627,2027-05-22,33.22,True
T671X,Tarjeta Naranja S.A.U.,30685376349,Financiero - Consumo,ARS,2,0.0,0.0,0.0,0.0,,,0.627,2027-05-22,33.22,True
T672D,Tarjeta Naranja S.A.U.,30685376349,Financiero - Consumo,USD,1,0.0,0.0,0.0,0.0,,,0.3833,2027-02-22,33.22,True
T672O,Tarjeta Naranja S.A.U.,30685376349,Financiero - Consumo,ARS,1,0.0,0.0,158000.0,0.0,,,0.3833,2027-02-22,33.22,True
T672X,Tarjeta Naranja S.A.U.,30685376349,Financiero - Consumo,ARS,1,0.0,0.0,0.0,0.0,,,0.3833,2027-02-22,33.22,True
T672Z,Tarjeta Naranja S.A.U.,30685376349,Financiero - Consumo,EXT,1,0.0,0.0,0.0,0.0,,,0.3833,2027-02-22,33.22,True
T673D,Tarjeta Naranja S.A.U.,30685376349,Financiero - Consumo,USD,2,0.0,0.0,0.0,0.0,,,1.1307,2027-11-22,33.22,True
T673O,Tarjeta Naranja S.A.U.,30685376349,Financiero - Consumo,ARS,1,0.0,0.0,0.0,0.0,,,1.1307,2027-11-22,33.22,True
T673O,Tarjeta Naranja S.A.U.,30685376349,Financiero - Consumo,ARS,2,0.0,0.0,0.0,0.0,,,1.1307,2027-11-22,33.22,True
T673X,Tarjeta Naranja S.A.U.,30685376349,Financiero - Consumo,ARS,1,0.0,0.0,0.0,0.0,,,1.1307,2027-11-22,33.22,True
T673X,Tarjeta Naranja S.A.U.,30685376349,Financiero - Consumo,ARS,2,0.0,0.0,0.0,0.0,,,1.1307,2027-11-22,33.22,True
T673Y,Tarjeta Naranja S.A.U.,30685376349,Financiero - Consumo,USD,1,0.0,0.0,0.0,0.0,,,1.1307,2027-11-22,33.22,True
T673Y,Tarjeta Naranja S.A.U.,30685376349,Financiero - Consumo,USD,2,0.0,0.0,0.0,0.0,,,1.1307,2027-11-22,33.22,True
T673Z,Tarjeta Naranja S.A.U.,30685376349,Financiero - Consumo,EXT,1,0.0,0.0,0.0,0.0,,,1.1307,2027-11-22,33.22,True
T673Z,Tarjeta Naranja S.A.U.,30685376349,Financiero - Consumo,EXT,2,0.0,0.0,0.0,0.0,,,1.1307,2027-11-22,33.22,True
TBCAO,[TBC],,Sin mapear,ARS,2,0.0,0.0,0.0,0.0,,,1.2457,2028-01-03,33.22,False
TGCHO,[TGC],,Sin mapear,ARS,2,0.0,0.0,0.0,0.0,,,0.3532,2027-02-11,33.22,False
TLCDO,Telecom Argentina S.A.,30639453738,Telecomunicaciones,ARS,1,0.0,147410.0,0.0,0.0,,,0.4244,2027-03-09,33.22,True
TLCDX,Telecom Argentina S.A.,30639453738,Telecomunicaciones,ARS,1,0.0,0.0,0.0,0.0,,,0.4244,2027-03-09,33.22,True
TLCDX,Telecom Argentina S.A.,30639453738,Telecomunicaciones,ARS,2,0.0,0.0,0.0,0.0,,,0.4244,2027-03-09,33.22,True
TLCDZ,Telecom Argentina S.A.,30639453738,Telecomunicaciones,EXT,2,0.0,0.0,0.0,0.0,,,0.4244,2027-03-09,33.22,True
TLCFC,Telecom Argentina S.A.,30639453738,Telecomunicaciones,EXT,1,0.0,0.0,0.0,0.0,,,1.3498,2028-02-10,33.22,True
TLCFD,Telecom Argentina S.A.,30639453738,Telecomunicaciones,USD,1,0.0,0.0,0.0,0.0,,,1.3498,2028-02-10,33.22,True
TLCFD,Telecom Argentina S.A.,30639453738,Telecomunicaciones,USD,2,0.0,0.0,0.0,0.0,,,1.3498,2028-02-10,33.22,True
TLCFO,Telecom Argentina S.A.,30639453738,Telecomunicaciones,ARS,1,0.0,146500.0,0.0,0.0,,,1.3498,2028-02-10,33.22,True
TLCFX,Telecom Argentina S.A.,30639453738,Telecomunicaciones,ARS,1,0.0,0.0,0.0,0.0,,,1.3498,2028-02-10,33.22,True
TLCFX,Telecom Argentina S.A.,30639453738,Telecomunicaciones,ARS,2,0.0,0.0,0.0,0.0,,,1.3498,2028-02-10,33.22,True
TLCJO,TELECOM ARGENTINA S.A.,30639453738,,ARS,2,0.0,114210.0,0.0,0.0,,,1.117,2027-11-17,33.22,True
TLCJX,TELECOM ARGENTINA S.A.,30639453738,,ARS,1,0.0,0.0,0.0,0.0,,,1.117,2027-11-17,33.22,True
TLCJX,TELECOM ARGENTINA S.A.,30639453738,,ARS,2,0.0,0.0,0.0,0.0,,,1.117,2027-11-17,33.22,True
TLCKO,TELECOM ARGENTINA S.A.,30639453738,,ARS,1,0.0,0.0,0.0,0.0,,,0.1177,2026-11-17,33.22,True
TLCKO,TELECOM ARGENTINA S.A.,30639453738,,ARS,2,0.0,130000.0,0.0,0.0,,,0.1177,2026-11-17,33.22,True
TLCKX,TELECOM ARGENTINA S.A.,30639453738,,ARS,1,0.0,0.0,0.0,0.0,,,0.1177,2026-11-17,33.22,True
TLCKX,TELECOM ARGENTINA S.A.,30639453738,,ARS,2,0.0,0.0,0.0,0.0,,,0.1177,2026-11-17,33.22,True
TLCMC,Telecom Argentina S.A.,30639453738,Telecomunicaciones,EXT,1,0.0,0.0,0.0,0.0,,,4.783,2031-07-18,33.22,True
TLCMX,Telecom Argentina S.A.,30639453738,Telecomunicaciones,ARS,1,0.0,0.0,0.0,0.0,,,4.783,2031-07-18,33.22,True
TLCMX,Telecom Argentina S.A.,30639453738,Telecomunicaciones,ARS,2,0.0,0.0,0.0,0.0,,,4.783,2031-07-18,33.22,True
TLCMY,Telecom Argentina S.A.,30639453738,Telecomunicaciones,USD,1,0.0,0.0,0.0,0.0,,,4.783,2031-07-18,33.22,True
TLCMY,Telecom Argentina S.A.,30639453738,Telecomunicaciones,USD,2,0.0,0.0,0.0,0.0,,,4.783,2031-07-18,33.22,True
TLCMZ,Telecom Argentina S.A.,30639453738,Telecomunicaciones,EXT,1,0.0,0.0,0.0,0.0,,,4.783,2031-07-18,33.22,True
TLCMZ,Telecom Argentina S.A.,30639453738,Telecomunicaciones,EXT,2,0.0,0.0,0.0,0.0,,,4.783,2031-07-18,33.22,True
TLCOC,Telecom Argentina S.A.,30639453738,Telecomunicaciones,EXT,1,0.0,0.0,0.0,0.0,,,2.1492,2028-11-28,33.22,True
TLCOC,Telecom Argentina S.A.,30639453738,Telecomunicaciones,EXT,2,0.0,0.0,104.6,0.0,,,2.1492,2028-11-28,33.22,True
TLCOY,Telecom Argentina S.A.,30639453738,Telecomunicaciones,USD,2,0.0,0.0,0.0,0.0,,,2.1492,2028-11-28,33.22,True
TLCPX,Telecom Argentina S.A.,30639453738,Telecomunicaciones,ARS,1,0.0,0.0,0.0,0.0,,,6.6448,2033-05-28,33.22,True
TLCPX,Telecom Argentina S.A.,30639453738,Telecomunicaciones,ARS,2,0.0,0.0,0.0,0.0,,,6.6448,2033-05-28,33.22,True
TLCPY,Telecom Argentina S.A.,30639453738,Telecomunicaciones,USD,2,0.0,0.0,0.0,0.0,,,6.6448,2033-05-28,33.22,True
TLCPZ,Telecom Argentina S.A.,30639453738,Telecomunicaciones,EXT,1,0.0,0.0,0.0,0.0,,,6.6448,2033-05-28,33.22,True
TLCPZ,Telecom Argentina S.A.,30639453738,Telecomunicaciones,EXT,2,0.0,0.0,0.0,0.0,,,6.6448,2033-05-28,33.22,True
TLCQC,Telecom Argentina S.A.,30639453738,Telecomunicaciones,EXT,1,0.0,0.0,0.0,0.0,,,0.7392,2027-07-02,33.22,True
TLCQC,Telecom Argentina S.A.,30639453738,Telecomunicaciones,EXT,2,0.0,0.0,0.0,0.0,,,0.7392,2027-07-02,33.22,True
TLCTX,Telecom Argentina S.A.,30639453738,Telecomunicaciones,ARS,1,0.0,0.0,0.0,0.0,,,9.2923,2036-01-20,33.22,True
TLCTY,Telecom Argentina S.A.,30639453738,Telecomunicaciones,USD,2,0.0,0.0,0.0,0.0,,,9.2923,2036-01-20,33.22,True
TLCUC,Telecom Argentina S.A.,30639453738,Telecomunicaciones,EXT,2,0.0,0.0,100.0,0.0,,,2.4148,2029-03-05,33.22,True
TLCVC,Telecom Argentina S.A.,30639453738,Telecomunicaciones,EXT,2,0.0,0.0,0.0,0.0,,,0.6461,2027-05-29,33.22,True
TLCVO,Telecom Argentina S.A.,30639453738,Telecomunicaciones,ARS,1,0.0,153700.0,0.0,0.0,,,0.6461,2027-05-29,33.22,True
TLCWC,Telecom Argentina S.A.,30639453738,Telecomunicaciones,EXT,2,0.0,0.0,0.0,0.0,,,3.6468,2030-05-29,33.22,True
TLCWO,Telecom Argentina S.A.,30639453738,Telecomunicaciones,ARS,1,0.0,158000.0,0.0,0.0,,,3.6468,2030-05-29,33.22,True
TSC3C,[TSC],,Sin mapear,EXT,1,0.0,0.0,0.0,0.0,,,4.7995,2031-07-24,33.22,False
TSC3X,[TSC],,Sin mapear,ARS,1,0.0,0.0,0.0,0.0,,,4.7995,2031-07-24,33.22,False
TSC3X,[TSC],,Sin mapear,ARS,2,0.0,0.0,0.0,0.0,,,4.7995,2031-07-24,33.22,False
TSC3Y,[TSC],,Sin mapear,USD,1,0.0,0.0,0.0,0.0,,,4.7995,2031-07-24,33.22,False
TSC3Y,[TSC],,Sin mapear,USD,2,0.0,0.0,0.0,0.0,,,4.7995,2031-07-24,33.22,False
TSC3Z,[TSC],,Sin mapear,EXT,1,0.0,0.0,0.0,0.0,,,4.7995,2031-07-24,33.22,False
TSC3Z,[TSC],,Sin mapear,EXT,2,0.0,0.0,0.0,0.0,,,4.7995,2031-07-24,33.22,False
TSC4C,[TSC],,Sin mapear,EXT,1,0.0,0.0,0.0,0.0,,,9.1253,2035-11-20,33.22,False
TSC4Y,[TSC],,Sin mapear,USD,1,0.0,0.0,0.0,0.0,,,9.1253,2035-11-20,33.22,False
TSC4Y,[TSC],,Sin mapear,USD,2,0.0,0.0,0.0,0.0,,,9.1253,2035-11-20,33.22,False
TSC4Z,[TSC],,Sin mapear,EXT,1,0.0,0.0,0.0,0.0,,,9.1253,2035-11-20,33.22,False
TSC4Z,[TSC],,Sin mapear,EXT,2,0.0,0.0,0.0,0.0,,,9.1253,2035-11-20,33.22,False
TT1AC,[TT1],,Sin mapear,EXT,1,0.0,0.0,0.0,0.0,,,6.2998,2033-01-22,33.22,False
TT1AD,[TT1],,Sin mapear,USD,1,0.0,0.0,0.0,0.0,,,6.2998,2033-01-22,33.22,False
TT1AO,[TT1],,Sin mapear,ARS,1,0.0,159000.0,0.0,0.0,,,6.2998,2033-01-22,33.22,False
TT1AX,[TT1],,Sin mapear,ARS,1,0.0,0.0,0.0,0.0,,,6.2998,2033-01-22,33.22,False
TT1AX,[TT1],,Sin mapear,ARS,2,0.0,0.0,0.0,0.0,,,6.2998,2033-01-22,33.22,False
TTC8C,Tecpetrol S.A.,30592665472,Energía - Petróleo y Gas,EXT,2,0.0,0.0,0.0,0.0,,,1.0513,2027-10-24,33.22,True
TTC8X,Tecpetrol S.A.,30592665472,Energía - Petróleo y Gas,ARS,1,0.0,0.0,0.0,0.0,,,1.0513,2027-10-24,33.22,True
TTC8X,Tecpetrol S.A.,30592665472,Energía - Petróleo y Gas,ARS,2,0.0,0.0,0.0,0.0,,,1.0513,2027-10-24,33.22,True
TTC8Y,Tecpetrol S.A.,30592665472,Energía - Petróleo y Gas,USD,2,0.0,0.0,0.0,0.0,,,1.0513,2027-10-24,33.22,True
TTC9C,Tecpetrol S.A.,30592665472,Energía - Petróleo y Gas,EXT,1,0.0,0.0,0.0,0.0,,,3.0527,2029-10-24,33.22,True
TTC9X,Tecpetrol S.A.,30592665472,Energía - Petróleo y Gas,ARS,1,0.0,0.0,0.0,0.0,,,3.0527,2029-10-24,33.22,True
TTCAC,Tecpetrol S.A.,30592665472,Energía - Petróleo y Gas,EXT,1,0.0,0.0,0.0,0.0,,,6.2998,2033-01-22,33.22,True
TTCAY,Tecpetrol S.A.,30592665472,Energía - Petróleo y Gas,USD,1,0.0,0.0,0.0,0.0,,,6.2998,2033-01-22,33.22,True
TTCAY,Tecpetrol S.A.,30592665472,Energía - Petróleo y Gas,USD,2,0.0,0.0,0.0,0.0,,,6.2998,2033-01-22,33.22,True
TTCAZ,Tecpetrol S.A.,30592665472,Energía - Petróleo y Gas,EXT,2,0.0,0.0,0.0,0.0,,,6.2998,2033-01-22,33.22,True
TTCBC,Tecpetrol S.A.,30592665472,Energía - Petróleo y Gas,EXT,2,0.0,0.0,0.0,0.0,,,1.0294,2027-10-16,33.22,True
TTCBY,Tecpetrol S.A.,30592665472,Energía - Petróleo y Gas,USD,1,0.0,0.0,0.0,0.0,,,1.0294,2027-10-16,33.22,True
TTCBY,Tecpetrol S.A.,30592665472,Energía - Petróleo y Gas,USD,2,0.0,0.0,0.0,0.0,,,1.0294,2027-10-16,33.22,True
TTCDC,Tecpetrol S.A.,30592665472,Energía - Petróleo y Gas,EXT,1,0.0,0.0,104.75,0.0,,,4.0794,2030-11-03,33.22,True
TTCDX,Tecpetrol S.A.,30592665472,Energía - Petróleo y Gas,ARS,1,0.0,0.0,0.0,0.0,,,4.0794,2030-11-03,33.22,True
TTCDX,Tecpetrol S.A.,30592665472,Energía - Petróleo y Gas,ARS,2,0.0,0.0,0.0,0.0,,,4.0794,2030-11-03,33.22,True
TTCDY,Tecpetrol S.A.,30592665472,Energía - Petróleo y Gas,USD,1,0.0,0.0,0.0,0.0,,,4.0794,2030-11-03,33.22,True
TTCDY,Tecpetrol S.A.,30592665472,Energía - Petróleo y Gas,USD,2,0.0,0.0,0.0,0.0,,,4.0794,2030-11-03,33.22,True
TTCDZ,Tecpetrol S.A.,30592665472,Energía - Petróleo y Gas,EXT,1,0.0,0.0,0.0,0.0,,,4.0794,2030-11-03,33.22,True
TTCDZ,Tecpetrol S.A.,30592665472,Energía - Petróleo y Gas,EXT,2,0.0,0.0,0.0,0.0,,,4.0794,2030-11-03,33.22,True
TTCEC,Tecpetrol S.A.,30592665472,Energía - Petróleo y Gas,EXT,2,0.0,96.5,0.0,0.0,,,2.6256,2029-05-21,33.22,True
TTCEY,Tecpetrol S.A.,30592665472,Energía - Petróleo y Gas,USD,2,0.0,0.0,0.0,0.0,,,2.6256,2029-05-21,33.22,True
TY34O,Toyota Compañía Financiera de Argentina S.A.,30709000426,Financiero - Crédito Automotriz,ARS,2,0.0,0.0,0.0,0.0,,,0.3943,2027-02-26,33.22,True
TY38X,Toyota Compañía Financiera de Argentina S.A.,30709000426,Financiero - Crédito Automotriz,ARS,2,0.0,0.0,0.0,0.0,,,0.4162,2027-03-06,33.22,True
TY40O,TOYOTA COMPANIA FINANCIERA DE ARGENTINA,30709000426,,ARS,2,0.0,0.0,106.0,0.0,,,0.7118,2027-06-22,33.22,True
VAC3C,[VAC],,Sin mapear,EXT,2,0.0,0.0,0.0,0.0,,,1.0595,2027-10-27,33.22,False
VAC3D,[VAC],,Sin mapear,USD,1,0.0,0.0,0.0,0.0,,,1.0595,2027-10-27,33.22,False
VAC3D,[VAC],,Sin mapear,USD,2,0.0,94.0,0.0,0.0,,,1.0595,2027-10-27,33.22,False
VAC3P,[VAC],,Sin mapear,ARS,1,0.0,16620.0,0.0,0.0,,,1.0595,2027-10-27,33.22,False
VBC1C,[VBC],,Sin mapear,EXT,1,0.0,0.0,0.0,0.0,,,0.4298,2027-03-11,33.22,False
VBC1C,[VBC],,Sin mapear,EXT,2,0.0,0.0,0.0,0.0,,,0.4298,2027-03-11,33.22,False
VBC1O,[VBC],,Sin mapear,ARS,1,0.0,0.0,158000.0,0.0,,,0.4298,2027-03-11,33.22,False
VBC1Y,[VBC],,Sin mapear,USD,2,0.0,0.0,0.0,0.0,,,0.4298,2027-03-11,33.22,False
VBC3O,[VBC],,Sin mapear,ARS,2,0.0,106.0,0.0,0.0,,,0.052,2026-10-24,33.22,False
VBC4X,[VBC],,Sin mapear,ARS,2,0.0,0.0,0.0,0.0,,,0.7885,2027-07-20,33.22,False
VE2LD,RICARDO VENTURINO S.A,30698318895,,USD,2,0.0,0.0,0.0,0.0,,,2.0643,2028-10-28,33.22,True
VES2L,RICARDO VENTURINO S.A,30698318895,,ARS,1,0.0,0.0,0.0,0.0,,,2.0643,2028-10-28,33.22,True
VES2L,RICARDO VENTURINO S.A,30698318895,,ARS,2,0.0,0.0,0.0,0.0,,,2.0643,2028-10-28,33.22,True
VMC1C,ESTACION DE SERVICIOS 25 DE MAYO SRL,33708128649,,EXT,1,0.0,0.0,0.0,0.0,,,3.9644,2030-09-22,33.22,True
VMC1C,ESTACION DE SERVICIOS 25 DE MAYO SRL,33708128649,,EXT,2,0.0,0.0,100.3,0.0,,,3.9644,2030-09-22,33.22,True
VMC1X,ESTACION DE SERVICIOS 25 DE MAYO SRL,33708128649,,ARS,1,0.0,0.0,0.0,0.0,,,3.9644,2030-09-22,33.22,True
VMC1Y,ESTACION DE SERVICIOS 25 DE MAYO SRL,33708128649,,USD,1,0.0,0.0,0.0,0.0,,,3.9644,2030-09-22,33.22,True
VSCID,Vista Oil & Gas Argentina S.A.U.,33515950899,Energía - Petróleo y Gas,USD,1,0.0,0.0,0.0,0.0,,,0.1697,2026-12-06,33.22,True
VSCID,Vista Oil & Gas Argentina S.A.U.,33515950899,Energía - Petróleo y Gas,USD,2,0.0,0.0,0.0,0.0,,,0.1697,2026-12-06,33.22,True
VSCIO,Vista Oil & Gas Argentina S.A.U.,33515950899,Energía - Petróleo y Gas,ARS,1,0.0,0.0,0.0,0.0,,,0.1697,2026-12-06,33.22,True
VSCIX,Vista Oil & Gas Argentina S.A.U.,33515950899,Energía - Petróleo y Gas,ARS,1,0.0,0.0,0.0,0.0,,,0.1697,2026-12-06,33.22,True
VSCIX,Vista Oil & Gas Argentina S.A.U.,33515950899,Energía - Petróleo y Gas,ARS,2,0.0,0.0,0.0,0.0,,,0.1697,2026-12-06,33.22,True
VSCJD,Vista Oil & Gas Argentina S.A.U.,33515950899,Energía - Petróleo y Gas,USD,1,0.0,90.35,0.0,0.0,,,0.4079,2027-03-03,33.22,True
VSCJO,Vista Oil & Gas Argentina S.A.U.,33515950899,Energía - Petróleo y Gas,ARS,1,0.0,138680.0,0.0,0.0,,,0.4079,2027-03-03,33.22,True
VSCJX,Vista Oil & Gas Argentina S.A.U.,33515950899,Energía - Petróleo y Gas,ARS,1,0.0,0.0,0.0,0.0,,,0.4079,2027-03-03,33.22,True
VSCJX,Vista Oil & Gas Argentina S.A.U.,33515950899,Energía - Petróleo y Gas,ARS,2,0.0,0.0,0.0,0.0,,,0.4079,2027-03-03,33.22,True
VSCJY,Vista Oil & Gas Argentina S.A.U.,33515950899,Energía - Petróleo y Gas,USD,1,0.0,0.0,0.0,0.0,,,0.4079,2027-03-03,33.22,True
VSCKD,Vista Oil & Gas Argentina S.A.U.,33515950899,Energía - Petróleo y Gas,USD,1,0.0,0.0,0.0,0.0,,,1.41,2028-03-03,33.22,True
VSCKO,Vista Oil & Gas Argentina S.A.U.,33515950899,Energía - Petróleo y Gas,ARS,1,0.0,0.0,0.0,0.0,,,1.41,2028-03-03,33.22,True
VSCKX,Vista Oil & Gas Argentina S.A.U.,33515950899,Energía - Petróleo y Gas,ARS,1,0.0,0.0,0.0,0.0,,,1.41,2028-03-03,33.22,True
VSCKX,Vista Oil & Gas Argentina S.A.U.,33515950899,Energía - Petróleo y Gas,ARS,2,0.0,0.0,0.0,0.0,,,1.41,2028-03-03,33.22,True
VSCMO,Vista Oil & Gas Argentina S.A.U.,33515950899,Energía - Petróleo y Gas,ARS,1,0.0,0.0,0.0,0.0,,,1.8508,2028-08-11,33.22,True
VSCMO,Vista Oil & Gas Argentina S.A.U.,33515950899,Energía - Petróleo y Gas,ARS,2,0.0,120000.0,0.0,0.0,,,1.8508,2028-08-11,33.22,True
VSCMX,Vista Oil & Gas Argentina S.A.U.,33515950899,Energía - Petróleo y Gas,ARS,1,0.0,0.0,0.0,0.0,,,1.8508,2028-08-11,33.22,True
VSCMX,Vista Oil & Gas Argentina S.A.U.,33515950899,Energía - Petróleo y Gas,ARS,2,0.0,0.0,0.0,0.0,,,1.8508,2028-08-11,33.22,True
VSCPC,Vista Oil & Gas Argentina S.A.U.,33515950899,Energía - Petróleo y Gas,EXT,1,0.0,0.0,105.5,0.0,,,2.5763,2029-05-03,33.22,True
VSCPX,Vista Oil & Gas Argentina S.A.U.,33515950899,Energía - Petróleo y Gas,ARS,1,0.0,0.0,0.0,0.0,,,2.5763,2029-05-03,33.22,True
VSCPX,Vista Oil & Gas Argentina S.A.U.,33515950899,Energía - Petróleo y Gas,ARS,2,0.0,0.0,0.0,0.0,,,2.5763,2029-05-03,33.22,True
VSCPY,Vista Oil & Gas Argentina S.A.U.,33515950899,Energía - Petróleo y Gas,USD,1,0.0,0.0,0.0,0.0,,,2.5763,2029-05-03,33.22,True
VSCPY,Vista Oil & Gas Argentina S.A.U.,33515950899,Energía - Petróleo y Gas,USD,2,0.0,0.0,0.0,0.0,,,2.5763,2029-05-03,33.22,True
VSCPZ,Vista Oil & Gas Argentina S.A.U.,33515950899,Energía - Petróleo y Gas,EXT,1,0.0,0.0,0.0,0.0,,,2.5763,2029-05-03,33.22,True
VSCQC,Vista Oil & Gas Argentina S.A.U.,33515950899,Energía - Petróleo y Gas,EXT,1,0.0,0.0,0.0,0.0,,,1.7577,2028-07-08,33.22,True
VSCQC,Vista Oil & Gas Argentina S.A.U.,33515950899,Energía - Petróleo y Gas,EXT,2,0.0,0.0,0.0,0.0,,,1.7577,2028-07-08,33.22,True
VSCQD,Vista Oil & Gas Argentina S.A.U.,33515950899,Energía - Petróleo y Gas,USD,1,0.0,98.15,0.0,0.0,,,1.7577,2028-07-08,33.22,True
VSCQO,Vista Oil & Gas Argentina S.A.U.,33515950899,Energía - Petróleo y Gas,ARS,1,0.0,138980.0,0.0,0.0,,,1.7577,2028-07-08,33.22,True
VSCQX,Vista Oil & Gas Argentina S.A.U.,33515950899,Energía - Petróleo y Gas,ARS,2,0.0,0.0,0.0,0.0,,,1.7577,2028-07-08,33.22,True
VSCQZ,Vista Oil & Gas Argentina S.A.U.,33515950899,Energía - Petróleo y Gas,EXT,1,0.0,0.0,0.0,0.0,,,1.7577,2028-07-08,33.22,True
VSCQZ,Vista Oil & Gas Argentina S.A.U.,33515950899,Energía - Petróleo y Gas,EXT,2,0.0,0.0,0.0,0.0,,,1.7577,2028-07-08,33.22,True
VSCRC,Vista Oil & Gas Argentina S.A.U.,33515950899,Energía - Petróleo y Gas,EXT,1,0.0,0.0,0.0,0.0,,,5.013,2031-10-10,33.22,True
VSCRX,Vista Oil & Gas Argentina S.A.U.,33515950899,Energía - Petróleo y Gas,ARS,1,0.0,0.0,0.0,0.0,,,5.013,2031-10-10,33.22,True
VSCTC,Vista Oil & Gas Argentina S.A.U.,33515950899,Energía - Petróleo y Gas,EXT,1,0.0,0.0,0.0,0.0,,,9.18,2035-12-10,33.22,True
VSCTC,Vista Oil & Gas Argentina S.A.U.,33515950899,Energía - Petróleo y Gas,EXT,2,0.0,0.0,0.0,0.0,,,9.18,2035-12-10,33.22,True
VSCTX,Vista Oil & Gas Argentina S.A.U.,33515950899,Energía - Petróleo y Gas,ARS,1,0.0,0.0,0.0,0.0,,,9.18,2035-12-10,33.22,True
VSCTX,Vista Oil & Gas Argentina S.A.U.,33515950899,Energía - Petróleo y Gas,ARS,2,0.0,0.0,0.0,0.0,,,9.18,2035-12-10,33.22,True
VSCTZ,Vista Oil & Gas Argentina S.A.U.,33515950899,Energía - Petróleo y Gas,EXT,1,0.0,0.0,0.0,0.0,,,9.18,2035-12-10,33.22,True
VSCUC,Vista Oil & Gas Argentina S.A.U.,33515950899,Energía - Petróleo y Gas,EXT,1,0.0,0.0,0.0,0.0,,,3.4196,2030-03-07,33.22,True
VSCUX,Vista Oil & Gas Argentina S.A.U.,33515950899,Energía - Petróleo y Gas,ARS,1,0.0,0.0,0.0,0.0,,,3.4196,2030-03-07,33.22,True
VSCUX,Vista Oil & Gas Argentina S.A.U.,33515950899,Energía - Petróleo y Gas,ARS,2,0.0,0.0,0.0,0.0,,,3.4196,2030-03-07,33.22,True
VSCUY,Vista Oil & Gas Argentina S.A.U.,33515950899,Energía - Petróleo y Gas,USD,1,0.0,0.0,0.0,0.0,,,3.4196,2030-03-07,33.22,True
VSCUY,Vista Oil & Gas Argentina S.A.U.,33515950899,Energía - Petróleo y Gas,USD,2,0.0,0.0,0.0,0.0,,,3.4196,2030-03-07,33.22,True
VSCVX,Vista Oil & Gas Argentina S.A.U.,33515950899,Energía - Petróleo y Gas,ARS,1,0.0,0.0,0.0,0.0,,,6.6804,2033-06-10,33.22,True
VSCVX,Vista Oil & Gas Argentina S.A.U.,33515950899,Energía - Petróleo y Gas,ARS,2,0.0,0.0,0.0,0.0,,,6.6804,2033-06-10,33.22,True
VSCVY,Vista Oil & Gas Argentina S.A.U.,33515950899,Energía - Petróleo y Gas,USD,1,0.0,0.0,0.0,0.0,,,6.6804,2033-06-10,33.22,True
VSCVY,Vista Oil & Gas Argentina S.A.U.,33515950899,Energía - Petróleo y Gas,USD,2,0.0,0.0,0.0,0.0,,,6.6804,2033-06-10,33.22,True
VSCVZ,Vista Oil & Gas Argentina S.A.U.,33515950899,Energía - Petróleo y Gas,EXT,1,0.0,0.0,0.0,0.0,,,6.6804,2033-06-10,33.22,True
VSCVZ,Vista Oil & Gas Argentina S.A.U.,33515950899,Energía - Petróleo y Gas,EXT,2,0.0,0.0,0.0,0.0,,,6.6804,2033-06-10,33.22,True
VSCXX,Vista Oil & Gas Argentina S.A.U.,33515950899,Energía - Petróleo y Gas,ARS,1,0.0,0.0,0.0,0.0,,,11.5072,2038-04-08,33.22,True
VSCXZ,Vista Oil & Gas Argentina S.A.U.,33515950899,Energía - Petróleo y Gas,EXT,1,0.0,0.0,0.0,0.0,,,11.5072,2038-04-08,33.22,True
VSCXZ,Vista Oil & Gas Argentina S.A.U.,33515950899,Energía - Petróleo y Gas,EXT,2,0.0,0.0,0.0,0.0,,,11.5072,2038-04-08,33.22,True
VSCYO,Vista Oil & Gas Argentina S.A.U.,33515950899,Energía - Petróleo y Gas,ARS,1,0.0,154650.0,0.0,0.0,,,1.2813,2028-01-16,33.22,True
VSCYX,Vista Oil & Gas Argentina S.A.U.,33515950899,Energía - Petróleo y Gas,ARS,1,0.0,0.0,0.0,0.0,,,1.2813,2028-01-16,33.22,True
VSCYX,Vista Oil & Gas Argentina S.A.U.,33515950899,Energía - Petróleo y Gas,ARS,2,0.0,0.0,0.0,0.0,,,1.2813,2028-01-16,33.22,True
VSCYY,Vista Oil & Gas Argentina S.A.U.,33515950899,Energía - Petróleo y Gas,USD,1,0.0,0.0,0.0,0.0,,,1.2813,2028-01-16,33.22,True
VSCYY,Vista Oil & Gas Argentina S.A.U.,33515950899,Energía - Petróleo y Gas,USD,2,0.0,0.0,0.0,0.0,,,1.2813,2028-01-16,33.22,True
VSCYZ,Vista Oil & Gas Argentina S.A.U.,33515950899,Energía - Petróleo y Gas,EXT,1,0.0,0.0,0.0,0.0,,,1.2813,2028-01-16,33.22,True
VSCYZ,Vista Oil & Gas Argentina S.A.U.,33515950899,Energía - Petróleo y Gas,EXT,2,0.0,0.0,0.0,0.0,,,1.2813,2028-01-16,33.22,True
VWCDO,VOLKSWAGEN FINANCIAL SERVICES COMPAÑIA FINANCIERA SA,30682419578,,ARS,2,0.0,0.0,0.0,0.0,,,0.1834,2026-12-11,33.22,True
VWCDX,VOLKSWAGEN FINANCIAL SERVICES COMPAÑIA FINANCIERA SA,30682419578,,ARS,1,0.0,0.0,0.0,0.0,,,0.1834,2026-12-11,33.22,True
VWCDX,VOLKSWAGEN FINANCIAL SERVICES COMPAÑIA FINANCIERA SA,30682419578,,ARS,2,0.0,0.0,0.0,0.0,,,0.1834,2026-12-11,33.22,True
VWCFO,Volkswagen Financial Services Cía. Financiera S.A.,30682419578,Financiero - Crédito Automotriz,ARS,2,0.0,0.0,0.0,0.0,,,1.1828,2027-12-11,33.22,True
VWCFX,Volkswagen Financial Services Cía. Financiera S.A.,30682419578,Financiero - Crédito Automotriz,ARS,2,0.0,0.0,0.0,0.0,,,1.1828,2027-12-11,33.22,True
VWCGX,Volkswagen Financial Services Cía. Financiera S.A.,30682419578,Financiero - Crédito Automotriz,ARS,2,0.0,0.0,0.0,0.0,,,0.7009,2027-06-18,33.22,True
WBS3C,BANCO MARIVA S.A.,30516420444,,EXT,2,0.0,0.0,0.0,0.0,,,0.7502,2027-07-06,33.22,True
WBS3D,BANCO MARIVA S.A.,30516420444,,USD,1,0.0,98.0,0.0,0.0,,,0.7502,2027-07-06,33.22,True
WBS3O,BANCO MARIVA S.A.,30516420444,,ARS,1,0.0,0.0,0.0,0.0,,,0.7502,2027-07-06,33.22,True
WBS3O,BANCO MARIVA S.A.,30516420444,,ARS,2,0.0,0.0,159600.0,0.0,,,0.7502,2027-07-06,33.22,True
WBS3X,BANCO MARIVA S.A.,30516420444,,ARS,1,0.0,0.0,0.0,0.0,,,0.7502,2027-07-06,33.22,True
WBS3Y,BANCO MARIVA S.A.,30516420444,,USD,1,0.0,0.0,0.0,0.0,,,0.7502,2027-07-06,33.22,True
WBS3Z,BANCO MARIVA S.A.,30516420444,,EXT,1,0.0,0.0,0.0,0.0,,,0.7502,2027-07-06,33.22,True
WNCOX,[WNC],,Sin mapear,ARS,1,0.0,0.0,0.0,0.0,,,0.5996,2027-05-12,33.22,False
WNCOX,[WNC],,Sin mapear,ARS,2,0.0,0.0,0.0,0.0,,,0.5996,2027-05-12,33.22,False
XMC1O,Minera Exar S.A.,30709667587,Minería - Litio,ARS,1,0.0,0.0,0.0,0.0,,,1.1006,2027-11-11,33.22,True
XMC1Y,Minera Exar S.A.,30709667587,Minería - Litio,USD,2,0.0,0.0,0.0,0.0,,,1.1006,2027-11-11,33.22,True
YCAMC,[YCA],,Sin mapear,EXT,1,0.0,0.0,0.0,0.0,,,0.7912,2027-07-21,33.22,False
YCAMC,[YCA],,Sin mapear,EXT,2,0.0,0.0,104.1,0.0,,,0.7912,2027-07-21,33.22,False
YCAMD,[YCA],,Sin mapear,USD,1,0.0,0.0,0.0,0.0,,,0.7912,2027-07-21,33.22,False
YCAMO,[YCA],,Sin mapear,ARS,1,0.0,154000.0,0.0,0.0,,,0.7912,2027-07-21,33.22,False
YCAMO,[YCA],,Sin mapear,ARS,2,0.0,158010.0,0.0,0.0,,,0.7912,2027-07-21,33.22,False
YCAMX,[YCA],,Sin mapear,ARS,1,0.0,0.0,0.0,0.0,,,0.7912,2027-07-21,33.22,False
YCAMX,[YCA],,Sin mapear,ARS,2,0.0,0.0,0.0,0.0,,,0.7912,2027-07-21,33.22,False
YCAMY,[YCA],,Sin mapear,USD,1,0.0,0.0,0.0,0.0,,,0.7912,2027-07-21,33.22,False
YCAMY,[YCA],,Sin mapear,USD,2,0.0,0.0,0.0,0.0,,,0.7912,2027-07-21,33.22,False
YCAMZ,[YCA],,Sin mapear,EXT,1,0.0,0.0,0.0,0.0,,,0.7912,2027-07-21,33.22,False
YCAMZ,[YCA],,Sin mapear,EXT,2,0.0,0.0,0.0,0.0,,,0.7912,2027-07-21,33.22,False
YFCAX,YPF Energía Eléctrica S.A.,30714128309,Energía - Electricidad,ARS,1,0.0,0.0,0.0,0.0,,,5.3306,2032-02-03,33.22,True
YFCAX,YPF Energía Eléctrica S.A.,30714128309,Energía - Electricidad,ARS,2,0.0,0.0,0.0,0.0,,,5.3306,2032-02-03,33.22,True
YFCFO,YPF ENERGIA ELECTRICA S.A.,30714128309,,ARS,2,0.0,75660.0,0.0,0.0,,,0.397,2027-02-27,33.22,True
YFCFX,YPF ENERGIA ELECTRICA S.A.,30714128309,,ARS,2,0.0,0.0,0.0,0.0,,,0.397,2027-02-27,33.22,True
YFCGX,YPF Energía Eléctrica S.A.,30714128309,Energía - Electricidad,ARS,2,0.0,0.0,0.0,0.0,,,0.397,2027-02-27,33.22,True
YFCIC,YPF Energía Eléctrica S.A.,30714128309,Energía - Electricidad,EXT,2,0.0,0.0,0.0,0.0,,,0.6872,2027-06-13,33.22,True
YFCJC,YPF Energía Eléctrica S.A.,30714128309,Energía - Electricidad,EXT,1,0.0,0.0,0.0,0.0,,,6.0315,2032-10-16,33.22,True
YFCJX,YPF Energía Eléctrica S.A.,30714128309,Energía - Electricidad,ARS,2,0.0,0.0,0.0,0.0,,,6.0315,2032-10-16,33.22,True
YFCJY,YPF Energía Eléctrica S.A.,30714128309,Energía - Electricidad,USD,2,0.0,0.0,0.0,0.0,,,6.0315,2032-10-16,33.22,True
YFCJZ,YPF Energía Eléctrica S.A.,30714128309,Energía - Electricidad,EXT,1,0.0,0.0,0.0,0.0,,,6.0315,2032-10-16,33.22,True
YFCKD,YPF Energía Eléctrica S.A.,30714128309,Energía - Electricidad,USD,1,0.0,101.7,0.0,0.0,,,0.1287,2026-11-21,33.22,True
YFCKO,YPF Energía Eléctrica S.A.,30714128309,Energía - Electricidad,ARS,1,0.0,153640.0,0.0,0.0,,,0.1287,2026-11-21,33.22,True
YFCKX,YPF Energía Eléctrica S.A.,30714128309,Energía - Electricidad,ARS,2,0.0,0.0,0.0,0.0,,,0.1287,2026-11-21,33.22,True
YFCMC,YPF Energía Eléctrica S.A.,30714128309,Energía - Electricidad,EXT,1,0.0,0.0,0.0,0.0,,,0.6215,2027-05-20,33.22,True
YFCMC,YPF Energía Eléctrica S.A.,30714128309,Energía - Electricidad,EXT,2,0.0,0.0,0.0,0.0,,,0.6215,2027-05-20,33.22,True
YFCMO,YPF Energía Eléctrica S.A.,30714128309,Energía - Electricidad,ARS,1,0.0,0.0,0.0,0.0,,,0.6215,2027-05-20,33.22,True
YFCMY,YPF Energía Eléctrica S.A.,30714128309,Energía - Electricidad,USD,2,0.0,0.0,0.0,0.0,,,0.6215,2027-05-20,33.22,True
YFCOC,YPF Energía Eléctrica S.A.,30714128309,Energía - Electricidad,EXT,1,0.0,0.0,0.0,0.0,,,2.1958,2028-12-15,33.22,True
YFCOC,YPF Energía Eléctrica S.A.,30714128309,Energía - Electricidad,EXT,2,0.0,0.0,0.0,0.0,,,2.1958,2028-12-15,33.22,True
YFCOD,YPF Energía Eléctrica S.A.,30714128309,Energía - Electricidad,USD,1,0.0,0.0,0.0,0.0,,,2.1958,2028-12-15,33.22,True
YFCOO,YPF Energía Eléctrica S.A.,30714128309,Energía - Electricidad,ARS,1,0.0,0.0,0.0,0.0,,,2.1958,2028-12-15,33.22,True
YFCOY,YPF Energía Eléctrica S.A.,30714128309,Energía - Electricidad,USD,2,0.0,0.0,0.0,0.0,,,2.1958,2028-12-15,33.22,True
YM34X,YPF S.A.,30546689979,Energía - Petróleo y Gas,ARS,1,0.0,0.0,0.0,0.0,,,7.2854,2034-01-17,33.22,True
YM34X,YPF S.A.,30546689979,Energía - Petróleo y Gas,ARS,2,0.0,0.0,0.0,0.0,,,7.2854,2034-01-17,33.22,True
YM34Y,YPF S.A.,30546689979,Energía - Petróleo y Gas,USD,1,0.0,0.0,0.0,0.0,,,7.2854,2034-01-17,33.22,True
YM34Y,YPF S.A.,30546689979,Energía - Petróleo y Gas,USD,2,0.0,0.0,0.0,0.0,,,7.2854,2034-01-17,33.22,True
YM34Z,YPF S.A.,30546689979,Energía - Petróleo y Gas,EXT,1,0.0,0.0,0.0,0.0,,,7.2854,2034-01-17,33.22,True
YM34Z,YPF S.A.,30546689979,Energía - Petróleo y Gas,EXT,2,0.0,0.0,0.0,0.0,,,7.2854,2034-01-17,33.22,True
YM37C,YPF S.A.,30546689979,Energía - Petróleo y Gas,EXT,1,0.0,0.0,0.0,0.0,,,0.5859,2027-05-07,33.22,True
YM37C,YPF S.A.,30546689979,Energía - Petróleo y Gas,EXT,2,0.0,0.0,104.0,0.0,,,0.5859,2027-05-07,33.22,True
YM37X,YPF S.A.,30546689979,Energía - Petróleo y Gas,ARS,2,0.0,0.0,0.0,0.0,,,0.5859,2027-05-07,33.22,True
YM37Y,YPF S.A.,30546689979,Energía - Petróleo y Gas,USD,2,0.0,0.0,0.0,0.0,,,0.5859,2027-05-07,33.22,True
YM38C,YPF S.A.,30546689979,Energía - Petróleo y Gas,EXT,1,0.0,0.0,0.0,0.0,,,0.794,2027-07-22,33.22,True
YM38X,YPF S.A.,30546689979,Energía - Petróleo y Gas,ARS,1,0.0,0.0,0.0,0.0,,,0.794,2027-07-22,33.22,True
YM38X,YPF S.A.,30546689979,Energía - Petróleo y Gas,ARS,2,0.0,0.0,0.0,0.0,,,0.794,2027-07-22,33.22,True
YM38Y,YPF S.A.,30546689979,Energía - Petróleo y Gas,USD,1,0.0,0.0,0.0,0.0,,,0.794,2027-07-22,33.22,True
YM38Y,YPF S.A.,30546689979,Energía - Petróleo y Gas,USD,2,0.0,0.0,0.0,0.0,,,0.794,2027-07-22,33.22,True
YM39C,YPF S.A.,30546689979,Energía - Petróleo y Gas,EXT,1,0.0,0.0,107.25,0.0,,,3.7947,2030-07-22,33.22,True
YM39X,YPF S.A.,30546689979,Energía - Petróleo y Gas,ARS,1,0.0,0.0,0.0,0.0,,,3.7947,2030-07-22,33.22,True
YM39X,YPF S.A.,30546689979,Energía - Petróleo y Gas,ARS,2,0.0,0.0,0.0,0.0,,,3.7947,2030-07-22,33.22,True
YM39Y,YPF S.A.,30546689979,Energía - Petróleo y Gas,USD,1,0.0,0.0,0.0,0.0,,,3.7947,2030-07-22,33.22,True
YM39Y,YPF S.A.,30546689979,Energía - Petróleo y Gas,USD,2,0.0,0.0,0.0,0.0,,,3.7947,2030-07-22,33.22,True
YM40C,YPF S.A.,30546689979,Energía - Petróleo y Gas,EXT,1,0.0,0.0,0.0,0.0,,,1.8973,2028-08-28,33.22,True
YM40X,YPF S.A.,30546689979,Energía - Petróleo y Gas,ARS,1,0.0,0.0,0.0,0.0,,,1.8973,2028-08-28,33.22,True
YM40Y,YPF S.A.,30546689979,Energía - Petróleo y Gas,USD,1,0.0,0.0,0.0,0.0,,,1.8973,2028-08-28,33.22,True
YM40Y,YPF S.A.,30546689979,Energía - Petróleo y Gas,USD,2,0.0,0.0,0.0,0.0,,,1.8973,2028-08-28,33.22,True
YM41C,YPF S.A.,30546689979,Energía - Petróleo y Gas,EXT,2,0.0,0.0,0.0,0.0,,,0.2601,2027-01-08,33.22,True
YM41X,YPF S.A.,30546689979,Energía - Petróleo y Gas,ARS,1,0.0,0.0,0.0,0.0,,,0.2601,2027-01-08,33.22,True
YM41Y,YPF S.A.,30546689979,Energía - Petróleo y Gas,USD,1,0.0,0.0,0.0,0.0,,,0.2601,2027-01-08,33.22,True
YM41Y,YPF S.A.,30546689979,Energía - Petróleo y Gas,USD,2,0.0,0.0,0.0,0.0,,,0.2601,2027-01-08,33.22,True
YM42C,YPF S.A.,30546689979,Energía - Petróleo y Gas,EXT,1,0.0,0.0,0.0,0.0,,,2.4066,2029-03-02,33.22,True
YM42X,YPF S.A.,30546689979,Energía - Petróleo y Gas,ARS,1,0.0,0.0,0.0,0.0,,,2.4066,2029-03-02,33.22,True
YM42X,YPF S.A.,30546689979,Energía - Petróleo y Gas,ARS,2,0.0,0.0,0.0,0.0,,,2.4066,2029-03-02,33.22,True
YM42Y,YPF S.A.,30546689979,Energía - Petróleo y Gas,USD,1,0.0,0.0,0.0,0.0,,,2.4066,2029-03-02,33.22,True
YM42Y,YPF S.A.,30546689979,Energía - Petróleo y Gas,USD,2,0.0,0.0,0.0,0.0,,,2.4066,2029-03-02,33.22,True
YM43X,YPF S.A.,30546689979,Energía - Petróleo y Gas,ARS,2,0.0,0.0,0.0,0.0,,,3.5236,2030-04-14,33.22,True
YM43Y,YPF S.A.,30546689979,Energía - Petróleo y Gas,USD,1,0.0,0.0,0.0,0.0,,,3.5236,2030-04-14,33.22,True
YM43Y,YPF S.A.,30546689979,Energía - Petróleo y Gas,USD,2,0.0,0.0,0.0,0.0,,,3.5236,2030-04-14,33.22,True
YM43Z,YPF S.A.,30546689979,Energía - Petróleo y Gas,EXT,2,0.0,0.0,0.0,0.0,,,3.5236,2030-04-14,33.22,True
YM44C,YPF S.A.,30546689979,Energía - Petróleo y Gas,EXT,1,0.0,90.0,0.0,0.0,,,8.7009,2035-06-18,33.22,True
YM44Z,YPF S.A.,30546689979,Energía - Petróleo y Gas,EXT,1,0.0,0.0,0.0,0.0,,,8.7009,2035-06-18,33.22,True
YMC1C,YPF S.A.,30546689979,Energía - Petróleo y Gas,EXT,2,0.0,0.0,0.0,0.0,,,2.7269,2029-06-27,33.22,True
YMC1D,YPF S.A.,30546689979,Energía - Petróleo y Gas,USD,1,0.0,0.0,0.0,0.0,,,2.7269,2029-06-27,33.22,True
YMC1D,YPF S.A.,30546689979,Energía - Petróleo y Gas,USD,2,0.0,0.0,0.0,0.0,,,2.7269,2029-06-27,33.22,True
YMC1O,YPF S.A.,30546689979,Energía - Petróleo y Gas,ARS,1,0.0,0.0,0.0,0.0,,,2.7269,2029-06-27,33.22,True
YMC1O,YPF S.A.,30546689979,Energía - Petróleo y Gas,ARS,2,0.0,0.0,0.0,0.0,,,2.7269,2029-06-27,33.22,True
YMC1X,YPF S.A.,30546689979,Energía - Petróleo y Gas,ARS,1,0.0,0.0,0.0,0.0,,,2.7269,2029-06-27,33.22,True
YMC1X,YPF S.A.,30546689979,Energía - Petróleo y Gas,ARS,2,0.0,0.0,0.0,0.0,,,2.7269,2029-06-27,33.22,True
YMCIC,YPF S.A.,30546689979,Energía - Petróleo y Gas,EXT,1,0.0,0.0,0.0,0.0,,,2.7406,2029-07-02,33.22,True
YMCIX,YPF S.A.,30546689979,Energía - Petróleo y Gas,ARS,1,0.0,0.0,0.0,0.0,,,2.7406,2029-07-02,33.22,True
YMCIX,YPF S.A.,30546689979,Energía - Petróleo y Gas,ARS,2,0.0,0.0,0.0,0.0,,,2.7406,2029-07-02,33.22,True
YMCIY,YPF S.A.,30546689979,Energía - Petróleo y Gas,USD,1,0.0,0.0,0.0,0.0,,,2.7406,2029-07-02,33.22,True
YMCIY,YPF S.A.,30546689979,Energía - Petróleo y Gas,USD,2,0.0,0.0,0.0,0.0,,,2.7406,2029-07-02,33.22,True
YMCIZ,YPF S.A.,30546689979,Energía - Petróleo y Gas,EXT,1,0.0,0.0,0.0,0.0,,,2.7406,2029-07-02,33.22,True
YMCIZ,YPF S.A.,30546689979,Energía - Petróleo y Gas,EXT,2,0.0,0.0,0.0,0.0,,,2.7406,2029-07-02,33.22,True
YMCJX,YPF S.A.,30546689979,Energía - Petróleo y Gas,ARS,1,0.0,0.0,0.0,0.0,,,6.987,2033-09-30,33.22,True
YMCJX,YPF S.A.,30546689979,Energía - Petróleo y Gas,ARS,2,0.0,0.0,0.0,0.0,,,6.987,2033-09-30,33.22,True
YMCJZ,YPF S.A.,30546689979,Energía - Petróleo y Gas,EXT,1,0.0,0.0,0.0,0.0,,,6.987,2033-09-30,33.22,True
YMCJZ,YPF S.A.,30546689979,Energía - Petróleo y Gas,EXT,2,0.0,0.0,0.0,0.0,,,6.987,2033-09-30,33.22,True
YMCPO,YPF S.A.,30546689979,Energía - Petróleo y Gas,ARS,1,0.0,0.0,0.0,0.0,,,0.553,2027-04-25,33.22,True
YMCPO,YPF S.A.,30546689979,Energía - Petróleo y Gas,ARS,2,0.0,78600.0,0.0,0.0,,,0.553,2027-04-25,33.22,True
YMCPX,YPF S.A.,30546689979,Energía - Petróleo y Gas,ARS,1,0.0,0.0,0.0,0.0,,,0.553,2027-04-25,33.22,True
YMCPX,YPF S.A.,30546689979,Energía - Petróleo y Gas,ARS,2,0.0,0.0,0.0,0.0,,,0.553,2027-04-25,33.22,True
YMCRD,YPF S.A.,30546689979,Energía - Petróleo y Gas,USD,2,0.0,96.0,0.0,0.0,,,1.9384,2028-09-12,33.22,True
YMCRX,YPF S.A.,30546689979,Energía - Petróleo y Gas,ARS,2,0.0,0.0,0.0,0.0,,,1.9384,2028-09-12,33.22,True
YMCTD,YPF S.A.,30546689979,,USD,1,0.0,0.0,0.0,0.0,,,0.0137,2026-10-10,33.22,True
YMCTD,YPF S.A.,30546689979,,USD,2,0.0,0.0,104.0,0.0,,,0.0137,2026-10-10,33.22,True
YMCTO,YPF S.A.,30546689979,,ARS,1,0.0,0.0,0.0,0.0,,,0.0137,2026-10-10,33.22,True
YMCTX,YPF S.A.,30546689979,,ARS,1,0.0,0.0,0.0,0.0,,,0.0137,2026-10-10,33.22,True
YMCTX,YPF S.A.,30546689979,,ARS,2,0.0,0.0,0.0,0.0,,,0.0137,2026-10-10,33.22,True
YMCTZ,YPF S.A.,30546689979,,EXT,2,0.0,0.0,0.0,0.0,,,0.0137,2026-10-10,33.22,True
YMCXX,YPF S.A.,30546689979,Energía - Petróleo y Gas,ARS,1,0.0,0.0,0.0,0.0,,,4.9336,2031-09-11,33.22,True
YMCXX,YPF S.A.,30546689979,Energía - Petróleo y Gas,ARS,2,0.0,0.0,0.0,0.0,,,4.9336,2031-09-11,33.22,True
YMCXY,YPF S.A.,30546689979,Energía - Petróleo y Gas,USD,1,0.0,0.0,0.0,0.0,,,4.9336,2031-09-11,33.22,True
YMCXY,YPF S.A.,30546689979,Energía - Petróleo y Gas,USD,2,0.0,0.0,0.0,0.0,,,4.9336,2031-09-11,33.22,True
YMCXZ,YPF S.A.,30546689979,Energía - Petróleo y Gas,EXT,1,0.0,0.0,0.0,0.0,,,4.9336,2031-09-11,33.22,True
YMCXZ,YPF S.A.,30546689979,Energía - Petróleo y Gas,EXT,2,0.0,0.0,0.0,0.0,,,4.9336,2031-09-11,33.22,True
YMCYX,YPF S.A.,30546689979,Energía - Petróleo y Gas,ARS,1,0.0,0.0,0.0,0.0,,,2.0151,2028-10-10,33.22,True
YMCYX,YPF S.A.,30546689979,Energía - Petróleo y Gas,ARS,2,0.0,0.0,0.0,0.0,,,2.0151,2028-10-10,33.22,True
YMCYY,YPF S.A.,30546689979,Energía - Petróleo y Gas,USD,1,0.0,0.0,0.0,0.0,,,2.0151,2028-10-10,33.22,True
YMCYY,YPF S.A.,30546689979,Energía - Petróleo y Gas,USD,2,0.0,0.0,0.0,0.0,,,2.0151,2028-10-10,33.22,True
YMCZC,YPF S.A.,30546689979,Energía - Petróleo y Gas,EXT,1,0.0,0.0,0.0,0.0,,,2.0151,2028-10-10,33.22,True
YMCZD,YPF S.A.,30546689979,Energía - Petróleo y Gas,USD,1,0.0,102.55,0.0,0.0,,,2.0151,2028-10-10,33.22,True
YMCZO,YPF S.A.,30546689979,Energía - Petróleo y Gas,ARS,1,0.0,0.0,0.0,0.0,,,2.0151,2028-10-10,33.22,True
YMCZX,YPF S.A.,30546689979,Energía - Petróleo y Gas,ARS,2,0.0,0.0,0.0,0.0,,,2.0151,2028-10-10,33.22,True
YMCZY,YPF S.A.,30546689979,Energía - Petróleo y Gas,USD,2,0.0,0.0,0.0,0.0,,,2.0151,2028-10-10,33.22,True
YPC4O,[YPC],,Sin mapear,ARS,1,0.0,0.0,0.0,0.0,,,2.078,2028-11-02,33.22,False
YPC4O,[YPC],,Sin mapear,ARS,2,0.0,0.0,0.0,0.0,,,2.078,2028-11-02,33.22,False
YSS2L,C&C MEDICAL S S.A.,30707174702,,ARS,2,0.0,0.0,0.0,0.0,,,1.5305,2028-04-16,33.22,True
ZF3BP,Zafra S.A.,30592486268,Agro,ARS,2,0.0,0.0,0.0,0.0,,,0.783,2027-07-18,33.22,True
ZPC1D,PLAZA LOGISTICA S.R.L.,30655942382,,USD,1,0.0,0.0,0.0,0.0,,,0.1588,2026-12-02,33.22,True
ZPC1O,PLAZA LOGISTICA S.R.L.,30655942382,,ARS,1,0.0,99.05,0.0,0.0,,,0.1588,2026-12-02,33.22,True
ZPC2C,PLAZA LOGISTICA S.R.L.,30655942382,,EXT,1,0.0,0.0,0.0,0.0,,,0.6571,2027-06-02,33.22,True
ZPC2D,PLAZA LOGISTICA S.R.L.,30655942382,,USD,1,0.0,0.0,0.0,0.0,,,0.6571,2027-06-02,33.22,True
ZPC2O,PLAZA LOGISTICA S.R.L.,30655942382,,ARS,1,0.0,0.0,0.0,0.0,,,0.6571,2027-06-02,33.22,True
ZPC3C,PLAZA LOGISTICA S.R.L.,30655942382,,EXT,2,0.0,0.0,0.0,0.0,,,0.9117,2027-09-03,33.22,True
ZPC3D,PLAZA LOGISTICA S.R.L.,30655942382,,USD,1,0.0,0.0,108.0,0.0,,,0.9117,2027-09-03,33.22,True
ZPC3O,PLAZA LOGISTICA S.R.L.,30655942382,,ARS,1,0.0,0.0,0.0,0.0,,,0.9117,2027-09-03,33.22,True
ZPC3X,PLAZA LOGISTICA S.R.L.,30655942382,,ARS,1,0.0,0.0,0.0,0.0,,,0.9117,2027-09-03,33.22,True
ZPC3X,PLAZA LOGISTICA S.R.L.,30655942382,,ARS,2,0.0,0.0,0.0,0.0,,,0.9117,2027-09-03,33.22,True
ZPC3Y,PLAZA LOGISTICA S.R.L.,30655942382,,USD,1,0.0,0.0,0.0,0.0,,,0.9117,2027-09-03,33.22,True
ZPC3Y,PLAZA LOGISTICA S.R.L.,30655942382,,USD,2,0.0,0.0,0.0,0.0,,,0.9117,2027-09-03,33.22,True
ZPC3Z,PLAZA LOGISTICA S.R.L.,30655942382,,EXT,1,0.0,0.0,0.0,0.0,,,0.9117,2027-09-03,33.22,True
ZPC3Z,PLAZA LOGISTICA S.R.L.,30655942382,,EXT,2,0.0,0.0,0.0,0.0,,,0.9117,2027-09-03,33.22,True
ZPC4O,PLAZA LOGISTICA S.R.L.,30655942382,,ARS,2,0.0,0.0,0.0,0.0,,,2.412,2029-03-04,33.22,True
ZPC5D,PLAZA LOGISTICA S.R.L.,30655942382,,USD,1,0.0,0.0,102.5,0.0,,,2.7242,2029-06-26,33.22,True
ZPC5O,PLAZA LOGISTICA S.R.L.,30655942382,,ARS,1,0.0,0.0,0.0,0.0,,,2.7242,2029-06-26,33.22,True
ZZC1C,[ZZC],,Sin mapear,EXT,1,0.0,0.0,0.0,0.0,,,0.3806,2027-02-21,33.22,False
